-- JLRS Data Seed File
-- Generated for Railway migration

BEGIN;

ALTER TABLE system_configuration DISABLE TRIGGER ALL;
-- Data for system_configuration (41 rows)
INSERT INTO system_configuration ("key", "value", "description", "updated_by", "updated_at") VALUES ('k_base_provisional', '50', 'K-factor for players with <30 rated matches', NULL, '2026-04-25 19:37:07.995255+05:30') ON CONFLICT DO NOTHING;
INSERT INTO system_configuration ("key", "value", "description", "updated_by", "updated_at") VALUES ('k_base_intermediate', '32', 'K-factor for players with 30–99 rated matches', NULL, '2026-04-25 19:37:07.995255+05:30') ON CONFLICT DO NOTHING;
INSERT INTO system_configuration ("key", "value", "description", "updated_by", "updated_at") VALUES ('k_base_established', '20', 'K-factor for players with ≥100 rated matches', NULL, '2026-04-25 19:37:07.995255+05:30') ON CONFLICT DO NOTHING;
INSERT INTO system_configuration ("key", "value", "description", "updated_by", "updated_at") VALUES ('k_max', '60', 'Hard cap on effective K-factor', NULL, '2026-04-25 19:37:07.995255+05:30') ON CONFLICT DO NOTHING;
INSERT INTO system_configuration ("key", "value", "description", "updated_by", "updated_at") VALUES ('w_league', '1.0', 'Match weight for LEAGUE event type', NULL, '2026-04-25 19:37:07.995255+05:30') ON CONFLICT DO NOTHING;
INSERT INTO system_configuration ("key", "value", "description", "updated_by", "updated_at") VALUES ('w_tournament', '1.2', 'Match weight for TOURNAMENT_EXTERNAL / TOURNAMENT_MANAGED', NULL, '2026-04-25 19:37:07.995255+05:30') ON CONFLICT DO NOTHING;
INSERT INTO system_configuration ("key", "value", "description", "updated_by", "updated_at") VALUES ('w_friendly', '0.5', 'Match weight for FRIENDLY event type', NULL, '2026-04-25 19:37:07.995255+05:30') ON CONFLICT DO NOTHING;
INSERT INTO system_configuration ("key", "value", "description", "updated_by", "updated_at") VALUES ('w_same_academy', '0.8', 'Academy weight when both players share an academy', NULL, '2026-04-25 19:37:07.995255+05:30') ON CONFLICT DO NOTHING;
INSERT INTO system_configuration ("key", "value", "description", "updated_by", "updated_at") VALUES ('w_cross_academy', '1.2', 'Academy weight when players are from different academies', NULL, '2026-04-25 19:37:07.995255+05:30') ON CONFLICT DO NOTHING;
INSERT INTO system_configuration ("key", "value", "description", "updated_by", "updated_at") VALUES ('cr_match_threshold', '30', 'Denominator in CR formula: 1 - exp(-n/30)', NULL, '2026-04-25 19:37:07.995255+05:30') ON CONFLICT DO NOTHING;
INSERT INTO system_configuration ("key", "value", "description", "updated_by", "updated_at") VALUES ('provisional_threshold', '15', 'Matches required before a player exits provisional status', NULL, '2026-04-25 19:37:07.995255+05:30') ON CONFLICT DO NOTHING;
INSERT INTO system_configuration ("key", "value", "description", "updated_by", "updated_at") VALUES ('inactivity_weeks', '8', 'Weeks without a match before inactivity decay activates', NULL, '2026-04-25 19:37:07.995255+05:30') ON CONFLICT DO NOTHING;
INSERT INTO system_configuration ("key", "value", "description", "updated_by", "updated_at") VALUES ('rating_gap_threshold', '500', 'Raw rating difference above which a match is ineligible', NULL, '2026-04-25 19:37:07.995255+05:30') ON CONFLICT DO NOTHING;
INSERT INTO system_configuration ("key", "value", "description", "updated_by", "updated_at") VALUES ('diminishing_signal_days', '7', 'Window in days for diminishing signal check', NULL, '2026-04-25 19:37:07.995255+05:30') ON CONFLICT DO NOTHING;
INSERT INTO system_configuration ("key", "value", "description", "updated_by", "updated_at") VALUES ('diminishing_signal_count', '2', 'Pair must play ≥ this many times in window to trigger diminishing signal', NULL, '2026-04-25 19:37:07.995255+05:30') ON CONFLICT DO NOTHING;
INSERT INTO system_configuration ("key", "value", "description", "updated_by", "updated_at") VALUES ('age_bonus_max', '10', 'Maximum age bonus points per match', NULL, '2026-04-25 19:37:07.995255+05:30') ON CONFLICT DO NOTHING;
INSERT INTO system_configuration ("key", "value", "description", "updated_by", "updated_at") VALUES ('tier_beginner_max', '899', 'Upper boundary of BEGINNER tier (inclusive)', NULL, '2026-04-25 19:37:07.995255+05:30') ON CONFLICT DO NOTHING;
INSERT INTO system_configuration ("key", "value", "description", "updated_by", "updated_at") VALUES ('tier_intermediate_max', '1099', 'Upper boundary of INTERMEDIATE tier', NULL, '2026-04-25 19:37:07.995255+05:30') ON CONFLICT DO NOTHING;
INSERT INTO system_configuration ("key", "value", "description", "updated_by", "updated_at") VALUES ('tier_advanced_max', '1299', 'Upper boundary of ADVANCED tier', NULL, '2026-04-25 19:37:07.995255+05:30') ON CONFLICT DO NOTHING;
INSERT INTO system_configuration ("key", "value", "description", "updated_by", "updated_at") VALUES ('tier_elite_max', '1499', 'Upper boundary of ELITE tier', NULL, '2026-04-25 19:37:07.995255+05:30') ON CONFLICT DO NOTHING;
INSERT INTO system_configuration ("key", "value", "description", "updated_by", "updated_at") VALUES ('global_average_rating', '1188.234705882353', 'Mean current_rating across all ACTIVE players; updated nightly by ASI job', NULL, '2026-05-10 17:13:42.860638+05:30') ON CONFLICT DO NOTHING;
INSERT INTO system_configuration ("key", "value", "description", "updated_by", "updated_at") VALUES ('k_base_provisional_threshold', '30', 'Matches threshold: below this → use k_base_provisional', NULL, '2026-05-15 10:45:51.419647+05:30') ON CONFLICT DO NOTHING;
INSERT INTO system_configuration ("key", "value", "description", "updated_by", "updated_at") VALUES ('k_base_intermediate_threshold', '100', 'Matches threshold: below this → use k_base_intermediate', NULL, '2026-05-15 10:45:51.419647+05:30') ON CONFLICT DO NOTHING;
INSERT INTO system_configuration ("key", "value", "description", "updated_by", "updated_at") VALUES ('elo_divisor', '400', 'Divisor in expected score calculation', NULL, '2026-05-15 10:45:51.419647+05:30') ON CONFLICT DO NOTHING;
INSERT INTO system_configuration ("key", "value", "description", "updated_by", "updated_at") VALUES ('age_bonus_multiplier', '2', 'Multiplier for age difference in age bonus calculation', NULL, '2026-05-15 10:45:51.419647+05:30') ON CONFLICT DO NOTHING;
INSERT INTO system_configuration ("key", "value", "description", "updated_by", "updated_at") VALUES ('age_group_u10_max', '10', 'Maximum age for U10 group', NULL, '2026-05-15 10:45:51.419647+05:30') ON CONFLICT DO NOTHING;
INSERT INTO system_configuration ("key", "value", "description", "updated_by", "updated_at") VALUES ('age_group_u13_max', '13', 'Maximum age for U13 group', NULL, '2026-05-15 10:45:51.419647+05:30') ON CONFLICT DO NOTHING;
INSERT INTO system_configuration ("key", "value", "description", "updated_by", "updated_at") VALUES ('age_group_u15_max', '15', 'Maximum age for U15 group', NULL, '2026-05-15 10:45:51.419647+05:30') ON CONFLICT DO NOTHING;
INSERT INTO system_configuration ("key", "value", "description", "updated_by", "updated_at") VALUES ('age_group_u17_max', '17', 'Maximum age for U17 group', NULL, '2026-05-15 10:45:51.419647+05:30') ON CONFLICT DO NOTHING;
INSERT INTO system_configuration ("key", "value", "description", "updated_by", "updated_at") VALUES ('starting_rating_unseeded', '1000', 'Starting rating for UNSEEDED players', NULL, '2026-05-16 15:58:42.896122+05:30') ON CONFLICT DO NOTHING;
INSERT INTO system_configuration ("key", "value", "description", "updated_by", "updated_at") VALUES ('starting_rating_district', '1200', 'Starting rating for DISTRICT-seeded players', NULL, '2026-05-16 15:58:42.896122+05:30') ON CONFLICT DO NOTHING;
INSERT INTO system_configuration ("key", "value", "description", "updated_by", "updated_at") VALUES ('starting_rating_state', '1400', 'Starting rating for STATE-seeded players', NULL, '2026-05-16 15:58:42.896122+05:30') ON CONFLICT DO NOTHING;
INSERT INTO system_configuration ("key", "value", "description", "updated_by", "updated_at") VALUES ('starting_rating_national', '1500', 'Starting rating for NATIONAL-seeded players', NULL, '2026-05-16 15:58:42.896122+05:30') ON CONFLICT DO NOTHING;
INSERT INTO system_configuration ("key", "value", "description", "updated_by", "updated_at") VALUES ('virtual_matches_unseeded', '0', 'Default virtual matches for UNSEEDED players', NULL, '2026-05-16 15:58:42.896122+05:30') ON CONFLICT DO NOTHING;
INSERT INTO system_configuration ("key", "value", "description", "updated_by", "updated_at") VALUES ('virtual_matches_district', '10', 'Default virtual matches for DISTRICT-seeded players', NULL, '2026-05-16 15:58:42.896122+05:30') ON CONFLICT DO NOTHING;
INSERT INTO system_configuration ("key", "value", "description", "updated_by", "updated_at") VALUES ('virtual_matches_state', '20', 'Default virtual matches for STATE-seeded players', NULL, '2026-05-16 15:58:42.896122+05:30') ON CONFLICT DO NOTHING;
INSERT INTO system_configuration ("key", "value", "description", "updated_by", "updated_at") VALUES ('virtual_matches_national', '30', 'Default virtual matches for NATIONAL-seeded players', NULL, '2026-05-16 15:58:42.896122+05:30') ON CONFLICT DO NOTHING;
INSERT INTO system_configuration ("key", "value", "description", "updated_by", "updated_at") VALUES ('asi_qualified_match_count', '15', 'Minimum rated matches for a player to qualify for ASI calculation', NULL, '2026-05-16 15:58:42.896122+05:30') ON CONFLICT DO NOTHING;
INSERT INTO system_configuration ("key", "value", "description", "updated_by", "updated_at") VALUES ('asi_inactivity_days', '56', 'Days of inactivity (8 weeks) before excluding player from ASI calculation', NULL, '2026-05-16 15:58:42.896122+05:30') ON CONFLICT DO NOTHING;
INSERT INTO system_configuration ("key", "value", "description", "updated_by", "updated_at") VALUES ('asi_min_qualifying_players', '5', 'Minimum qualifying players in academy for COMPUTED vs DEFAULTED ASI status', NULL, '2026-05-16 15:58:42.896122+05:30') ON CONFLICT DO NOTHING;
INSERT INTO system_configuration ("key", "value", "description", "updated_by", "updated_at") VALUES ('age_group_u11_max', '11', 'Maximum age for U11 group', NULL, '2026-05-19 09:42:51.227058+05:30') ON CONFLICT DO NOTHING;

ALTER TABLE users DISABLE TRIGGER ALL;
-- Data for users (8 rows)
INSERT INTO users ("user_id", "name", "email", "phone", "role", "academy_id", "is_active", "created_by", "deactivated_by", "deactivated_at", "created_at", "updated_at", "password_hash", "gender") VALUES ('a61e91b0-b1a7-4337-ac98-c15fb7bb8949', 'SysAdmin', 'admin@jlrs.app', NULL, 'ADMIN', NULL, True, NULL, NULL, NULL, '2026-04-26 01:19:48.702805+05:30', '2026-05-09 13:54:41.641754+05:30', '$2b$12$bS6szmbGdDHytL/iK5QKkeKtpz/h2ZiQL74IBJcJsaYIoxujUFuDK', NULL) ON CONFLICT DO NOTHING;
INSERT INTO users ("user_id", "name", "email", "phone", "role", "academy_id", "is_active", "created_by", "deactivated_by", "deactivated_at", "created_at", "updated_at", "password_hash", "gender") VALUES ('1e00ef30-55b9-4625-9562-f3e753e1a1ba', 'Jayesh Lakhani', 'jlakhani@jltta.in', NULL, 'COACH', 'f72a6351-fd4d-401a-be57-1e6b1ad138bf', True, NULL, NULL, NULL, '2026-04-26 01:36:56.644146+05:30', '2026-05-09 13:54:41.641754+05:30', '$2b$12$bS6szmbGdDHytL/iK5QKkeKtpz/h2ZiQL74IBJcJsaYIoxujUFuDK', NULL) ON CONFLICT DO NOTHING;
INSERT INTO users ("user_id", "name", "email", "phone", "role", "academy_id", "is_active", "created_by", "deactivated_by", "deactivated_at", "created_at", "updated_at", "password_hash", "gender") VALUES ('0d1cf807-5c85-4a14-ab9f-16719bf1fdf9', 'Eric Fernandes', 'eric@ymca.in', NULL, 'COACH', 'bfe44f09-576b-4a7e-93ac-aca91a93a03a', True, NULL, NULL, NULL, '2026-05-09 14:26:40.058533+05:30', '2026-05-09 14:26:40.058533+05:30', '$2b$12$bYWPiA97/Ns0xt8H/4zpUuWdk9v3BGmGBltLJ3S4Judi9S67zRHji', 'MALE') ON CONFLICT DO NOTHING;
INSERT INTO users ("user_id", "name", "email", "phone", "role", "academy_id", "is_active", "created_by", "deactivated_by", "deactivated_at", "created_at", "updated_at", "password_hash", "gender") VALUES ('511dab55-0800-4a8c-990c-6a8238777784', 'Test Admin', 'testadmin@jlrs.io', NULL, 'COACH', 'f72a6351-fd4d-401a-be57-1e6b1ad138bf', True, NULL, NULL, NULL, '2026-05-11 10:25:41.555372+05:30', '2026-05-11 10:25:41.555372+05:30', '$2b$12$C24i/hzoETC.ZsVh8Dg72.6Nn.uzvi9qxV.4m2RnmK6l3vyzVD3Zy', NULL) ON CONFLICT DO NOTHING;
INSERT INTO users ("user_id", "name", "email", "phone", "role", "academy_id", "is_active", "created_by", "deactivated_by", "deactivated_at", "created_at", "updated_at", "password_hash", "gender") VALUES ('30b9c2d8-0e06-4f95-939e-d5e94a81f7da', 'Arjun Sharma', 'kanalchintan@gmail.com', NULL, 'PLAYER', NULL, True, NULL, NULL, NULL, '2026-05-17 20:15:52.737536+05:30', '2026-05-17 20:15:52.737536+05:30', '$2b$12$rAZ5vscse38D4ukmD60QzuMHyQLqYjot2FOs96MWLhDbbvOSGLJDq', 'MALE') ON CONFLICT DO NOTHING;
INSERT INTO users ("user_id", "name", "email", "phone", "role", "academy_id", "is_active", "created_by", "deactivated_by", "deactivated_at", "created_at", "updated_at", "password_hash", "gender") VALUES ('117c67ca-a585-4a75-8d1e-40b30f4735ea', 'Ameya Shah', 'ameya@jltta.in', NULL, 'PLAYER', NULL, True, NULL, NULL, NULL, '2026-05-17 20:30:18.463956+05:30', '2026-05-17 20:30:18.463956+05:30', '$2b$12$MOxmxeagIUSVSqJFn0TgB.tFMtSLArMus7hv6BYw5jezN4cZMBfaa', 'MALE') ON CONFLICT DO NOTHING;
INSERT INTO users ("user_id", "name", "email", "phone", "role", "academy_id", "is_active", "created_by", "deactivated_by", "deactivated_at", "created_at", "updated_at", "password_hash", "gender") VALUES ('5213bb49-7e29-4f1b-b881-138dd6b9a3bb', 'Rohit Kumar', 'rohit@jltta.in', NULL, 'PLAYER', 'f72a6351-fd4d-401a-be57-1e6b1ad138bf', True, NULL, NULL, NULL, '2026-05-17 20:40:46.034129+05:30', '2026-05-17 20:40:46.034129+05:30', '$2b$12$jxU6SR8zB5Mpba2siY8YKuta/8fQTWI7xie1WBX5.lQq6Zo7cv1wW', 'MALE') ON CONFLICT DO NOTHING;
INSERT INTO users ("user_id", "name", "email", "phone", "role", "academy_id", "is_active", "created_by", "deactivated_by", "deactivated_at", "created_at", "updated_at", "password_hash", "gender") VALUES ('f77b984c-8864-44eb-b01c-b2768ae425d8', 'Diya Reddy', 'diya@jltta.in', NULL, 'PLAYER', 'bfe44f09-576b-4a7e-93ac-aca91a93a03a', True, NULL, NULL, NULL, '2026-05-23 18:51:41.450171+05:30', '2026-05-23 18:51:41.450171+05:30', '$2b$12$Pdyl6N/ebROH6qF88Uctxevr/uQLnjO5GDxIZVV3fVz6oYnr/2GRO', NULL) ON CONFLICT DO NOTHING;

ALTER TABLE academy DISABLE TRIGGER ALL;
-- Data for academy (2 rows)
INSERT INTO academy ("academy_id", "name", "location", "city", "state", "status", "frozen_since", "min_tables", "created_by", "updated_by", "created_at", "updated_at") VALUES ('f72a6351-fd4d-401a-be57-1e6b1ad138bf', 'JLTTA', 'Juhu', 'Mumbai', 'Maharashtra', 'ACTIVE', NULL, 4, 'a61e91b0-b1a7-4337-ac98-c15fb7bb8949', 'a61e91b0-b1a7-4337-ac98-c15fb7bb8949', '2026-04-26 01:33:57.991065+05:30', '2026-04-26 01:33:57.991065+05:30') ON CONFLICT DO NOTHING;
INSERT INTO academy ("academy_id", "name", "location", "city", "state", "status", "frozen_since", "min_tables", "created_by", "updated_by", "created_at", "updated_at") VALUES ('bfe44f09-576b-4a7e-93ac-aca91a93a03a', 'YMCA', 'Andheri West', 'Mumbai', 'Maharashtra', 'ACTIVE', NULL, 6, 'a61e91b0-b1a7-4337-ac98-c15fb7bb8949', 'a61e91b0-b1a7-4337-ac98-c15fb7bb8949', '2026-05-09 14:05:09.980113+05:30', '2026-05-09 14:05:09.980113+05:30') ON CONFLICT DO NOTHING;

ALTER TABLE academy_asi_history DISABLE TRIGGER ALL;
-- Data for academy_asi_history (6 rows)
INSERT INTO academy_asi_history ("history_id", "academy_id", "asi_value", "qualifying_player_count", "calculation_basis", "global_average_at_calculation", "calculated_at") VALUES ('4c532357-6212-4036-8e65-4f7765a0cf11', 'f72a6351-fd4d-401a-be57-1e6b1ad138bf', NULL, 0, 'DEFAULTED', '1214.29', '2026-05-05 01:29:06.241616+05:30') ON CONFLICT DO NOTHING;
INSERT INTO academy_asi_history ("history_id", "academy_id", "asi_value", "qualifying_player_count", "calculation_basis", "global_average_at_calculation", "calculated_at") VALUES ('4be62484-6eb1-4fe4-9855-219533bce50d', 'f72a6351-fd4d-401a-be57-1e6b1ad138bf', NULL, 0, 'DEFAULTED', '1214.28', '2026-05-09 13:22:08.160826+05:30') ON CONFLICT DO NOTHING;
INSERT INTO academy_asi_history ("history_id", "academy_id", "asi_value", "qualifying_player_count", "calculation_basis", "global_average_at_calculation", "calculated_at") VALUES ('22262958-69a4-4aef-a807-4628fc234289', 'f72a6351-fd4d-401a-be57-1e6b1ad138bf', NULL, 0, 'DEFAULTED', '1188.23', '2026-05-10 17:12:19.884638+05:30') ON CONFLICT DO NOTHING;
INSERT INTO academy_asi_history ("history_id", "academy_id", "asi_value", "qualifying_player_count", "calculation_basis", "global_average_at_calculation", "calculated_at") VALUES ('0984fea9-bbfe-4223-80da-4ad96dc7c52a', 'bfe44f09-576b-4a7e-93ac-aca91a93a03a', NULL, 0, 'DEFAULTED', '1188.23', '2026-05-10 17:12:19.884638+05:30') ON CONFLICT DO NOTHING;
INSERT INTO academy_asi_history ("history_id", "academy_id", "asi_value", "qualifying_player_count", "calculation_basis", "global_average_at_calculation", "calculated_at") VALUES ('9c76659a-8955-4762-8fef-793e3755e74b', 'f72a6351-fd4d-401a-be57-1e6b1ad138bf', NULL, 0, 'DEFAULTED', '1188.23', '2026-05-10 17:13:42.860638+05:30') ON CONFLICT DO NOTHING;
INSERT INTO academy_asi_history ("history_id", "academy_id", "asi_value", "qualifying_player_count", "calculation_basis", "global_average_at_calculation", "calculated_at") VALUES ('308c6d2a-6f5f-40ea-9e5a-538489ae3375', 'bfe44f09-576b-4a7e-93ac-aca91a93a03a', NULL, 0, 'DEFAULTED', '1188.23', '2026-05-10 17:13:42.860638+05:30') ON CONFLICT DO NOTHING;

ALTER TABLE player DISABLE TRIGGER ALL;
-- Data for player (20 rows)
INSERT INTO player ("player_id", "user_id", "name", "date_of_birth", "seeding_level", "seeding_reference", "virtual_matches", "current_rating", "rated_matches_completed", "last_match_date", "primary_academy_id", "last_academy_change_date", "status", "created_by", "updated_by", "created_at", "updated_at", "gender", "nationality", "guardian_name", "guardian_phone", "contact_email", "claim_code", "is_claimed") VALUES ('63f84af5-058e-4ea8-8c9f-c5899f64e660', NULL, 'Zara Khan', '2015-11-12', 'UNSEEDED', NULL, 0, '850.00', 0, NULL, 'bfe44f09-576b-4a7e-93ac-aca91a93a03a', NULL, 'ACTIVE', 'a61e91b0-b1a7-4337-ac98-c15fb7bb8949', 'a61e91b0-b1a7-4337-ac98-c15fb7bb8949', '2026-05-09 14:29:01.730811+05:30', '2026-05-09 14:29:01.730811+05:30', 'FEMALE', 'India', NULL, NULL, NULL, NULL, False) ON CONFLICT DO NOTHING;
INSERT INTO player ("player_id", "user_id", "name", "date_of_birth", "seeding_level", "seeding_reference", "virtual_matches", "current_rating", "rated_matches_completed", "last_match_date", "primary_academy_id", "last_academy_change_date", "status", "created_by", "updated_by", "created_at", "updated_at", "gender", "nationality", "guardian_name", "guardian_phone", "contact_email", "claim_code", "is_claimed") VALUES ('1aa249f9-60ef-424e-accd-8e8666f2c294', NULL, 'Myra Kapur', '2014-03-22', 'UNSEEDED', NULL, 0, '1000.00', 0, '2026-05-23', 'bfe44f09-576b-4a7e-93ac-aca91a93a03a', NULL, 'ACTIVE', 'a61e91b0-b1a7-4337-ac98-c15fb7bb8949', 'a61e91b0-b1a7-4337-ac98-c15fb7bb8949', '2026-05-09 14:29:01.730811+05:30', '2026-05-09 14:29:01.730811+05:30', 'FEMALE', 'India', NULL, NULL, NULL, NULL, False) ON CONFLICT DO NOTHING;
INSERT INTO player ("player_id", "user_id", "name", "date_of_birth", "seeding_level", "seeding_reference", "virtual_matches", "current_rating", "rated_matches_completed", "last_match_date", "primary_academy_id", "last_academy_change_date", "status", "created_by", "updated_by", "created_at", "updated_at", "gender", "nationality", "guardian_name", "guardian_phone", "contact_email", "claim_code", "is_claimed") VALUES ('0318fe32-5a19-4879-ae9e-f2b8446b7d4e', '117c67ca-a585-4a75-8d1e-40b30f4735ea', 'Ameya Shah', '2016-08-07', 'UNSEEDED', NULL, 5, '1000.00', 0, '2026-05-23', 'f72a6351-fd4d-401a-be57-1e6b1ad138bf', NULL, 'ACTIVE', '1e00ef30-55b9-4625-9562-f3e753e1a1ba', '1e00ef30-55b9-4625-9562-f3e753e1a1ba', '2026-05-17 15:14:56.357380+05:30', '2026-05-17 20:30:39.393179+05:30', 'MALE', 'India', 'Jayesh Lakhani', '+919819470481', 'kanalchintan@gmail.com', 'U2PV4M6K', True) ON CONFLICT DO NOTHING;
INSERT INTO player ("player_id", "user_id", "name", "date_of_birth", "seeding_level", "seeding_reference", "virtual_matches", "current_rating", "rated_matches_completed", "last_match_date", "primary_academy_id", "last_academy_change_date", "status", "created_by", "updated_by", "created_at", "updated_at", "gender", "nationality", "guardian_name", "guardian_phone", "contact_email", "claim_code", "is_claimed") VALUES ('788aa3a5-42db-4300-8ad9-dba0657557db', NULL, 'Rohan Batra', '2013-09-05', 'UNSEEDED', NULL, 0, '950.00', 0, '2026-05-23', 'bfe44f09-576b-4a7e-93ac-aca91a93a03a', NULL, 'ACTIVE', 'a61e91b0-b1a7-4337-ac98-c15fb7bb8949', 'a61e91b0-b1a7-4337-ac98-c15fb7bb8949', '2026-05-09 14:29:01.730811+05:30', '2026-05-09 14:29:01.730811+05:30', 'MALE', 'India', NULL, NULL, NULL, NULL, False) ON CONFLICT DO NOTHING;
INSERT INTO player ("player_id", "user_id", "name", "date_of_birth", "seeding_level", "seeding_reference", "virtual_matches", "current_rating", "rated_matches_completed", "last_match_date", "primary_academy_id", "last_academy_change_date", "status", "created_by", "updated_by", "created_at", "updated_at", "gender", "nationality", "guardian_name", "guardian_phone", "contact_email", "claim_code", "is_claimed") VALUES ('eee34108-f08d-4dfc-9cfc-9850603fd1d4', NULL, 'Aarav Sharma', '2012-05-15', 'UNSEEDED', NULL, 0, '993.27', 10, '2026-05-23', 'f72a6351-fd4d-401a-be57-1e6b1ad138bf', NULL, 'ACTIVE', '1e00ef30-55b9-4625-9562-f3e753e1a1ba', '1e00ef30-55b9-4625-9562-f3e753e1a1ba', '2026-04-28 10:19:29.571355+05:30', '2026-04-28 10:19:29.571355+05:30', 'MALE', 'India', NULL, NULL, NULL, NULL, False) ON CONFLICT DO NOTHING;
INSERT INTO player ("player_id", "user_id", "name", "date_of_birth", "seeding_level", "seeding_reference", "virtual_matches", "current_rating", "rated_matches_completed", "last_match_date", "primary_academy_id", "last_academy_change_date", "status", "created_by", "updated_by", "created_at", "updated_at", "gender", "nationality", "guardian_name", "guardian_phone", "contact_email", "claim_code", "is_claimed") VALUES ('d451c934-9417-4802-8573-f477dbc2555d', NULL, 'Ishaan Patel', '2011-03-10', 'DISTRICT', 'DIST-2023-REF-045', 10, '1126.70', 7, '2026-05-23', 'f72a6351-fd4d-401a-be57-1e6b1ad138bf', NULL, 'ACTIVE', '1e00ef30-55b9-4625-9562-f3e753e1a1ba', '1e00ef30-55b9-4625-9562-f3e753e1a1ba', '2026-04-28 10:19:29.571355+05:30', '2026-04-28 10:19:29.571355+05:30', 'MALE', 'India', NULL, NULL, NULL, NULL, False) ON CONFLICT DO NOTHING;
INSERT INTO player ("player_id", "user_id", "name", "date_of_birth", "seeding_level", "seeding_reference", "virtual_matches", "current_rating", "rated_matches_completed", "last_match_date", "primary_academy_id", "last_academy_change_date", "status", "created_by", "updated_by", "created_at", "updated_at", "gender", "nationality", "guardian_name", "guardian_phone", "contact_email", "claim_code", "is_claimed") VALUES ('844eb01e-6ae7-4e02-8750-5cc56bc37517', NULL, 'Shreya Iyer', '2011-05-30', 'DISTRICT', 'YMCA-DIST-02', 10, '1209.75', 2, '2026-05-23', 'bfe44f09-576b-4a7e-93ac-aca91a93a03a', NULL, 'ACTIVE', 'a61e91b0-b1a7-4337-ac98-c15fb7bb8949', 'a61e91b0-b1a7-4337-ac98-c15fb7bb8949', '2026-05-09 14:29:01.730811+05:30', '2026-05-09 14:29:01.730811+05:30', 'FEMALE', 'India', NULL, NULL, NULL, NULL, False) ON CONFLICT DO NOTHING;
INSERT INTO player ("player_id", "user_id", "name", "date_of_birth", "seeding_level", "seeding_reference", "virtual_matches", "current_rating", "rated_matches_completed", "last_match_date", "primary_academy_id", "last_academy_change_date", "status", "created_by", "updated_by", "created_at", "updated_at", "gender", "nationality", "guardian_name", "guardian_phone", "contact_email", "claim_code", "is_claimed") VALUES ('95e7740e-e77e-4758-8b15-f0a75e23291e', '30b9c2d8-0e06-4f95-939e-d5e94a81f7da', 'Arjun Sharma', '2013-08-09', 'DISTRICT', 'TSTTA-SEED-4', 10, '1200.00', 0, '2026-05-23', 'f72a6351-fd4d-401a-be57-1e6b1ad138bf', NULL, 'ACTIVE', '1e00ef30-55b9-4625-9562-f3e753e1a1ba', '1e00ef30-55b9-4625-9562-f3e753e1a1ba', '2026-05-17 15:29:26.393014+05:30', '2026-05-17 20:21:00.745468+05:30', 'MALE', 'India', NULL, NULL, 'kanalchintan@gmail.com', '3APISSJC', True) ON CONFLICT DO NOTHING;
INSERT INTO player ("player_id", "user_id", "name", "date_of_birth", "seeding_level", "seeding_reference", "virtual_matches", "current_rating", "rated_matches_completed", "last_match_date", "primary_academy_id", "last_academy_change_date", "status", "created_by", "updated_by", "created_at", "updated_at", "gender", "nationality", "guardian_name", "guardian_phone", "contact_email", "claim_code", "is_claimed") VALUES ('73ff93cc-faa2-4075-9d33-4ce7dc03be47', NULL, 'Mayur Kolapte', '2010-03-15', 'DISTRICT', 'TSTTA', 9, '1265.80', 10, '2026-05-23', 'f72a6351-fd4d-401a-be57-1e6b1ad138bf', NULL, 'ACTIVE', '1e00ef30-55b9-4625-9562-f3e753e1a1ba', '1e00ef30-55b9-4625-9562-f3e753e1a1ba', '2026-04-28 10:01:00.711466+05:30', '2026-04-28 10:01:00.711466+05:30', 'MALE', 'India', NULL, NULL, NULL, NULL, False) ON CONFLICT DO NOTHING;
INSERT INTO player ("player_id", "user_id", "name", "date_of_birth", "seeding_level", "seeding_reference", "virtual_matches", "current_rating", "rated_matches_completed", "last_match_date", "primary_academy_id", "last_academy_change_date", "status", "created_by", "updated_by", "created_at", "updated_at", "gender", "nationality", "guardian_name", "guardian_phone", "contact_email", "claim_code", "is_claimed") VALUES ('e64dd84c-1f5e-4315-805d-aee1927f811a', NULL, 'Vihaan Gupta', '2012-01-10', 'DISTRICT', 'YMCA-DIST-01', 10, '1213.28', 2, '2026-05-23', 'bfe44f09-576b-4a7e-93ac-aca91a93a03a', NULL, 'ACTIVE', 'a61e91b0-b1a7-4337-ac98-c15fb7bb8949', 'a61e91b0-b1a7-4337-ac98-c15fb7bb8949', '2026-05-09 14:29:01.730811+05:30', '2026-05-09 14:29:01.730811+05:30', 'MALE', 'India', NULL, NULL, NULL, NULL, False) ON CONFLICT DO NOTHING;
INSERT INTO player ("player_id", "user_id", "name", "date_of_birth", "seeding_level", "seeding_reference", "virtual_matches", "current_rating", "rated_matches_completed", "last_match_date", "primary_academy_id", "last_academy_change_date", "status", "created_by", "updated_by", "created_at", "updated_at", "gender", "nationality", "guardian_name", "guardian_phone", "contact_email", "claim_code", "is_claimed") VALUES ('9715b189-16e0-4e36-9a3a-e52979afbc96', NULL, 'Anika Menon', '2011-12-20', 'STATE', 'YMCA-STATE-02', 20, '1329.58', 2, '2026-05-23', 'bfe44f09-576b-4a7e-93ac-aca91a93a03a', NULL, 'ACTIVE', 'a61e91b0-b1a7-4337-ac98-c15fb7bb8949', 'a61e91b0-b1a7-4337-ac98-c15fb7bb8949', '2026-05-09 14:29:01.730811+05:30', '2026-05-09 14:29:01.730811+05:30', 'FEMALE', 'India', NULL, NULL, NULL, NULL, False) ON CONFLICT DO NOTHING;
INSERT INTO player ("player_id", "user_id", "name", "date_of_birth", "seeding_level", "seeding_reference", "virtual_matches", "current_rating", "rated_matches_completed", "last_match_date", "primary_academy_id", "last_academy_change_date", "status", "created_by", "updated_by", "created_at", "updated_at", "gender", "nationality", "guardian_name", "guardian_phone", "contact_email", "claim_code", "is_claimed") VALUES ('0b0c2392-049b-42dc-bd25-a9d204f900df', NULL, 'Dashaan Kanal', '2016-09-17', 'DISTRICT', 'TSTTA', 10, '1311.25', 10, '2026-05-23', 'f72a6351-fd4d-401a-be57-1e6b1ad138bf', NULL, 'ACTIVE', '1e00ef30-55b9-4625-9562-f3e753e1a1ba', '1e00ef30-55b9-4625-9562-f3e753e1a1ba', '2026-04-28 09:43:34.961883+05:30', '2026-04-28 09:43:34.961883+05:30', 'MALE', 'India', NULL, NULL, NULL, NULL, False) ON CONFLICT DO NOTHING;
INSERT INTO player ("player_id", "user_id", "name", "date_of_birth", "seeding_level", "seeding_reference", "virtual_matches", "current_rating", "rated_matches_completed", "last_match_date", "primary_academy_id", "last_academy_change_date", "status", "created_by", "updated_by", "created_at", "updated_at", "gender", "nationality", "guardian_name", "guardian_phone", "contact_email", "claim_code", "is_claimed") VALUES ('81fa98d1-112e-43f9-9f24-d64664b0fed5', NULL, 'Kabir Singh', '2010-04-05', 'STATE', 'YMCA-STATE-01', 20, '1383.93', 1, '2026-05-23', 'bfe44f09-576b-4a7e-93ac-aca91a93a03a', NULL, 'ACTIVE', 'a61e91b0-b1a7-4337-ac98-c15fb7bb8949', 'a61e91b0-b1a7-4337-ac98-c15fb7bb8949', '2026-05-09 14:29:01.730811+05:30', '2026-05-09 14:29:01.730811+05:30', 'MALE', 'India', NULL, NULL, NULL, NULL, False) ON CONFLICT DO NOTHING;
INSERT INTO player ("player_id", "user_id", "name", "date_of_birth", "seeding_level", "seeding_reference", "virtual_matches", "current_rating", "rated_matches_completed", "last_match_date", "primary_academy_id", "last_academy_change_date", "status", "created_by", "updated_by", "created_at", "updated_at", "gender", "nationality", "guardian_name", "guardian_phone", "contact_email", "claim_code", "is_claimed") VALUES ('60545ecc-81a6-4dd2-b5b3-7e9e3d0d3b59', NULL, 'Sanya Malhotra', '2010-11-30', 'STATE', 'STATE-RANK-2024-12', 20, '1378.30', 8, '2026-05-23', 'f72a6351-fd4d-401a-be57-1e6b1ad138bf', NULL, 'ACTIVE', '1e00ef30-55b9-4625-9562-f3e753e1a1ba', '1e00ef30-55b9-4625-9562-f3e753e1a1ba', '2026-04-28 10:19:29.571355+05:30', '2026-04-28 10:19:29.571355+05:30', 'FEMALE', 'India', NULL, NULL, NULL, NULL, False) ON CONFLICT DO NOTHING;
INSERT INTO player ("player_id", "user_id", "name", "date_of_birth", "seeding_level", "seeding_reference", "virtual_matches", "current_rating", "rated_matches_completed", "last_match_date", "primary_academy_id", "last_academy_change_date", "status", "created_by", "updated_by", "created_at", "updated_at", "gender", "nationality", "guardian_name", "guardian_phone", "contact_email", "claim_code", "is_claimed") VALUES ('8d655a59-1da9-4344-b145-1a5b48a57b89', NULL, 'Rohan Dasgupta', '2009-01-05', 'NATIONAL', 'NAT-QUAL-REF-001', 30, '1509.07', 6, '2026-05-23', 'f72a6351-fd4d-401a-be57-1e6b1ad138bf', NULL, 'ACTIVE', '1e00ef30-55b9-4625-9562-f3e753e1a1ba', '1e00ef30-55b9-4625-9562-f3e753e1a1ba', '2026-04-28 10:19:29.571355+05:30', '2026-04-28 10:19:29.571355+05:30', 'MALE', 'India', NULL, NULL, NULL, NULL, False) ON CONFLICT DO NOTHING;
INSERT INTO player ("player_id", "user_id", "name", "date_of_birth", "seeding_level", "seeding_reference", "virtual_matches", "current_rating", "rated_matches_completed", "last_match_date", "primary_academy_id", "last_academy_change_date", "status", "created_by", "updated_by", "created_at", "updated_at", "gender", "nationality", "guardian_name", "guardian_phone", "contact_email", "claim_code", "is_claimed") VALUES ('da113ab1-0ea2-4c3b-ae8b-4841635058e0', NULL, 'Advait Joshi', '2009-02-15', 'NATIONAL', 'YMCA-NAT-01', 30, '1469.15', 2, '2026-05-23', 'bfe44f09-576b-4a7e-93ac-aca91a93a03a', NULL, 'ACTIVE', 'a61e91b0-b1a7-4337-ac98-c15fb7bb8949', 'a61e91b0-b1a7-4337-ac98-c15fb7bb8949', '2026-05-09 14:29:01.730811+05:30', '2026-05-09 14:29:01.730811+05:30', 'MALE', 'India', NULL, NULL, NULL, NULL, False) ON CONFLICT DO NOTHING;
INSERT INTO player ("player_id", "user_id", "name", "date_of_birth", "seeding_level", "seeding_reference", "virtual_matches", "current_rating", "rated_matches_completed", "last_match_date", "primary_academy_id", "last_academy_change_date", "status", "created_by", "updated_by", "created_at", "updated_at", "gender", "nationality", "guardian_name", "guardian_phone", "contact_email", "claim_code", "is_claimed") VALUES ('0fee5f30-1cf6-4d42-af74-dedf416ba2bd', '5213bb49-7e29-4f1b-b881-138dd6b9a3bb', 'Rohit Kumar', '2017-05-02', 'UNSEEDED', NULL, 0, '1000.00', 0, '2026-05-23', 'f72a6351-fd4d-401a-be57-1e6b1ad138bf', NULL, 'ACTIVE', '1e00ef30-55b9-4625-9562-f3e753e1a1ba', '1e00ef30-55b9-4625-9562-f3e753e1a1ba', '2026-05-17 20:39:55.612827+05:30', '2026-05-17 20:41:09.641488+05:30', 'MALE', 'India', NULL, NULL, 'kanalchintan@gmail.com', 'N7RFUJMZ', True) ON CONFLICT DO NOTHING;
INSERT INTO player ("player_id", "user_id", "name", "date_of_birth", "seeding_level", "seeding_reference", "virtual_matches", "current_rating", "rated_matches_completed", "last_match_date", "primary_academy_id", "last_academy_change_date", "status", "created_by", "updated_by", "created_at", "updated_at", "gender", "nationality", "guardian_name", "guardian_phone", "contact_email", "claim_code", "is_claimed") VALUES ('977aff98-e9d5-496d-b8df-356cdab11f23', 'f77b984c-8864-44eb-b01c-b2768ae425d8', 'Diya Reddy', '2014-07-18', 'UNSEEDED', NULL, 0, '1051.39', 2, '2026-05-23', 'bfe44f09-576b-4a7e-93ac-aca91a93a03a', NULL, 'ACTIVE', 'a61e91b0-b1a7-4337-ac98-c15fb7bb8949', 'a61e91b0-b1a7-4337-ac98-c15fb7bb8949', '2026-05-09 14:29:01.730811+05:30', '2026-05-23 18:55:07.546777+05:30', 'FEMALE', 'India', NULL, NULL, NULL, 'B8QS4J8T', True) ON CONFLICT DO NOTHING;
INSERT INTO player ("player_id", "user_id", "name", "date_of_birth", "seeding_level", "seeding_reference", "virtual_matches", "current_rating", "rated_matches_completed", "last_match_date", "primary_academy_id", "last_academy_change_date", "status", "created_by", "updated_by", "created_at", "updated_at", "gender", "nationality", "guardian_name", "guardian_phone", "contact_email", "claim_code", "is_claimed") VALUES ('fd932c5c-788d-44a7-b5c2-7b80c6192675', NULL, 'Ananya Iyer', '2013-08-22', 'UNSEEDED', NULL, 0, '1034.18', 10, '2026-05-26', 'f72a6351-fd4d-401a-be57-1e6b1ad138bf', NULL, 'ACTIVE', '1e00ef30-55b9-4625-9562-f3e753e1a1ba', '1e00ef30-55b9-4625-9562-f3e753e1a1ba', '2026-04-28 10:19:29.571355+05:30', '2026-04-28 10:19:29.571355+05:30', 'FEMALE', 'India', NULL, NULL, NULL, NULL, False) ON CONFLICT DO NOTHING;
INSERT INTO player ("player_id", "user_id", "name", "date_of_birth", "seeding_level", "seeding_reference", "virtual_matches", "current_rating", "rated_matches_completed", "last_match_date", "primary_academy_id", "last_academy_change_date", "status", "created_by", "updated_by", "created_at", "updated_at", "gender", "nationality", "guardian_name", "guardian_phone", "contact_email", "claim_code", "is_claimed") VALUES ('96fa35f0-597e-4a23-a2fc-3988a76eac04', NULL, 'Aryan Verma', '2012-08-14', 'DISTRICT', 'YMCA-DIST-03', 10, '1124.34', 2, '2026-05-26', 'bfe44f09-576b-4a7e-93ac-aca91a93a03a', NULL, 'ACTIVE', 'a61e91b0-b1a7-4337-ac98-c15fb7bb8949', 'a61e91b0-b1a7-4337-ac98-c15fb7bb8949', '2026-05-09 14:29:01.730811+05:30', '2026-05-09 14:29:01.730811+05:30', 'MALE', 'India', NULL, NULL, NULL, NULL, False) ON CONFLICT DO NOTHING;

ALTER TABLE player_status_history DISABLE TRIGGER ALL;
-- Data for player_status_history (5 rows)
INSERT INTO player_status_history ("history_id", "player_id", "from_status", "to_status", "reason", "changed_by", "changed_at") VALUES ('92d8270a-fb6c-40f7-abcd-ccef97a6a513', '0b0c2392-049b-42dc-bd25-a9d204f900df', NULL, 'ACTIVE', 'Initial registration', '1e00ef30-55b9-4625-9562-f3e753e1a1ba', '2026-04-28 09:43:34.961883+05:30') ON CONFLICT DO NOTHING;
INSERT INTO player_status_history ("history_id", "player_id", "from_status", "to_status", "reason", "changed_by", "changed_at") VALUES ('cff20f51-b08f-44e6-83a2-0717739ce6e1', '73ff93cc-faa2-4075-9d33-4ce7dc03be47', NULL, 'ACTIVE', 'Initial registration', '1e00ef30-55b9-4625-9562-f3e753e1a1ba', '2026-04-28 10:01:00.711466+05:30') ON CONFLICT DO NOTHING;
INSERT INTO player_status_history ("history_id", "player_id", "from_status", "to_status", "reason", "changed_by", "changed_at") VALUES ('099f3ae4-e210-4760-a43f-d0b04126e854', '0318fe32-5a19-4879-ae9e-f2b8446b7d4e', NULL, 'ACTIVE', 'Initial registration', '1e00ef30-55b9-4625-9562-f3e753e1a1ba', '2026-05-17 15:14:56.357380+05:30') ON CONFLICT DO NOTHING;
INSERT INTO player_status_history ("history_id", "player_id", "from_status", "to_status", "reason", "changed_by", "changed_at") VALUES ('ec95ea6e-ad59-4d39-aa32-c2ab6bc6f4e9', '95e7740e-e77e-4758-8b15-f0a75e23291e', NULL, 'ACTIVE', 'Initial registration', '1e00ef30-55b9-4625-9562-f3e753e1a1ba', '2026-05-17 15:29:26.393014+05:30') ON CONFLICT DO NOTHING;
INSERT INTO player_status_history ("history_id", "player_id", "from_status", "to_status", "reason", "changed_by", "changed_at") VALUES ('29f0bad0-79cc-4fce-9727-ffbb5a0c3537', '0fee5f30-1cf6-4d42-af74-dedf416ba2bd', NULL, 'ACTIVE', 'Initial registration', '1e00ef30-55b9-4625-9562-f3e753e1a1ba', '2026-05-17 20:39:55.612827+05:30') ON CONFLICT DO NOTHING;

ALTER TABLE event DISABLE TRIGGER ALL;
-- Data for event (7 rows)
INSERT INTO event ("event_id", "season_id", "name", "event_type", "scheduling_mode", "default_match_format", "tournament_format", "host_academy_id", "start_date", "end_date", "status", "created_by", "updated_by", "created_at", "updated_at", "fixture_state") VALUES ('656756f0-7641-49ab-bf9c-1baca3120d91', NULL, 'Daily training', 'FRIENDLY', 'INTRA_ACADEMY', 'BEST_OF_3', NULL, 'f72a6351-fd4d-401a-be57-1e6b1ad138bf', '2026-04-28', NULL, 'SCHEDULED', '1e00ef30-55b9-4625-9562-f3e753e1a1ba', '1e00ef30-55b9-4625-9562-f3e753e1a1ba', '2026-04-28 09:54:09.474670+05:30', '2026-04-28 09:54:09.474670+05:30', NULL) ON CONFLICT DO NOTHING;
INSERT INTO event ("event_id", "season_id", "name", "event_type", "scheduling_mode", "default_match_format", "tournament_format", "host_academy_id", "start_date", "end_date", "status", "created_by", "updated_by", "created_at", "updated_at", "fixture_state") VALUES ('55bf08e1-c932-4d77-915b-9355990a4c82', NULL, 'INTER-ACADEMY-6', 'LEAGUE', 'INTER_ACADEMY', 'BEST_OF_3', NULL, 'f72a6351-fd4d-401a-be57-1e6b1ad138bf', '2026-05-26', '2026-05-26', 'SCHEDULED', 'a61e91b0-b1a7-4337-ac98-c15fb7bb8949', 'a61e91b0-b1a7-4337-ac98-c15fb7bb8949', '2026-05-26 21:22:29.304734+05:30', '2026-05-26 21:22:29.304734+05:30', 'FIXTURES_READY') ON CONFLICT DO NOTHING;
INSERT INTO event ("event_id", "season_id", "name", "event_type", "scheduling_mode", "default_match_format", "tournament_format", "host_academy_id", "start_date", "end_date", "status", "created_by", "updated_by", "created_at", "updated_at", "fixture_state") VALUES ('1873398a-4917-4e76-b5e7-d7059f970661', NULL, 'INTER-ACADEMY-1', 'LEAGUE', 'INTER_ACADEMY', 'BEST_OF_3', NULL, 'f72a6351-fd4d-401a-be57-1e6b1ad138bf', '2026-05-09', '2026-05-09', 'COMPLETED', 'a61e91b0-b1a7-4337-ac98-c15fb7bb8949', 'a61e91b0-b1a7-4337-ac98-c15fb7bb8949', '2026-05-09 17:50:18.357870+05:30', '2026-05-09 17:50:18.357870+05:30', 'RATINGS_APPLIED') ON CONFLICT DO NOTHING;
INSERT INTO event ("event_id", "season_id", "name", "event_type", "scheduling_mode", "default_match_format", "tournament_format", "host_academy_id", "start_date", "end_date", "status", "created_by", "updated_by", "created_at", "updated_at", "fixture_state") VALUES ('abd4d1eb-1ed2-4beb-b25d-d77374a95f75', NULL, 'INTER-ACADEMY-2', 'LEAGUE', 'INTER_ACADEMY', 'BEST_OF_3', NULL, 'bfe44f09-576b-4a7e-93ac-aca91a93a03a', '2026-05-10', '2026-05-10', 'COMPLETED', 'a61e91b0-b1a7-4337-ac98-c15fb7bb8949', 'a61e91b0-b1a7-4337-ac98-c15fb7bb8949', '2026-05-10 16:46:55.967993+05:30', '2026-05-10 16:46:55.967993+05:30', 'RATINGS_APPLIED') ON CONFLICT DO NOTHING;
INSERT INTO event ("event_id", "season_id", "name", "event_type", "scheduling_mode", "default_match_format", "tournament_format", "host_academy_id", "start_date", "end_date", "status", "created_by", "updated_by", "created_at", "updated_at", "fixture_state") VALUES ('e60a1e25-b146-43bf-a7b9-4c8304075486', NULL, 'INTER-ACADEMY-3', 'LEAGUE', 'INTER_ACADEMY', 'BEST_OF_3', NULL, 'f72a6351-fd4d-401a-be57-1e6b1ad138bf', '2026-05-17', '2026-05-17', 'COMPLETED', 'a61e91b0-b1a7-4337-ac98-c15fb7bb8949', 'a61e91b0-b1a7-4337-ac98-c15fb7bb8949', '2026-05-17 17:54:15.598006+05:30', '2026-05-17 17:54:15.598006+05:30', 'FIXTURE_FROZEN') ON CONFLICT DO NOTHING;
INSERT INTO event ("event_id", "season_id", "name", "event_type", "scheduling_mode", "default_match_format", "tournament_format", "host_academy_id", "start_date", "end_date", "status", "created_by", "updated_by", "created_at", "updated_at", "fixture_state") VALUES ('7aa7430c-2721-4a47-b018-515879a8210b', NULL, 'INTER-ACADEMY-4', 'LEAGUE', 'INTER_ACADEMY', 'BEST_OF_3', NULL, 'f72a6351-fd4d-401a-be57-1e6b1ad138bf', '2026-05-23', '2026-05-23', 'SCHEDULED', 'a61e91b0-b1a7-4337-ac98-c15fb7bb8949', 'a61e91b0-b1a7-4337-ac98-c15fb7bb8949', '2026-05-23 18:16:32.194256+05:30', '2026-05-23 18:16:32.194256+05:30', 'FIXTURE_FROZEN') ON CONFLICT DO NOTHING;
INSERT INTO event ("event_id", "season_id", "name", "event_type", "scheduling_mode", "default_match_format", "tournament_format", "host_academy_id", "start_date", "end_date", "status", "created_by", "updated_by", "created_at", "updated_at", "fixture_state") VALUES ('4a7cb826-9909-4bd6-af5a-10494fde0206', NULL, 'INTER-ACADEMY-5', 'LEAGUE', 'INTER_ACADEMY', 'BEST_OF_3', NULL, 'f72a6351-fd4d-401a-be57-1e6b1ad138bf', '2026-05-26', '2026-05-26', 'SCHEDULED', 'a61e91b0-b1a7-4337-ac98-c15fb7bb8949', 'a61e91b0-b1a7-4337-ac98-c15fb7bb8949', '2026-05-26 17:30:19.091473+05:30', '2026-05-26 17:30:19.091473+05:30', 'FIXTURES_READY') ON CONFLICT DO NOTHING;

ALTER TABLE event_player_registration DISABLE TRIGGER ALL;
-- Data for event_player_registration (87 rows)
INSERT INTO event_player_registration ("registration_id", "event_id", "player_id", "registered_by", "registered_at", "status", "checked_in_by", "withdrawn_at", "withdrawn_by") VALUES ('205f2781-6508-402a-b4ae-f3941e32687d', '1873398a-4917-4e76-b5e7-d7059f970661', 'eee34108-f08d-4dfc-9cfc-9850603fd1d4', 'a61e91b0-b1a7-4337-ac98-c15fb7bb8949', '2026-05-09 17:50:37.440223+05:30', 'REGISTERED', NULL, NULL, NULL) ON CONFLICT DO NOTHING;
INSERT INTO event_player_registration ("registration_id", "event_id", "player_id", "registered_by", "registered_at", "status", "checked_in_by", "withdrawn_at", "withdrawn_by") VALUES ('199e0d65-aca1-4c7a-af26-e6cfeaa40ac8', '1873398a-4917-4e76-b5e7-d7059f970661', 'fd932c5c-788d-44a7-b5c2-7b80c6192675', 'a61e91b0-b1a7-4337-ac98-c15fb7bb8949', '2026-05-09 17:51:35.815835+05:30', 'REGISTERED', NULL, NULL, NULL) ON CONFLICT DO NOTHING;
INSERT INTO event_player_registration ("registration_id", "event_id", "player_id", "registered_by", "registered_at", "status", "checked_in_by", "withdrawn_at", "withdrawn_by") VALUES ('96210ec0-a431-4cc4-b806-7aa556fe0781', '1873398a-4917-4e76-b5e7-d7059f970661', '0b0c2392-049b-42dc-bd25-a9d204f900df', 'a61e91b0-b1a7-4337-ac98-c15fb7bb8949', '2026-05-09 17:51:36.342490+05:30', 'REGISTERED', NULL, NULL, NULL) ON CONFLICT DO NOTHING;
INSERT INTO event_player_registration ("registration_id", "event_id", "player_id", "registered_by", "registered_at", "status", "checked_in_by", "withdrawn_at", "withdrawn_by") VALUES ('930eb03d-ac95-4d4b-af25-e3149573ffad', '1873398a-4917-4e76-b5e7-d7059f970661', 'd451c934-9417-4802-8573-f477dbc2555d', 'a61e91b0-b1a7-4337-ac98-c15fb7bb8949', '2026-05-09 17:51:36.832242+05:30', 'REGISTERED', NULL, NULL, NULL) ON CONFLICT DO NOTHING;
INSERT INTO event_player_registration ("registration_id", "event_id", "player_id", "registered_by", "registered_at", "status", "checked_in_by", "withdrawn_at", "withdrawn_by") VALUES ('60863496-b1ad-4d59-8628-9bf2f494e5cf', '1873398a-4917-4e76-b5e7-d7059f970661', '73ff93cc-faa2-4075-9d33-4ce7dc03be47', 'a61e91b0-b1a7-4337-ac98-c15fb7bb8949', '2026-05-09 17:51:37.320227+05:30', 'REGISTERED', NULL, NULL, NULL) ON CONFLICT DO NOTHING;
INSERT INTO event_player_registration ("registration_id", "event_id", "player_id", "registered_by", "registered_at", "status", "checked_in_by", "withdrawn_at", "withdrawn_by") VALUES ('3114483c-2ee4-454e-8d90-ecc96080b781', '1873398a-4917-4e76-b5e7-d7059f970661', '8d655a59-1da9-4344-b145-1a5b48a57b89', 'a61e91b0-b1a7-4337-ac98-c15fb7bb8949', '2026-05-09 17:51:37.800444+05:30', 'REGISTERED', NULL, NULL, NULL) ON CONFLICT DO NOTHING;
INSERT INTO event_player_registration ("registration_id", "event_id", "player_id", "registered_by", "registered_at", "status", "checked_in_by", "withdrawn_at", "withdrawn_by") VALUES ('5928655f-acc0-43c5-b8cf-aec79743e2f2', '1873398a-4917-4e76-b5e7-d7059f970661', '60545ecc-81a6-4dd2-b5b3-7e9e3d0d3b59', 'a61e91b0-b1a7-4337-ac98-c15fb7bb8949', '2026-05-09 17:52:26.056861+05:30', 'REGISTERED', NULL, '2026-05-09 17:52:03.839124+05:30', 'a61e91b0-b1a7-4337-ac98-c15fb7bb8949') ON CONFLICT DO NOTHING;
INSERT INTO event_player_registration ("registration_id", "event_id", "player_id", "registered_by", "registered_at", "status", "checked_in_by", "withdrawn_at", "withdrawn_by") VALUES ('1609f189-c6a9-4786-a4ea-cc99723d8b99', '1873398a-4917-4e76-b5e7-d7059f970661', 'da113ab1-0ea2-4c3b-ae8b-4841635058e0', 'a61e91b0-b1a7-4337-ac98-c15fb7bb8949', '2026-05-09 17:53:44.877421+05:30', 'REGISTERED', NULL, NULL, NULL) ON CONFLICT DO NOTHING;
INSERT INTO event_player_registration ("registration_id", "event_id", "player_id", "registered_by", "registered_at", "status", "checked_in_by", "withdrawn_at", "withdrawn_by") VALUES ('7d976205-da53-448d-b6a2-8f22fce7c50c', '1873398a-4917-4e76-b5e7-d7059f970661', '9715b189-16e0-4e36-9a3a-e52979afbc96', 'a61e91b0-b1a7-4337-ac98-c15fb7bb8949', '2026-05-09 17:53:45.359741+05:30', 'REGISTERED', NULL, NULL, NULL) ON CONFLICT DO NOTHING;
INSERT INTO event_player_registration ("registration_id", "event_id", "player_id", "registered_by", "registered_at", "status", "checked_in_by", "withdrawn_at", "withdrawn_by") VALUES ('d8db2402-efd7-4597-844d-276e97c2239a', '1873398a-4917-4e76-b5e7-d7059f970661', '96fa35f0-597e-4a23-a2fc-3988a76eac04', 'a61e91b0-b1a7-4337-ac98-c15fb7bb8949', '2026-05-09 17:53:45.815006+05:30', 'REGISTERED', NULL, NULL, NULL) ON CONFLICT DO NOTHING;
INSERT INTO event_player_registration ("registration_id", "event_id", "player_id", "registered_by", "registered_at", "status", "checked_in_by", "withdrawn_at", "withdrawn_by") VALUES ('9659ba8b-d9fd-4574-a4e5-3cafae7a94a9', '1873398a-4917-4e76-b5e7-d7059f970661', '977aff98-e9d5-496d-b8df-356cdab11f23', 'a61e91b0-b1a7-4337-ac98-c15fb7bb8949', '2026-05-09 17:53:46.279619+05:30', 'REGISTERED', NULL, NULL, NULL) ON CONFLICT DO NOTHING;
INSERT INTO event_player_registration ("registration_id", "event_id", "player_id", "registered_by", "registered_at", "status", "checked_in_by", "withdrawn_at", "withdrawn_by") VALUES ('ef2edf1a-db34-4bb0-b814-d334441c4df8', '1873398a-4917-4e76-b5e7-d7059f970661', '81fa98d1-112e-43f9-9f24-d64664b0fed5', 'a61e91b0-b1a7-4337-ac98-c15fb7bb8949', '2026-05-09 17:53:47.615598+05:30', 'REGISTERED', NULL, NULL, NULL) ON CONFLICT DO NOTHING;
INSERT INTO event_player_registration ("registration_id", "event_id", "player_id", "registered_by", "registered_at", "status", "checked_in_by", "withdrawn_at", "withdrawn_by") VALUES ('8828bc2c-1d6e-4286-81dc-dea505c977f5', '1873398a-4917-4e76-b5e7-d7059f970661', '1aa249f9-60ef-424e-accd-8e8666f2c294', 'a61e91b0-b1a7-4337-ac98-c15fb7bb8949', '2026-05-09 17:53:48.054903+05:30', 'REGISTERED', NULL, NULL, NULL) ON CONFLICT DO NOTHING;
INSERT INTO event_player_registration ("registration_id", "event_id", "player_id", "registered_by", "registered_at", "status", "checked_in_by", "withdrawn_at", "withdrawn_by") VALUES ('ee59cec1-9ca2-4276-b0d0-f9375438fa37', '1873398a-4917-4e76-b5e7-d7059f970661', '788aa3a5-42db-4300-8ad9-dba0657557db', 'a61e91b0-b1a7-4337-ac98-c15fb7bb8949', '2026-05-09 17:53:48.489061+05:30', 'REGISTERED', NULL, NULL, NULL) ON CONFLICT DO NOTHING;
INSERT INTO event_player_registration ("registration_id", "event_id", "player_id", "registered_by", "registered_at", "status", "checked_in_by", "withdrawn_at", "withdrawn_by") VALUES ('9bd11d0b-32f9-405a-bebb-af89e08d34b2', '1873398a-4917-4e76-b5e7-d7059f970661', '844eb01e-6ae7-4e02-8750-5cc56bc37517', 'a61e91b0-b1a7-4337-ac98-c15fb7bb8949', '2026-05-09 17:53:48.935346+05:30', 'REGISTERED', NULL, NULL, NULL) ON CONFLICT DO NOTHING;
INSERT INTO event_player_registration ("registration_id", "event_id", "player_id", "registered_by", "registered_at", "status", "checked_in_by", "withdrawn_at", "withdrawn_by") VALUES ('c1d6b57d-0e1f-4bfc-9647-43305e6f2854', '1873398a-4917-4e76-b5e7-d7059f970661', 'e64dd84c-1f5e-4315-805d-aee1927f811a', 'a61e91b0-b1a7-4337-ac98-c15fb7bb8949', '2026-05-09 17:53:49.407608+05:30', 'REGISTERED', NULL, NULL, NULL) ON CONFLICT DO NOTHING;
INSERT INTO event_player_registration ("registration_id", "event_id", "player_id", "registered_by", "registered_at", "status", "checked_in_by", "withdrawn_at", "withdrawn_by") VALUES ('cc6d5307-8865-42a7-ba68-958527f04392', '1873398a-4917-4e76-b5e7-d7059f970661', '63f84af5-058e-4ea8-8c9f-c5899f64e660', 'a61e91b0-b1a7-4337-ac98-c15fb7bb8949', '2026-05-09 17:53:50.648360+05:30', 'REGISTERED', NULL, NULL, NULL) ON CONFLICT DO NOTHING;
INSERT INTO event_player_registration ("registration_id", "event_id", "player_id", "registered_by", "registered_at", "status", "checked_in_by", "withdrawn_at", "withdrawn_by") VALUES ('748d25f1-4a3e-402f-9ad1-194643c7f815', 'abd4d1eb-1ed2-4beb-b25d-d77374a95f75', '0b0c2392-049b-42dc-bd25-a9d204f900df', 'a61e91b0-b1a7-4337-ac98-c15fb7bb8949', '2026-05-10 16:47:09.702855+05:30', 'REGISTERED', NULL, NULL, NULL) ON CONFLICT DO NOTHING;
INSERT INTO event_player_registration ("registration_id", "event_id", "player_id", "registered_by", "registered_at", "status", "checked_in_by", "withdrawn_at", "withdrawn_by") VALUES ('4ef2c239-4718-4247-969b-fa90a15341b4', 'abd4d1eb-1ed2-4beb-b25d-d77374a95f75', '73ff93cc-faa2-4075-9d33-4ce7dc03be47', 'a61e91b0-b1a7-4337-ac98-c15fb7bb8949', '2026-05-10 16:47:12.789522+05:30', 'REGISTERED', NULL, NULL, NULL) ON CONFLICT DO NOTHING;
INSERT INTO event_player_registration ("registration_id", "event_id", "player_id", "registered_by", "registered_at", "status", "checked_in_by", "withdrawn_at", "withdrawn_by") VALUES ('8fb375df-35b0-4b4e-8321-53af12022afd', 'abd4d1eb-1ed2-4beb-b25d-d77374a95f75', '8d655a59-1da9-4344-b145-1a5b48a57b89', 'a61e91b0-b1a7-4337-ac98-c15fb7bb8949', '2026-05-10 16:47:18.837492+05:30', 'REGISTERED', NULL, NULL, NULL) ON CONFLICT DO NOTHING;
INSERT INTO event_player_registration ("registration_id", "event_id", "player_id", "registered_by", "registered_at", "status", "checked_in_by", "withdrawn_at", "withdrawn_by") VALUES ('209834c5-e43c-40be-9004-e9bba7a86713', 'abd4d1eb-1ed2-4beb-b25d-d77374a95f75', '60545ecc-81a6-4dd2-b5b3-7e9e3d0d3b59', 'a61e91b0-b1a7-4337-ac98-c15fb7bb8949', '2026-05-10 16:47:19.437341+05:30', 'REGISTERED', NULL, NULL, NULL) ON CONFLICT DO NOTHING;
INSERT INTO event_player_registration ("registration_id", "event_id", "player_id", "registered_by", "registered_at", "status", "checked_in_by", "withdrawn_at", "withdrawn_by") VALUES ('119c2815-0602-4271-b826-ae310ab9d6ab', 'abd4d1eb-1ed2-4beb-b25d-d77374a95f75', 'fd932c5c-788d-44a7-b5c2-7b80c6192675', 'a61e91b0-b1a7-4337-ac98-c15fb7bb8949', '2026-05-10 16:47:24.870663+05:30', 'REGISTERED', NULL, NULL, NULL) ON CONFLICT DO NOTHING;
INSERT INTO event_player_registration ("registration_id", "event_id", "player_id", "registered_by", "registered_at", "status", "checked_in_by", "withdrawn_at", "withdrawn_by") VALUES ('f270aba8-d531-424e-899c-6df3359c0eea', 'abd4d1eb-1ed2-4beb-b25d-d77374a95f75', 'eee34108-f08d-4dfc-9cfc-9850603fd1d4', 'a61e91b0-b1a7-4337-ac98-c15fb7bb8949', '2026-05-10 16:47:25.613999+05:30', 'REGISTERED', NULL, NULL, NULL) ON CONFLICT DO NOTHING;
INSERT INTO event_player_registration ("registration_id", "event_id", "player_id", "registered_by", "registered_at", "status", "checked_in_by", "withdrawn_at", "withdrawn_by") VALUES ('56b246fc-2458-4f29-a70b-1cb13a3a6936', 'abd4d1eb-1ed2-4beb-b25d-d77374a95f75', 'da113ab1-0ea2-4c3b-ae8b-4841635058e0', 'a61e91b0-b1a7-4337-ac98-c15fb7bb8949', '2026-05-10 16:47:31.205270+05:30', 'REGISTERED', NULL, NULL, NULL) ON CONFLICT DO NOTHING;
INSERT INTO event_player_registration ("registration_id", "event_id", "player_id", "registered_by", "registered_at", "status", "checked_in_by", "withdrawn_at", "withdrawn_by") VALUES ('76ccadb3-2dd1-47e5-986c-2067bb51686f', 'abd4d1eb-1ed2-4beb-b25d-d77374a95f75', '9715b189-16e0-4e36-9a3a-e52979afbc96', 'a61e91b0-b1a7-4337-ac98-c15fb7bb8949', '2026-05-10 16:47:31.644987+05:30', 'REGISTERED', NULL, NULL, NULL) ON CONFLICT DO NOTHING;
INSERT INTO event_player_registration ("registration_id", "event_id", "player_id", "registered_by", "registered_at", "status", "checked_in_by", "withdrawn_at", "withdrawn_by") VALUES ('38d7df13-c2a3-4bcf-af31-7772b97865db', 'abd4d1eb-1ed2-4beb-b25d-d77374a95f75', '96fa35f0-597e-4a23-a2fc-3988a76eac04', 'a61e91b0-b1a7-4337-ac98-c15fb7bb8949', '2026-05-10 16:47:33.014018+05:30', 'REGISTERED', NULL, NULL, NULL) ON CONFLICT DO NOTHING;
INSERT INTO event_player_registration ("registration_id", "event_id", "player_id", "registered_by", "registered_at", "status", "checked_in_by", "withdrawn_at", "withdrawn_by") VALUES ('88533c4d-aa34-476f-b002-c34140c346a5', 'abd4d1eb-1ed2-4beb-b25d-d77374a95f75', '977aff98-e9d5-496d-b8df-356cdab11f23', 'a61e91b0-b1a7-4337-ac98-c15fb7bb8949', '2026-05-10 16:47:38.148827+05:30', 'REGISTERED', NULL, NULL, NULL) ON CONFLICT DO NOTHING;
INSERT INTO event_player_registration ("registration_id", "event_id", "player_id", "registered_by", "registered_at", "status", "checked_in_by", "withdrawn_at", "withdrawn_by") VALUES ('ae08c696-981e-44fb-ab5b-7bc2adaab2a6', 'abd4d1eb-1ed2-4beb-b25d-d77374a95f75', '844eb01e-6ae7-4e02-8750-5cc56bc37517', 'a61e91b0-b1a7-4337-ac98-c15fb7bb8949', '2026-05-10 16:47:41.829519+05:30', 'REGISTERED', NULL, NULL, NULL) ON CONFLICT DO NOTHING;
INSERT INTO event_player_registration ("registration_id", "event_id", "player_id", "registered_by", "registered_at", "status", "checked_in_by", "withdrawn_at", "withdrawn_by") VALUES ('86692998-2c32-4dc5-8c7f-2368a703cae6', 'abd4d1eb-1ed2-4beb-b25d-d77374a95f75', 'e64dd84c-1f5e-4315-805d-aee1927f811a', 'a61e91b0-b1a7-4337-ac98-c15fb7bb8949', '2026-05-10 16:47:44.212230+05:30', 'REGISTERED', NULL, NULL, NULL) ON CONFLICT DO NOTHING;
INSERT INTO event_player_registration ("registration_id", "event_id", "player_id", "registered_by", "registered_at", "status", "checked_in_by", "withdrawn_at", "withdrawn_by") VALUES ('03ce222b-12ce-484f-b9b9-0342f6845366', 'e60a1e25-b146-43bf-a7b9-4c8304075486', 'eee34108-f08d-4dfc-9cfc-9850603fd1d4', 'a61e91b0-b1a7-4337-ac98-c15fb7bb8949', '2026-05-17 17:56:10.624708+05:30', 'REGISTERED', NULL, NULL, NULL) ON CONFLICT DO NOTHING;
INSERT INTO event_player_registration ("registration_id", "event_id", "player_id", "registered_by", "registered_at", "status", "checked_in_by", "withdrawn_at", "withdrawn_by") VALUES ('4bf961f6-d70b-45f7-b86a-c3a03853f04e', 'e60a1e25-b146-43bf-a7b9-4c8304075486', '0318fe32-5a19-4879-ae9e-f2b8446b7d4e', 'a61e91b0-b1a7-4337-ac98-c15fb7bb8949', '2026-05-17 17:56:15.485032+05:30', 'REGISTERED', NULL, NULL, NULL) ON CONFLICT DO NOTHING;
INSERT INTO event_player_registration ("registration_id", "event_id", "player_id", "registered_by", "registered_at", "status", "checked_in_by", "withdrawn_at", "withdrawn_by") VALUES ('2a6bc193-c014-4727-a39b-84a9f598ad4d', 'e60a1e25-b146-43bf-a7b9-4c8304075486', 'fd932c5c-788d-44a7-b5c2-7b80c6192675', 'a61e91b0-b1a7-4337-ac98-c15fb7bb8949', '2026-05-17 17:56:16.129953+05:30', 'REGISTERED', NULL, NULL, NULL) ON CONFLICT DO NOTHING;
INSERT INTO event_player_registration ("registration_id", "event_id", "player_id", "registered_by", "registered_at", "status", "checked_in_by", "withdrawn_at", "withdrawn_by") VALUES ('738e193f-3e84-429b-8fab-6601c0a1faf0', 'e60a1e25-b146-43bf-a7b9-4c8304075486', '95e7740e-e77e-4758-8b15-f0a75e23291e', 'a61e91b0-b1a7-4337-ac98-c15fb7bb8949', '2026-05-17 17:56:16.760090+05:30', 'REGISTERED', NULL, NULL, NULL) ON CONFLICT DO NOTHING;
INSERT INTO event_player_registration ("registration_id", "event_id", "player_id", "registered_by", "registered_at", "status", "checked_in_by", "withdrawn_at", "withdrawn_by") VALUES ('3f142ea9-83f1-4c1e-a5f5-2ac3ecc931a6', 'e60a1e25-b146-43bf-a7b9-4c8304075486', '0b0c2392-049b-42dc-bd25-a9d204f900df', 'a61e91b0-b1a7-4337-ac98-c15fb7bb8949', '2026-05-17 17:56:18.336761+05:30', 'REGISTERED', NULL, NULL, NULL) ON CONFLICT DO NOTHING;
INSERT INTO event_player_registration ("registration_id", "event_id", "player_id", "registered_by", "registered_at", "status", "checked_in_by", "withdrawn_at", "withdrawn_by") VALUES ('b8c5addf-6db2-4414-8b41-cfaaaac69e58', 'e60a1e25-b146-43bf-a7b9-4c8304075486', 'd451c934-9417-4802-8573-f477dbc2555d', 'a61e91b0-b1a7-4337-ac98-c15fb7bb8949', '2026-05-17 17:56:19.263564+05:30', 'REGISTERED', NULL, NULL, NULL) ON CONFLICT DO NOTHING;
INSERT INTO event_player_registration ("registration_id", "event_id", "player_id", "registered_by", "registered_at", "status", "checked_in_by", "withdrawn_at", "withdrawn_by") VALUES ('68a8da92-05f0-4259-93ee-d86e3c472582', 'e60a1e25-b146-43bf-a7b9-4c8304075486', '73ff93cc-faa2-4075-9d33-4ce7dc03be47', 'a61e91b0-b1a7-4337-ac98-c15fb7bb8949', '2026-05-17 17:56:19.823714+05:30', 'REGISTERED', NULL, NULL, NULL) ON CONFLICT DO NOTHING;
INSERT INTO event_player_registration ("registration_id", "event_id", "player_id", "registered_by", "registered_at", "status", "checked_in_by", "withdrawn_at", "withdrawn_by") VALUES ('ffce8dee-1d49-469a-95f2-3f18afb29dc9', 'e60a1e25-b146-43bf-a7b9-4c8304075486', '8d655a59-1da9-4344-b145-1a5b48a57b89', 'a61e91b0-b1a7-4337-ac98-c15fb7bb8949', '2026-05-17 17:56:20.335886+05:30', 'REGISTERED', NULL, NULL, NULL) ON CONFLICT DO NOTHING;
INSERT INTO event_player_registration ("registration_id", "event_id", "player_id", "registered_by", "registered_at", "status", "checked_in_by", "withdrawn_at", "withdrawn_by") VALUES ('096f9c34-aa88-4dd1-b6e0-1cddf84597f1', 'e60a1e25-b146-43bf-a7b9-4c8304075486', '60545ecc-81a6-4dd2-b5b3-7e9e3d0d3b59', 'a61e91b0-b1a7-4337-ac98-c15fb7bb8949', '2026-05-17 17:56:23.393313+05:30', 'REGISTERED', NULL, NULL, NULL) ON CONFLICT DO NOTHING;
INSERT INTO event_player_registration ("registration_id", "event_id", "player_id", "registered_by", "registered_at", "status", "checked_in_by", "withdrawn_at", "withdrawn_by") VALUES ('28108518-66de-431e-90af-47752e40d6cf', 'e60a1e25-b146-43bf-a7b9-4c8304075486', 'da113ab1-0ea2-4c3b-ae8b-4841635058e0', 'a61e91b0-b1a7-4337-ac98-c15fb7bb8949', '2026-05-17 17:56:24.538634+05:30', 'REGISTERED', NULL, NULL, NULL) ON CONFLICT DO NOTHING;
INSERT INTO event_player_registration ("registration_id", "event_id", "player_id", "registered_by", "registered_at", "status", "checked_in_by", "withdrawn_at", "withdrawn_by") VALUES ('91016688-4094-4d7e-bc0b-8cd843ec711f', 'e60a1e25-b146-43bf-a7b9-4c8304075486', '9715b189-16e0-4e36-9a3a-e52979afbc96', 'a61e91b0-b1a7-4337-ac98-c15fb7bb8949', '2026-05-17 17:56:25.382200+05:30', 'REGISTERED', NULL, NULL, NULL) ON CONFLICT DO NOTHING;
INSERT INTO event_player_registration ("registration_id", "event_id", "player_id", "registered_by", "registered_at", "status", "checked_in_by", "withdrawn_at", "withdrawn_by") VALUES ('741b8af1-3067-4194-90a9-ab673ad55417', 'e60a1e25-b146-43bf-a7b9-4c8304075486', '96fa35f0-597e-4a23-a2fc-3988a76eac04', 'a61e91b0-b1a7-4337-ac98-c15fb7bb8949', '2026-05-17 17:56:25.827218+05:30', 'REGISTERED', NULL, NULL, NULL) ON CONFLICT DO NOTHING;
INSERT INTO event_player_registration ("registration_id", "event_id", "player_id", "registered_by", "registered_at", "status", "checked_in_by", "withdrawn_at", "withdrawn_by") VALUES ('ba99a8ce-f1fd-48da-acc7-5a4e380a6e9d', 'e60a1e25-b146-43bf-a7b9-4c8304075486', '977aff98-e9d5-496d-b8df-356cdab11f23', 'a61e91b0-b1a7-4337-ac98-c15fb7bb8949', '2026-05-17 17:56:26.335633+05:30', 'REGISTERED', NULL, NULL, NULL) ON CONFLICT DO NOTHING;
INSERT INTO event_player_registration ("registration_id", "event_id", "player_id", "registered_by", "registered_at", "status", "checked_in_by", "withdrawn_at", "withdrawn_by") VALUES ('dd45f5b3-34dd-4459-9aed-22959b1cf01c', 'e60a1e25-b146-43bf-a7b9-4c8304075486', '81fa98d1-112e-43f9-9f24-d64664b0fed5', 'a61e91b0-b1a7-4337-ac98-c15fb7bb8949', '2026-05-17 17:56:29.667814+05:30', 'REGISTERED', NULL, NULL, NULL) ON CONFLICT DO NOTHING;
INSERT INTO event_player_registration ("registration_id", "event_id", "player_id", "registered_by", "registered_at", "status", "checked_in_by", "withdrawn_at", "withdrawn_by") VALUES ('1b62751f-56ba-4174-82ed-192786cd042f', 'e60a1e25-b146-43bf-a7b9-4c8304075486', '1aa249f9-60ef-424e-accd-8e8666f2c294', 'a61e91b0-b1a7-4337-ac98-c15fb7bb8949', '2026-05-17 17:56:29.676022+05:30', 'REGISTERED', NULL, NULL, NULL) ON CONFLICT DO NOTHING;
INSERT INTO event_player_registration ("registration_id", "event_id", "player_id", "registered_by", "registered_at", "status", "checked_in_by", "withdrawn_at", "withdrawn_by") VALUES ('b41ce14e-0c81-4cca-894f-25fd563e4793', 'e60a1e25-b146-43bf-a7b9-4c8304075486', '788aa3a5-42db-4300-8ad9-dba0657557db', 'a61e91b0-b1a7-4337-ac98-c15fb7bb8949', '2026-05-17 17:56:31.806827+05:30', 'REGISTERED', NULL, NULL, NULL) ON CONFLICT DO NOTHING;
INSERT INTO event_player_registration ("registration_id", "event_id", "player_id", "registered_by", "registered_at", "status", "checked_in_by", "withdrawn_at", "withdrawn_by") VALUES ('67d622ce-92c2-4036-9d14-b44a17904ff5', 'e60a1e25-b146-43bf-a7b9-4c8304075486', '844eb01e-6ae7-4e02-8750-5cc56bc37517', 'a61e91b0-b1a7-4337-ac98-c15fb7bb8949', '2026-05-17 17:56:32.464595+05:30', 'REGISTERED', NULL, NULL, NULL) ON CONFLICT DO NOTHING;
INSERT INTO event_player_registration ("registration_id", "event_id", "player_id", "registered_by", "registered_at", "status", "checked_in_by", "withdrawn_at", "withdrawn_by") VALUES ('2a3297b6-8c1a-488a-ab52-d17db03ed70c', 'e60a1e25-b146-43bf-a7b9-4c8304075486', 'e64dd84c-1f5e-4315-805d-aee1927f811a', 'a61e91b0-b1a7-4337-ac98-c15fb7bb8949', '2026-05-17 17:56:33.906311+05:30', 'REGISTERED', NULL, NULL, NULL) ON CONFLICT DO NOTHING;
INSERT INTO event_player_registration ("registration_id", "event_id", "player_id", "registered_by", "registered_at", "status", "checked_in_by", "withdrawn_at", "withdrawn_by") VALUES ('ad392d9c-95e1-4a4f-b25c-31848497269a', 'e60a1e25-b146-43bf-a7b9-4c8304075486', '63f84af5-058e-4ea8-8c9f-c5899f64e660', 'a61e91b0-b1a7-4337-ac98-c15fb7bb8949', '2026-05-17 17:56:34.479478+05:30', 'REGISTERED', NULL, NULL, NULL) ON CONFLICT DO NOTHING;
INSERT INTO event_player_registration ("registration_id", "event_id", "player_id", "registered_by", "registered_at", "status", "checked_in_by", "withdrawn_at", "withdrawn_by") VALUES ('51095927-7a04-4c90-a959-0957e95dd490', '7aa7430c-2721-4a47-b018-515879a8210b', '0318fe32-5a19-4879-ae9e-f2b8446b7d4e', 'a61e91b0-b1a7-4337-ac98-c15fb7bb8949', '2026-05-23 18:16:57.166275+05:30', 'REGISTERED', NULL, NULL, NULL) ON CONFLICT DO NOTHING;
INSERT INTO event_player_registration ("registration_id", "event_id", "player_id", "registered_by", "registered_at", "status", "checked_in_by", "withdrawn_at", "withdrawn_by") VALUES ('286d302f-9bff-4ccf-994a-63a8268192e0', '7aa7430c-2721-4a47-b018-515879a8210b', 'fd932c5c-788d-44a7-b5c2-7b80c6192675', 'a61e91b0-b1a7-4337-ac98-c15fb7bb8949', '2026-05-23 18:17:03.396114+05:30', 'REGISTERED', NULL, NULL, NULL) ON CONFLICT DO NOTHING;
INSERT INTO event_player_registration ("registration_id", "event_id", "player_id", "registered_by", "registered_at", "status", "checked_in_by", "withdrawn_at", "withdrawn_by") VALUES ('661c7b26-57b3-4d71-97b0-9ad771f32f0e', '7aa7430c-2721-4a47-b018-515879a8210b', '0b0c2392-049b-42dc-bd25-a9d204f900df', 'a61e91b0-b1a7-4337-ac98-c15fb7bb8949', '2026-05-23 18:17:05.564619+05:30', 'REGISTERED', NULL, NULL, NULL) ON CONFLICT DO NOTHING;
INSERT INTO event_player_registration ("registration_id", "event_id", "player_id", "registered_by", "registered_at", "status", "checked_in_by", "withdrawn_at", "withdrawn_by") VALUES ('6d34cd6f-17f3-450f-a79a-96a679a738ed', '7aa7430c-2721-4a47-b018-515879a8210b', '0fee5f30-1cf6-4d42-af74-dedf416ba2bd', 'a61e91b0-b1a7-4337-ac98-c15fb7bb8949', '2026-05-23 18:17:09.830095+05:30', 'REGISTERED', NULL, NULL, NULL) ON CONFLICT DO NOTHING;
INSERT INTO event_player_registration ("registration_id", "event_id", "player_id", "registered_by", "registered_at", "status", "checked_in_by", "withdrawn_at", "withdrawn_by") VALUES ('1d4dc18c-f986-4c87-a0da-60cc0f3a3881', '7aa7430c-2721-4a47-b018-515879a8210b', '73ff93cc-faa2-4075-9d33-4ce7dc03be47', 'a61e91b0-b1a7-4337-ac98-c15fb7bb8949', '2026-05-23 18:17:14.285050+05:30', 'REGISTERED', NULL, NULL, NULL) ON CONFLICT DO NOTHING;
INSERT INTO event_player_registration ("registration_id", "event_id", "player_id", "registered_by", "registered_at", "status", "checked_in_by", "withdrawn_at", "withdrawn_by") VALUES ('3a4bca5a-8047-4f3f-b05b-c6f0eb0c7414', '7aa7430c-2721-4a47-b018-515879a8210b', 'da113ab1-0ea2-4c3b-ae8b-4841635058e0', 'a61e91b0-b1a7-4337-ac98-c15fb7bb8949', '2026-05-23 18:17:19.046826+05:30', 'REGISTERED', NULL, NULL, NULL) ON CONFLICT DO NOTHING;
INSERT INTO event_player_registration ("registration_id", "event_id", "player_id", "registered_by", "registered_at", "status", "checked_in_by", "withdrawn_at", "withdrawn_by") VALUES ('6489af90-4eb3-4d6d-ac29-7db891350c7f', '7aa7430c-2721-4a47-b018-515879a8210b', '96fa35f0-597e-4a23-a2fc-3988a76eac04', 'a61e91b0-b1a7-4337-ac98-c15fb7bb8949', '2026-05-23 18:17:21.565459+05:30', 'REGISTERED', NULL, NULL, NULL) ON CONFLICT DO NOTHING;
INSERT INTO event_player_registration ("registration_id", "event_id", "player_id", "registered_by", "registered_at", "status", "checked_in_by", "withdrawn_at", "withdrawn_by") VALUES ('41d14a02-32bf-45b9-8371-97cfcaf35c3e', '7aa7430c-2721-4a47-b018-515879a8210b', '977aff98-e9d5-496d-b8df-356cdab11f23', 'a61e91b0-b1a7-4337-ac98-c15fb7bb8949', '2026-05-23 18:17:22.333608+05:30', 'REGISTERED', NULL, NULL, NULL) ON CONFLICT DO NOTHING;
INSERT INTO event_player_registration ("registration_id", "event_id", "player_id", "registered_by", "registered_at", "status", "checked_in_by", "withdrawn_at", "withdrawn_by") VALUES ('866b09f4-13c8-41ec-82b6-07a825902ebf', '7aa7430c-2721-4a47-b018-515879a8210b', '81fa98d1-112e-43f9-9f24-d64664b0fed5', 'a61e91b0-b1a7-4337-ac98-c15fb7bb8949', '2026-05-23 18:17:23.685555+05:30', 'REGISTERED', NULL, NULL, NULL) ON CONFLICT DO NOTHING;
INSERT INTO event_player_registration ("registration_id", "event_id", "player_id", "registered_by", "registered_at", "status", "checked_in_by", "withdrawn_at", "withdrawn_by") VALUES ('f495c625-bd8f-4279-9b9a-7e85932a1ab2', '4a7cb826-9909-4bd6-af5a-10494fde0206', '0b0c2392-049b-42dc-bd25-a9d204f900df', 'a61e91b0-b1a7-4337-ac98-c15fb7bb8949', '2026-05-26 17:30:30.514439+05:30', 'REGISTERED', NULL, NULL, NULL) ON CONFLICT DO NOTHING;
INSERT INTO event_player_registration ("registration_id", "event_id", "player_id", "registered_by", "registered_at", "status", "checked_in_by", "withdrawn_at", "withdrawn_by") VALUES ('bf59c251-b717-4ae1-9204-4168fb78e973', '4a7cb826-9909-4bd6-af5a-10494fde0206', '95e7740e-e77e-4758-8b15-f0a75e23291e', 'a61e91b0-b1a7-4337-ac98-c15fb7bb8949', '2026-05-26 17:30:31.800855+05:30', 'REGISTERED', NULL, NULL, NULL) ON CONFLICT DO NOTHING;
INSERT INTO event_player_registration ("registration_id", "event_id", "player_id", "registered_by", "registered_at", "status", "checked_in_by", "withdrawn_at", "withdrawn_by") VALUES ('3688eda3-e487-4b7c-804d-171f4d7bca23', '4a7cb826-9909-4bd6-af5a-10494fde0206', 'fd932c5c-788d-44a7-b5c2-7b80c6192675', 'a61e91b0-b1a7-4337-ac98-c15fb7bb8949', '2026-05-26 17:30:32.950858+05:30', 'REGISTERED', NULL, NULL, NULL) ON CONFLICT DO NOTHING;
INSERT INTO event_player_registration ("registration_id", "event_id", "player_id", "registered_by", "registered_at", "status", "checked_in_by", "withdrawn_at", "withdrawn_by") VALUES ('0c67057b-ac61-4022-a7ec-7960b79c4f7b', '4a7cb826-9909-4bd6-af5a-10494fde0206', 'd451c934-9417-4802-8573-f477dbc2555d', 'a61e91b0-b1a7-4337-ac98-c15fb7bb8949', '2026-05-26 17:30:35.467538+05:30', 'REGISTERED', NULL, NULL, NULL) ON CONFLICT DO NOTHING;
INSERT INTO event_player_registration ("registration_id", "event_id", "player_id", "registered_by", "registered_at", "status", "checked_in_by", "withdrawn_at", "withdrawn_by") VALUES ('44beb216-a043-4f79-9857-b93298f64c7b', '4a7cb826-9909-4bd6-af5a-10494fde0206', '73ff93cc-faa2-4075-9d33-4ce7dc03be47', 'a61e91b0-b1a7-4337-ac98-c15fb7bb8949', '2026-05-26 17:30:39.733079+05:30', 'REGISTERED', NULL, NULL, NULL) ON CONFLICT DO NOTHING;
INSERT INTO event_player_registration ("registration_id", "event_id", "player_id", "registered_by", "registered_at", "status", "checked_in_by", "withdrawn_at", "withdrawn_by") VALUES ('74594faf-b3a2-46e5-a054-392f38e6b59d', '4a7cb826-9909-4bd6-af5a-10494fde0206', '844eb01e-6ae7-4e02-8750-5cc56bc37517', 'a61e91b0-b1a7-4337-ac98-c15fb7bb8949', '2026-05-26 17:30:51.959936+05:30', 'REGISTERED', NULL, NULL, NULL) ON CONFLICT DO NOTHING;
INSERT INTO event_player_registration ("registration_id", "event_id", "player_id", "registered_by", "registered_at", "status", "checked_in_by", "withdrawn_at", "withdrawn_by") VALUES ('99e0d727-0290-4ab0-ab8e-92fd155aa50f', '4a7cb826-9909-4bd6-af5a-10494fde0206', '1aa249f9-60ef-424e-accd-8e8666f2c294', 'a61e91b0-b1a7-4337-ac98-c15fb7bb8949', '2026-05-26 17:30:54.335837+05:30', 'REGISTERED', NULL, NULL, NULL) ON CONFLICT DO NOTHING;
INSERT INTO event_player_registration ("registration_id", "event_id", "player_id", "registered_by", "registered_at", "status", "checked_in_by", "withdrawn_at", "withdrawn_by") VALUES ('9a71c2cf-bb87-4ee8-8b8f-4df95ad3ea81', '4a7cb826-9909-4bd6-af5a-10494fde0206', '81fa98d1-112e-43f9-9f24-d64664b0fed5', 'a61e91b0-b1a7-4337-ac98-c15fb7bb8949', '2026-05-26 17:30:55.313575+05:30', 'REGISTERED', NULL, NULL, NULL) ON CONFLICT DO NOTHING;
INSERT INTO event_player_registration ("registration_id", "event_id", "player_id", "registered_by", "registered_at", "status", "checked_in_by", "withdrawn_at", "withdrawn_by") VALUES ('258650ca-ecaa-4a18-9f12-68b28c9a9cfc', '4a7cb826-9909-4bd6-af5a-10494fde0206', '96fa35f0-597e-4a23-a2fc-3988a76eac04', 'a61e91b0-b1a7-4337-ac98-c15fb7bb8949', '2026-05-26 17:30:56.969806+05:30', 'REGISTERED', NULL, NULL, NULL) ON CONFLICT DO NOTHING;
INSERT INTO event_player_registration ("registration_id", "event_id", "player_id", "registered_by", "registered_at", "status", "checked_in_by", "withdrawn_at", "withdrawn_by") VALUES ('baf2e079-a678-498e-839e-2b855a448b96', '4a7cb826-9909-4bd6-af5a-10494fde0206', '9715b189-16e0-4e36-9a3a-e52979afbc96', 'a61e91b0-b1a7-4337-ac98-c15fb7bb8949', '2026-05-26 17:30:58.713328+05:30', 'REGISTERED', NULL, NULL, NULL) ON CONFLICT DO NOTHING;
INSERT INTO event_player_registration ("registration_id", "event_id", "player_id", "registered_by", "registered_at", "status", "checked_in_by", "withdrawn_at", "withdrawn_by") VALUES ('6171d5ad-fcb7-49c1-aed9-4b4f187b4172', '55bf08e1-c932-4d77-915b-9355990a4c82', 'eee34108-f08d-4dfc-9cfc-9850603fd1d4', 'a61e91b0-b1a7-4337-ac98-c15fb7bb8949', '2026-05-26 21:22:37.423765+05:30', 'REGISTERED', NULL, NULL, NULL) ON CONFLICT DO NOTHING;
INSERT INTO event_player_registration ("registration_id", "event_id", "player_id", "registered_by", "registered_at", "status", "checked_in_by", "withdrawn_at", "withdrawn_by") VALUES ('da37aaec-283e-4bb3-83c0-52b0dd93b3ce', '55bf08e1-c932-4d77-915b-9355990a4c82', '0318fe32-5a19-4879-ae9e-f2b8446b7d4e', 'a61e91b0-b1a7-4337-ac98-c15fb7bb8949', '2026-05-26 21:22:38.000242+05:30', 'REGISTERED', NULL, NULL, NULL) ON CONFLICT DO NOTHING;
INSERT INTO event_player_registration ("registration_id", "event_id", "player_id", "registered_by", "registered_at", "status", "checked_in_by", "withdrawn_at", "withdrawn_by") VALUES ('2aa0fdce-7983-42e8-9d0f-c2074e3043df', '55bf08e1-c932-4d77-915b-9355990a4c82', 'fd932c5c-788d-44a7-b5c2-7b80c6192675', 'a61e91b0-b1a7-4337-ac98-c15fb7bb8949', '2026-05-26 21:22:38.686821+05:30', 'REGISTERED', NULL, NULL, NULL) ON CONFLICT DO NOTHING;
INSERT INTO event_player_registration ("registration_id", "event_id", "player_id", "registered_by", "registered_at", "status", "checked_in_by", "withdrawn_at", "withdrawn_by") VALUES ('d217ee92-c77f-4f5b-9658-7133e114845b', '55bf08e1-c932-4d77-915b-9355990a4c82', '95e7740e-e77e-4758-8b15-f0a75e23291e', 'a61e91b0-b1a7-4337-ac98-c15fb7bb8949', '2026-05-26 21:22:39.270982+05:30', 'REGISTERED', NULL, NULL, NULL) ON CONFLICT DO NOTHING;
INSERT INTO event_player_registration ("registration_id", "event_id", "player_id", "registered_by", "registered_at", "status", "checked_in_by", "withdrawn_at", "withdrawn_by") VALUES ('e6d774de-1b80-4ab7-add8-289cfcb70bba', '55bf08e1-c932-4d77-915b-9355990a4c82', '0b0c2392-049b-42dc-bd25-a9d204f900df', 'a61e91b0-b1a7-4337-ac98-c15fb7bb8949', '2026-05-26 21:22:39.886187+05:30', 'REGISTERED', NULL, NULL, NULL) ON CONFLICT DO NOTHING;
INSERT INTO event_player_registration ("registration_id", "event_id", "player_id", "registered_by", "registered_at", "status", "checked_in_by", "withdrawn_at", "withdrawn_by") VALUES ('59dd0ce9-f756-44ad-8997-e3200b58986e', '55bf08e1-c932-4d77-915b-9355990a4c82', 'd451c934-9417-4802-8573-f477dbc2555d', 'a61e91b0-b1a7-4337-ac98-c15fb7bb8949', '2026-05-26 21:22:40.897141+05:30', 'REGISTERED', NULL, NULL, NULL) ON CONFLICT DO NOTHING;
INSERT INTO event_player_registration ("registration_id", "event_id", "player_id", "registered_by", "registered_at", "status", "checked_in_by", "withdrawn_at", "withdrawn_by") VALUES ('26749901-1c08-4c83-87c9-573866b07e9d', '55bf08e1-c932-4d77-915b-9355990a4c82', '73ff93cc-faa2-4075-9d33-4ce7dc03be47', 'a61e91b0-b1a7-4337-ac98-c15fb7bb8949', '2026-05-26 21:22:41.310895+05:30', 'REGISTERED', NULL, NULL, NULL) ON CONFLICT DO NOTHING;
INSERT INTO event_player_registration ("registration_id", "event_id", "player_id", "registered_by", "registered_at", "status", "checked_in_by", "withdrawn_at", "withdrawn_by") VALUES ('9bc7d8c9-b049-4b8b-b3a0-67e9fa639407', '55bf08e1-c932-4d77-915b-9355990a4c82', '8d655a59-1da9-4344-b145-1a5b48a57b89', 'a61e91b0-b1a7-4337-ac98-c15fb7bb8949', '2026-05-26 21:22:41.767827+05:30', 'REGISTERED', NULL, NULL, NULL) ON CONFLICT DO NOTHING;
INSERT INTO event_player_registration ("registration_id", "event_id", "player_id", "registered_by", "registered_at", "status", "checked_in_by", "withdrawn_at", "withdrawn_by") VALUES ('adb711d8-fcd2-4d5a-ba07-baaa89be9084', '55bf08e1-c932-4d77-915b-9355990a4c82', '0fee5f30-1cf6-4d42-af74-dedf416ba2bd', 'a61e91b0-b1a7-4337-ac98-c15fb7bb8949', '2026-05-26 21:22:43.567575+05:30', 'REGISTERED', NULL, NULL, NULL) ON CONFLICT DO NOTHING;
INSERT INTO event_player_registration ("registration_id", "event_id", "player_id", "registered_by", "registered_at", "status", "checked_in_by", "withdrawn_at", "withdrawn_by") VALUES ('93aa86ea-241b-4c1c-ac46-dd08ea182048', '55bf08e1-c932-4d77-915b-9355990a4c82', '60545ecc-81a6-4dd2-b5b3-7e9e3d0d3b59', 'a61e91b0-b1a7-4337-ac98-c15fb7bb8949', '2026-05-26 21:22:44.168844+05:30', 'REGISTERED', NULL, NULL, NULL) ON CONFLICT DO NOTHING;
INSERT INTO event_player_registration ("registration_id", "event_id", "player_id", "registered_by", "registered_at", "status", "checked_in_by", "withdrawn_at", "withdrawn_by") VALUES ('7785c9e3-fb8c-4ec3-afbd-b377fd9eecb8', '55bf08e1-c932-4d77-915b-9355990a4c82', 'da113ab1-0ea2-4c3b-ae8b-4841635058e0', 'a61e91b0-b1a7-4337-ac98-c15fb7bb8949', '2026-05-26 21:22:44.839435+05:30', 'REGISTERED', NULL, NULL, NULL) ON CONFLICT DO NOTHING;
INSERT INTO event_player_registration ("registration_id", "event_id", "player_id", "registered_by", "registered_at", "status", "checked_in_by", "withdrawn_at", "withdrawn_by") VALUES ('54ffa831-55f6-417b-a0d4-458c272934cb', '55bf08e1-c932-4d77-915b-9355990a4c82', '9715b189-16e0-4e36-9a3a-e52979afbc96', 'a61e91b0-b1a7-4337-ac98-c15fb7bb8949', '2026-05-26 21:22:46.288107+05:30', 'REGISTERED', NULL, NULL, NULL) ON CONFLICT DO NOTHING;
INSERT INTO event_player_registration ("registration_id", "event_id", "player_id", "registered_by", "registered_at", "status", "checked_in_by", "withdrawn_at", "withdrawn_by") VALUES ('faae7394-1faa-4d42-9e1d-af285d6ff625', '55bf08e1-c932-4d77-915b-9355990a4c82', '96fa35f0-597e-4a23-a2fc-3988a76eac04', 'a61e91b0-b1a7-4337-ac98-c15fb7bb8949', '2026-05-26 21:22:46.862625+05:30', 'REGISTERED', NULL, NULL, NULL) ON CONFLICT DO NOTHING;
INSERT INTO event_player_registration ("registration_id", "event_id", "player_id", "registered_by", "registered_at", "status", "checked_in_by", "withdrawn_at", "withdrawn_by") VALUES ('90b7e0ec-e2b9-48cd-b504-c227cbf3d4fb', '55bf08e1-c932-4d77-915b-9355990a4c82', '977aff98-e9d5-496d-b8df-356cdab11f23', 'a61e91b0-b1a7-4337-ac98-c15fb7bb8949', '2026-05-26 21:22:49.319830+05:30', 'REGISTERED', NULL, NULL, NULL) ON CONFLICT DO NOTHING;
INSERT INTO event_player_registration ("registration_id", "event_id", "player_id", "registered_by", "registered_at", "status", "checked_in_by", "withdrawn_at", "withdrawn_by") VALUES ('f4046ea0-0324-4e2d-b90e-e9e04f51e9d3', '55bf08e1-c932-4d77-915b-9355990a4c82', '81fa98d1-112e-43f9-9f24-d64664b0fed5', 'a61e91b0-b1a7-4337-ac98-c15fb7bb8949', '2026-05-26 21:22:49.895155+05:30', 'REGISTERED', NULL, NULL, NULL) ON CONFLICT DO NOTHING;
INSERT INTO event_player_registration ("registration_id", "event_id", "player_id", "registered_by", "registered_at", "status", "checked_in_by", "withdrawn_at", "withdrawn_by") VALUES ('093186f2-c7a8-4b2f-9537-a42cd2299a62', '55bf08e1-c932-4d77-915b-9355990a4c82', '1aa249f9-60ef-424e-accd-8e8666f2c294', 'a61e91b0-b1a7-4337-ac98-c15fb7bb8949', '2026-05-26 21:22:50.560364+05:30', 'REGISTERED', NULL, NULL, NULL) ON CONFLICT DO NOTHING;
INSERT INTO event_player_registration ("registration_id", "event_id", "player_id", "registered_by", "registered_at", "status", "checked_in_by", "withdrawn_at", "withdrawn_by") VALUES ('47c2425a-4e78-4f41-b8fb-5457cde8ec67', '55bf08e1-c932-4d77-915b-9355990a4c82', '788aa3a5-42db-4300-8ad9-dba0657557db', 'a61e91b0-b1a7-4337-ac98-c15fb7bb8949', '2026-05-26 21:22:51.190931+05:30', 'REGISTERED', NULL, NULL, NULL) ON CONFLICT DO NOTHING;
INSERT INTO event_player_registration ("registration_id", "event_id", "player_id", "registered_by", "registered_at", "status", "checked_in_by", "withdrawn_at", "withdrawn_by") VALUES ('fbf34f10-6051-4622-882f-153ae37b6ed4', '55bf08e1-c932-4d77-915b-9355990a4c82', '844eb01e-6ae7-4e02-8750-5cc56bc37517', 'a61e91b0-b1a7-4337-ac98-c15fb7bb8949', '2026-05-26 21:22:51.734105+05:30', 'REGISTERED', NULL, NULL, NULL) ON CONFLICT DO NOTHING;
INSERT INTO event_player_registration ("registration_id", "event_id", "player_id", "registered_by", "registered_at", "status", "checked_in_by", "withdrawn_at", "withdrawn_by") VALUES ('e6804212-03fd-48e9-84a1-cfbe050962b5', '55bf08e1-c932-4d77-915b-9355990a4c82', 'e64dd84c-1f5e-4315-805d-aee1927f811a', 'a61e91b0-b1a7-4337-ac98-c15fb7bb8949', '2026-05-26 21:22:53.134340+05:30', 'REGISTERED', NULL, NULL, NULL) ON CONFLICT DO NOTHING;
INSERT INTO event_player_registration ("registration_id", "event_id", "player_id", "registered_by", "registered_at", "status", "checked_in_by", "withdrawn_at", "withdrawn_by") VALUES ('04e902df-a09b-4a40-b800-bd08d673b3b3', '55bf08e1-c932-4d77-915b-9355990a4c82', '63f84af5-058e-4ea8-8c9f-c5899f64e660', 'a61e91b0-b1a7-4337-ac98-c15fb7bb8949', '2026-05-26 21:22:53.688701+05:30', 'REGISTERED', NULL, NULL, NULL) ON CONFLICT DO NOTHING;

ALTER TABLE session DISABLE TRIGGER ALL;
-- Data for session (5 rows)
INSERT INTO session ("session_id", "event_id", "session_date", "session_minutes", "num_tables", "match_format", "bootstrap_phase", "rating_spread", "matches_per_player", "present_player_count", "status", "generated_at", "generated_by", "created_by", "updated_by", "created_at", "updated_at") VALUES ('9a8616af-922d-47df-b2aa-c6f50853528a', '656756f0-7641-49ab-bf9c-1baca3120d91', '2026-05-07', 120, 5, 'BEST_OF_3', 'STANDARD', '500.00', 4, 7, 'SCHEDULED', '2026-05-04 23:57:56.545082+05:30', '1e00ef30-55b9-4625-9562-f3e753e1a1ba', '1e00ef30-55b9-4625-9562-f3e753e1a1ba', '1e00ef30-55b9-4625-9562-f3e753e1a1ba', '2026-05-04 23:57:52.504560+05:30', '2026-05-04 23:57:56.545082+05:30') ON CONFLICT DO NOTHING;
INSERT INTO session ("session_id", "event_id", "session_date", "session_minutes", "num_tables", "match_format", "bootstrap_phase", "rating_spread", "matches_per_player", "present_player_count", "status", "generated_at", "generated_by", "created_by", "updated_by", "created_at", "updated_at") VALUES ('e7b4a804-2cfe-4630-bf86-ac9ec6ee1411', '656756f0-7641-49ab-bf9c-1baca3120d91', '2026-05-04', 120, 3, 'BEST_OF_3', 'STANDARD', '500.00', 3, 7, 'COMPLETED', '2026-05-04 23:35:12.828495+05:30', '1e00ef30-55b9-4625-9562-f3e753e1a1ba', '1e00ef30-55b9-4625-9562-f3e753e1a1ba', '1e00ef30-55b9-4625-9562-f3e753e1a1ba', '2026-05-04 23:35:09.836964+05:30', '2026-05-05 01:12:58.183436+05:30') ON CONFLICT DO NOTHING;
INSERT INTO session ("session_id", "event_id", "session_date", "session_minutes", "num_tables", "match_format", "bootstrap_phase", "rating_spread", "matches_per_player", "present_player_count", "status", "generated_at", "generated_by", "created_by", "updated_by", "created_at", "updated_at") VALUES ('9fa3dea7-ece9-487b-b0a1-91c22d3e5ccc', '656756f0-7641-49ab-bf9c-1baca3120d91', '2026-05-06', 150, 3, 'BEST_OF_5', 'STANDARD', '500.00', 3, 7, 'COMPLETED', '2026-05-04 23:55:49.056491+05:30', '1e00ef30-55b9-4625-9562-f3e753e1a1ba', '1e00ef30-55b9-4625-9562-f3e753e1a1ba', '1e00ef30-55b9-4625-9562-f3e753e1a1ba', '2026-05-04 23:55:43.379004+05:30', '2026-05-09 12:46:54.928968+05:30') ON CONFLICT DO NOTHING;
INSERT INTO session ("session_id", "event_id", "session_date", "session_minutes", "num_tables", "match_format", "bootstrap_phase", "rating_spread", "matches_per_player", "present_player_count", "status", "generated_at", "generated_by", "created_by", "updated_by", "created_at", "updated_at") VALUES ('c9f2d4d8-687b-4f6d-8bb7-86a17668e865', '656756f0-7641-49ab-bf9c-1baca3120d91', '2026-05-09', 150, 3, 'BEST_OF_5', 'STANDARD', '525.58', 3, 7, 'IN_PROGRESS', '2026-05-09 13:17:14.315364+05:30', '1e00ef30-55b9-4625-9562-f3e753e1a1ba', '1e00ef30-55b9-4625-9562-f3e753e1a1ba', '1e00ef30-55b9-4625-9562-f3e753e1a1ba', '2026-05-09 13:17:10.771997+05:30', '2026-05-23 10:06:54.868377+05:30') ON CONFLICT DO NOTHING;
INSERT INTO session ("session_id", "event_id", "session_date", "session_minutes", "num_tables", "match_format", "bootstrap_phase", "rating_spread", "matches_per_player", "present_player_count", "status", "generated_at", "generated_by", "created_by", "updated_by", "created_at", "updated_at") VALUES ('73595687-ab54-4874-a41d-16e7dfb192bc', '656756f0-7641-49ab-bf9c-1baca3120d91', '2026-05-23', 120, 3, 'BEST_OF_3', 'STANDARD', '509.07', 4, 6, 'SCHEDULED', '2026-05-23 18:14:53.246893+05:30', '1e00ef30-55b9-4625-9562-f3e753e1a1ba', '1e00ef30-55b9-4625-9562-f3e753e1a1ba', '1e00ef30-55b9-4625-9562-f3e753e1a1ba', '2026-05-23 18:14:28.835134+05:30', '2026-05-23 18:14:53.246893+05:30') ON CONFLICT DO NOTHING;

ALTER TABLE event_fixture_slot DISABLE TRIGGER ALL;
-- Data for event_fixture_slot (111 rows)
INSERT INTO event_fixture_slot ("slot_id", "event_id", "round_number", "table_number", "match_category", "player_a_id", "player_b_id", "expected_rating_gap", "status", "match_id", "created_at", "fixture_strategy") VALUES ('0b58c9ac-010e-453a-84f6-1383a5b0bfb9', 'abd4d1eb-1ed2-4beb-b25d-d77374a95f75', 1, 3, 'COMPETITIVE', '0b0c2392-049b-42dc-bd25-a9d204f900df', '844eb01e-6ae7-4e02-8750-5cc56bc37517', '7.75', 'PLAYED', '70f1c567-de1b-4388-ad5d-8cdd881d12d8', '2026-05-10 16:50:38.293281+05:30', 'TEAM_FORMAT') ON CONFLICT DO NOTHING;
INSERT INTO event_fixture_slot ("slot_id", "event_id", "round_number", "table_number", "match_category", "player_a_id", "player_b_id", "expected_rating_gap", "status", "match_id", "created_at", "fixture_strategy") VALUES ('32ab8524-4073-478a-882f-f509a3c52186', 'abd4d1eb-1ed2-4beb-b25d-d77374a95f75', 1, 4, 'COMPETITIVE', '73ff93cc-faa2-4075-9d33-4ce7dc03be47', 'e64dd84c-1f5e-4315-805d-aee1927f811a', '20.62', 'PLAYED', '883fbb7b-e9ef-46ca-8c9f-1b3c09e8ab6e', '2026-05-10 16:50:38.293281+05:30', 'TEAM_FORMAT') ON CONFLICT DO NOTHING;
INSERT INTO event_fixture_slot ("slot_id", "event_id", "round_number", "table_number", "match_category", "player_a_id", "player_b_id", "expected_rating_gap", "status", "match_id", "created_at", "fixture_strategy") VALUES ('87efa0ca-38f5-4e76-a6ec-3d7a90657e2c', 'abd4d1eb-1ed2-4beb-b25d-d77374a95f75', 1, 5, 'STRETCH', '96fa35f0-597e-4a23-a2fc-3988a76eac04', 'fd932c5c-788d-44a7-b5c2-7b80c6192675', '141.48', 'PLAYED', 'ec26c8a1-78a1-4219-b40d-8e36f710c149', '2026-05-10 16:50:38.293281+05:30', 'TEAM_FORMAT') ON CONFLICT DO NOTHING;
INSERT INTO event_fixture_slot ("slot_id", "event_id", "round_number", "table_number", "match_category", "player_a_id", "player_b_id", "expected_rating_gap", "status", "match_id", "created_at", "fixture_strategy") VALUES ('5100e3f0-1f61-4164-ba25-90463d2aa068', 'abd4d1eb-1ed2-4beb-b25d-d77374a95f75', 1, 6, 'COMPETITIVE', '977aff98-e9d5-496d-b8df-356cdab11f23', 'eee34108-f08d-4dfc-9cfc-9850603fd1d4', '55.34', 'PLAYED', '8a829b1d-90a0-4531-ae0a-2a72b42e51c8', '2026-05-10 16:50:38.293281+05:30', 'TEAM_FORMAT') ON CONFLICT DO NOTHING;
INSERT INTO event_fixture_slot ("slot_id", "event_id", "round_number", "table_number", "match_category", "player_a_id", "player_b_id", "expected_rating_gap", "status", "match_id", "created_at", "fixture_strategy") VALUES ('abc05347-0e4b-4b60-adb0-58184ffd016c', '4a7cb826-9909-4bd6-af5a-10494fde0206', 1, 1, 'COMPETITIVE', '0b0c2392-049b-42dc-bd25-a9d204f900df', '9715b189-16e0-4e36-9a3a-e52979afbc96', '18.33', 'SCHEDULED', NULL, '2026-05-26 20:56:57.967572+05:30', 'TIER_MATCHED') ON CONFLICT DO NOTHING;
INSERT INTO event_fixture_slot ("slot_id", "event_id", "round_number", "table_number", "match_category", "player_a_id", "player_b_id", "expected_rating_gap", "status", "match_id", "created_at", "fixture_strategy") VALUES ('3001439d-0fb5-4eb8-bd4f-6145c071fdd4', '4a7cb826-9909-4bd6-af5a-10494fde0206', 1, 2, 'COMPETITIVE', '81fa98d1-112e-43f9-9f24-d64664b0fed5', NULL, '0.00', 'BYE', NULL, '2026-05-26 20:56:57.967572+05:30', 'TIER_MATCHED') ON CONFLICT DO NOTHING;
INSERT INTO event_fixture_slot ("slot_id", "event_id", "round_number", "table_number", "match_category", "player_a_id", "player_b_id", "expected_rating_gap", "status", "match_id", "created_at", "fixture_strategy") VALUES ('9e1c8891-12b0-49f6-8fe7-d4eac3513f19', '4a7cb826-9909-4bd6-af5a-10494fde0206', 2, 1, 'COMPETITIVE', '81fa98d1-112e-43f9-9f24-d64664b0fed5', '9715b189-16e0-4e36-9a3a-e52979afbc96', '54.35', 'SCHEDULED', NULL, '2026-05-26 20:56:57.967572+05:30', 'TIER_MATCHED') ON CONFLICT DO NOTHING;
INSERT INTO event_fixture_slot ("slot_id", "event_id", "round_number", "table_number", "match_category", "player_a_id", "player_b_id", "expected_rating_gap", "status", "match_id", "created_at", "fixture_strategy") VALUES ('856e9dd1-29ab-403d-a184-00e9cc2ba877', '4a7cb826-9909-4bd6-af5a-10494fde0206', 2, 2, 'COMPETITIVE', '0b0c2392-049b-42dc-bd25-a9d204f900df', NULL, '0.00', 'BYE', NULL, '2026-05-26 20:56:57.967572+05:30', 'TIER_MATCHED') ON CONFLICT DO NOTHING;
INSERT INTO event_fixture_slot ("slot_id", "event_id", "round_number", "table_number", "match_category", "player_a_id", "player_b_id", "expected_rating_gap", "status", "match_id", "created_at", "fixture_strategy") VALUES ('9ffc3239-a836-45bb-8ae5-ae320b4e4c00', '4a7cb826-9909-4bd6-af5a-10494fde0206', 3, 1, 'COMPETITIVE', '0b0c2392-049b-42dc-bd25-a9d204f900df', '81fa98d1-112e-43f9-9f24-d64664b0fed5', '72.68', 'SCHEDULED', NULL, '2026-05-26 20:56:57.967572+05:30', 'TIER_MATCHED') ON CONFLICT DO NOTHING;
INSERT INTO event_fixture_slot ("slot_id", "event_id", "round_number", "table_number", "match_category", "player_a_id", "player_b_id", "expected_rating_gap", "status", "match_id", "created_at", "fixture_strategy") VALUES ('b3a42ad6-cf05-4352-b428-c39e6555f7c5', '4a7cb826-9909-4bd6-af5a-10494fde0206', 3, 2, 'COMPETITIVE', '9715b189-16e0-4e36-9a3a-e52979afbc96', NULL, '0.00', 'BYE', NULL, '2026-05-26 20:56:57.967572+05:30', 'TIER_MATCHED') ON CONFLICT DO NOTHING;
INSERT INTO event_fixture_slot ("slot_id", "event_id", "round_number", "table_number", "match_category", "player_a_id", "player_b_id", "expected_rating_gap", "status", "match_id", "created_at", "fixture_strategy") VALUES ('508b0567-5632-4060-9618-222e6efea3d5', '4a7cb826-9909-4bd6-af5a-10494fde0206', 4, 1, 'COMPETITIVE', '844eb01e-6ae7-4e02-8750-5cc56bc37517', 'd451c934-9417-4802-8573-f477dbc2555d', '83.05', 'SCHEDULED', NULL, '2026-05-26 20:56:57.967572+05:30', 'TIER_MATCHED') ON CONFLICT DO NOTHING;
INSERT INTO event_fixture_slot ("slot_id", "event_id", "round_number", "table_number", "match_category", "player_a_id", "player_b_id", "expected_rating_gap", "status", "match_id", "created_at", "fixture_strategy") VALUES ('1558cf8d-ea92-43c6-92a4-1ecebeeb99e0', '4a7cb826-9909-4bd6-af5a-10494fde0206', 4, 2, 'COMPETITIVE', '95e7740e-e77e-4758-8b15-f0a75e23291e', '96fa35f0-597e-4a23-a2fc-3988a76eac04', '75.66', 'SCHEDULED', NULL, '2026-05-26 20:56:57.967572+05:30', 'TIER_MATCHED') ON CONFLICT DO NOTHING;
INSERT INTO event_fixture_slot ("slot_id", "event_id", "round_number", "table_number", "match_category", "player_a_id", "player_b_id", "expected_rating_gap", "status", "match_id", "created_at", "fixture_strategy") VALUES ('db96a957-5793-48f3-8c9d-6822c7db21aa', '4a7cb826-9909-4bd6-af5a-10494fde0206', 4, 3, 'COMPETITIVE', '73ff93cc-faa2-4075-9d33-4ce7dc03be47', NULL, '0.00', 'BYE', NULL, '2026-05-26 20:56:57.967572+05:30', 'TIER_MATCHED') ON CONFLICT DO NOTHING;
INSERT INTO event_fixture_slot ("slot_id", "event_id", "round_number", "table_number", "match_category", "player_a_id", "player_b_id", "expected_rating_gap", "status", "match_id", "created_at", "fixture_strategy") VALUES ('e9c55dc9-c837-42f0-9f87-35eb404cd5c7', '4a7cb826-9909-4bd6-af5a-10494fde0206', 5, 1, 'STRETCH', '73ff93cc-faa2-4075-9d33-4ce7dc03be47', 'd451c934-9417-4802-8573-f477dbc2555d', '139.10', 'SCHEDULED', NULL, '2026-05-26 20:56:57.967572+05:30', 'TIER_MATCHED') ON CONFLICT DO NOTHING;
INSERT INTO event_fixture_slot ("slot_id", "event_id", "round_number", "table_number", "match_category", "player_a_id", "player_b_id", "expected_rating_gap", "status", "match_id", "created_at", "fixture_strategy") VALUES ('503aa9a4-dd34-4a09-bb25-4f65d070950c', '4a7cb826-9909-4bd6-af5a-10494fde0206', 5, 2, 'COMPETITIVE', '844eb01e-6ae7-4e02-8750-5cc56bc37517', '95e7740e-e77e-4758-8b15-f0a75e23291e', '9.75', 'SCHEDULED', NULL, '2026-05-26 20:56:57.967572+05:30', 'TIER_MATCHED') ON CONFLICT DO NOTHING;
INSERT INTO event_fixture_slot ("slot_id", "event_id", "round_number", "table_number", "match_category", "player_a_id", "player_b_id", "expected_rating_gap", "status", "match_id", "created_at", "fixture_strategy") VALUES ('1e4ea7fe-a618-423f-9aba-3daf35ceff24', '4a7cb826-9909-4bd6-af5a-10494fde0206', 5, 3, 'COMPETITIVE', '96fa35f0-597e-4a23-a2fc-3988a76eac04', NULL, '0.00', 'BYE', NULL, '2026-05-26 20:56:57.967572+05:30', 'TIER_MATCHED') ON CONFLICT DO NOTHING;
INSERT INTO event_fixture_slot ("slot_id", "event_id", "round_number", "table_number", "match_category", "player_a_id", "player_b_id", "expected_rating_gap", "status", "match_id", "created_at", "fixture_strategy") VALUES ('9c05c698-a19f-4905-8f0e-a4d8d3bc6edd', '4a7cb826-9909-4bd6-af5a-10494fde0206', 6, 1, 'STRETCH', '73ff93cc-faa2-4075-9d33-4ce7dc03be47', '96fa35f0-597e-4a23-a2fc-3988a76eac04', '141.46', 'SCHEDULED', NULL, '2026-05-26 20:56:57.967572+05:30', 'TIER_MATCHED') ON CONFLICT DO NOTHING;
INSERT INTO event_fixture_slot ("slot_id", "event_id", "round_number", "table_number", "match_category", "player_a_id", "player_b_id", "expected_rating_gap", "status", "match_id", "created_at", "fixture_strategy") VALUES ('fe12b8cd-66d4-4d48-b63a-759b5f1af0ac', '4a7cb826-9909-4bd6-af5a-10494fde0206', 6, 2, 'COMPETITIVE', '95e7740e-e77e-4758-8b15-f0a75e23291e', 'd451c934-9417-4802-8573-f477dbc2555d', '73.30', 'SCHEDULED', NULL, '2026-05-26 20:56:57.967572+05:30', 'TIER_MATCHED') ON CONFLICT DO NOTHING;
INSERT INTO event_fixture_slot ("slot_id", "event_id", "round_number", "table_number", "match_category", "player_a_id", "player_b_id", "expected_rating_gap", "status", "match_id", "created_at", "fixture_strategy") VALUES ('bd6808cd-4a8a-4526-ace1-32aee8fc3746', '4a7cb826-9909-4bd6-af5a-10494fde0206', 6, 3, 'COMPETITIVE', '844eb01e-6ae7-4e02-8750-5cc56bc37517', NULL, '0.00', 'BYE', NULL, '2026-05-26 20:56:57.967572+05:30', 'TIER_MATCHED') ON CONFLICT DO NOTHING;
INSERT INTO event_fixture_slot ("slot_id", "event_id", "round_number", "table_number", "match_category", "player_a_id", "player_b_id", "expected_rating_gap", "status", "match_id", "created_at", "fixture_strategy") VALUES ('1b4eb248-14b8-46fc-a009-aacf903ee11a', '4a7cb826-9909-4bd6-af5a-10494fde0206', 7, 1, 'COMPETITIVE', '73ff93cc-faa2-4075-9d33-4ce7dc03be47', '95e7740e-e77e-4758-8b15-f0a75e23291e', '65.80', 'SCHEDULED', NULL, '2026-05-26 20:56:57.967572+05:30', 'TIER_MATCHED') ON CONFLICT DO NOTHING;
INSERT INTO event_fixture_slot ("slot_id", "event_id", "round_number", "table_number", "match_category", "player_a_id", "player_b_id", "expected_rating_gap", "status", "match_id", "created_at", "fixture_strategy") VALUES ('7e4af96a-009a-44b0-9785-a629c51e03c5', '4a7cb826-9909-4bd6-af5a-10494fde0206', 7, 2, 'COMPETITIVE', '844eb01e-6ae7-4e02-8750-5cc56bc37517', '96fa35f0-597e-4a23-a2fc-3988a76eac04', '85.41', 'SCHEDULED', NULL, '2026-05-26 20:56:57.967572+05:30', 'TIER_MATCHED') ON CONFLICT DO NOTHING;
INSERT INTO event_fixture_slot ("slot_id", "event_id", "round_number", "table_number", "match_category", "player_a_id", "player_b_id", "expected_rating_gap", "status", "match_id", "created_at", "fixture_strategy") VALUES ('e16c3ca0-dbc8-46ce-bce1-bc0624013864', '4a7cb826-9909-4bd6-af5a-10494fde0206', 7, 3, 'COMPETITIVE', 'd451c934-9417-4802-8573-f477dbc2555d', NULL, '0.00', 'BYE', NULL, '2026-05-26 20:56:57.967572+05:30', 'TIER_MATCHED') ON CONFLICT DO NOTHING;
INSERT INTO event_fixture_slot ("slot_id", "event_id", "round_number", "table_number", "match_category", "player_a_id", "player_b_id", "expected_rating_gap", "status", "match_id", "created_at", "fixture_strategy") VALUES ('fbb065f6-78ce-480a-835a-eb0035677611', '4a7cb826-9909-4bd6-af5a-10494fde0206', 8, 1, 'COMPETITIVE', '73ff93cc-faa2-4075-9d33-4ce7dc03be47', '844eb01e-6ae7-4e02-8750-5cc56bc37517', '56.05', 'SCHEDULED', NULL, '2026-05-26 20:56:57.967572+05:30', 'TIER_MATCHED') ON CONFLICT DO NOTHING;
INSERT INTO event_fixture_slot ("slot_id", "event_id", "round_number", "table_number", "match_category", "player_a_id", "player_b_id", "expected_rating_gap", "status", "match_id", "created_at", "fixture_strategy") VALUES ('ced968df-c42d-432b-b722-667416c5a28f', '4a7cb826-9909-4bd6-af5a-10494fde0206', 8, 2, 'COMPETITIVE', '96fa35f0-597e-4a23-a2fc-3988a76eac04', 'd451c934-9417-4802-8573-f477dbc2555d', '2.36', 'SCHEDULED', NULL, '2026-05-26 20:56:57.967572+05:30', 'TIER_MATCHED') ON CONFLICT DO NOTHING;
INSERT INTO event_fixture_slot ("slot_id", "event_id", "round_number", "table_number", "match_category", "player_a_id", "player_b_id", "expected_rating_gap", "status", "match_id", "created_at", "fixture_strategy") VALUES ('9adf9121-db38-4183-82c4-052546d43281', '4a7cb826-9909-4bd6-af5a-10494fde0206', 8, 3, 'COMPETITIVE', '95e7740e-e77e-4758-8b15-f0a75e23291e', NULL, '0.00', 'BYE', NULL, '2026-05-26 20:56:57.967572+05:30', 'TIER_MATCHED') ON CONFLICT DO NOTHING;
INSERT INTO event_fixture_slot ("slot_id", "event_id", "round_number", "table_number", "match_category", "player_a_id", "player_b_id", "expected_rating_gap", "status", "match_id", "created_at", "fixture_strategy") VALUES ('11527ba4-9263-4dc1-b3e9-5508a3496e29', '4a7cb826-9909-4bd6-af5a-10494fde0206', 9, 1, 'COMPETITIVE', '1aa249f9-60ef-424e-accd-8e8666f2c294', 'fd932c5c-788d-44a7-b5c2-7b80c6192675', '34.18', 'SCHEDULED', NULL, '2026-05-26 20:56:57.967572+05:30', 'TIER_MATCHED') ON CONFLICT DO NOTHING;
INSERT INTO event_fixture_slot ("slot_id", "event_id", "round_number", "table_number", "match_category", "player_a_id", "player_b_id", "expected_rating_gap", "status", "match_id", "created_at", "fixture_strategy") VALUES ('0a586aba-cfff-4774-8cb9-98a9327aad1b', 'abd4d1eb-1ed2-4beb-b25d-d77374a95f75', 1, 1, 'COMPETITIVE', '8d655a59-1da9-4344-b145-1a5b48a57b89', 'da113ab1-0ea2-4c3b-ae8b-4841635058e0', '21.78', 'PLAYED', 'd35c1dcb-699b-426d-812c-60eed768691c', '2026-05-10 16:50:38.293281+05:30', 'TEAM_FORMAT') ON CONFLICT DO NOTHING;
INSERT INTO event_fixture_slot ("slot_id", "event_id", "round_number", "table_number", "match_category", "player_a_id", "player_b_id", "expected_rating_gap", "status", "match_id", "created_at", "fixture_strategy") VALUES ('476580c8-a639-43e8-b6b6-020a3b567443', 'abd4d1eb-1ed2-4beb-b25d-d77374a95f75', 1, 2, 'COMPETITIVE', '60545ecc-81a6-4dd2-b5b3-7e9e3d0d3b59', '9715b189-16e0-4e36-9a3a-e52979afbc96', '37.59', 'PLAYED', '6bb6099a-c4c8-4a5a-8481-e9d3a7e1c217', '2026-05-10 16:50:38.293281+05:30', 'TEAM_FORMAT') ON CONFLICT DO NOTHING;
INSERT INTO event_fixture_slot ("slot_id", "event_id", "round_number", "table_number", "match_category", "player_a_id", "player_b_id", "expected_rating_gap", "status", "match_id", "created_at", "fixture_strategy") VALUES ('e09cff8a-d6a9-4145-a04a-fa5465d217ce', 'e60a1e25-b146-43bf-a7b9-4c8304075486', 1, 10, 'COMPETITIVE', '63f84af5-058e-4ea8-8c9f-c5899f64e660', NULL, '0.00', 'BYE', NULL, '2026-05-17 20:57:50.457489+05:30', 'TEAM_FORMAT') ON CONFLICT DO NOTHING;
INSERT INTO event_fixture_slot ("slot_id", "event_id", "round_number", "table_number", "match_category", "player_a_id", "player_b_id", "expected_rating_gap", "status", "match_id", "created_at", "fixture_strategy") VALUES ('a276f118-4fcc-41dc-b8c0-add1a564cf28', 'e60a1e25-b146-43bf-a7b9-4c8304075486', 1, 8, 'COMPETITIVE', '0318fe32-5a19-4879-ae9e-f2b8446b7d4e', '1aa249f9-60ef-424e-accd-8e8666f2c294', '0.00', 'PLAYED', 'c1e3a928-3db3-47b7-a637-502f025d3416', '2026-05-17 20:57:50.457489+05:30', 'TEAM_FORMAT') ON CONFLICT DO NOTHING;
INSERT INTO event_fixture_slot ("slot_id", "event_id", "round_number", "table_number", "match_category", "player_a_id", "player_b_id", "expected_rating_gap", "status", "match_id", "created_at", "fixture_strategy") VALUES ('f76c82cd-c4ec-4406-afe3-c835dade7c31', 'e60a1e25-b146-43bf-a7b9-4c8304075486', 1, 9, 'COMPETITIVE', '788aa3a5-42db-4300-8ad9-dba0657557db', 'eee34108-f08d-4dfc-9cfc-9850603fd1d4', '43.27', 'PLAYED', 'dacdd7a1-5f77-4004-a4cc-55e312b8b8e5', '2026-05-17 20:57:50.457489+05:30', 'TEAM_FORMAT') ON CONFLICT DO NOTHING;
INSERT INTO event_fixture_slot ("slot_id", "event_id", "round_number", "table_number", "match_category", "player_a_id", "player_b_id", "expected_rating_gap", "status", "match_id", "created_at", "fixture_strategy") VALUES ('5a883d3c-04fb-4a8b-ab63-3f805ef69db8', 'e60a1e25-b146-43bf-a7b9-4c8304075486', 1, 7, 'COMPETITIVE', '977aff98-e9d5-496d-b8df-356cdab11f23', 'fd932c5c-788d-44a7-b5c2-7b80c6192675', '17.21', 'PLAYED', 'dbbb68bd-7ba4-41a9-8de7-7beef6900511', '2026-05-17 20:57:50.457489+05:30', 'TEAM_FORMAT') ON CONFLICT DO NOTHING;
INSERT INTO event_fixture_slot ("slot_id", "event_id", "round_number", "table_number", "match_category", "player_a_id", "player_b_id", "expected_rating_gap", "status", "match_id", "created_at", "fixture_strategy") VALUES ('20f621e8-57f8-401d-bdf0-99569e495adc', 'e60a1e25-b146-43bf-a7b9-4c8304075486', 1, 6, 'COMPETITIVE', '96fa35f0-597e-4a23-a2fc-3988a76eac04', 'd451c934-9417-4802-8573-f477dbc2555d', '2.36', 'PLAYED', '0f446d4b-c28a-4319-a350-0411c8b4ba41', '2026-05-17 20:57:50.457489+05:30', 'TEAM_FORMAT') ON CONFLICT DO NOTHING;
INSERT INTO event_fixture_slot ("slot_id", "event_id", "round_number", "table_number", "match_category", "player_a_id", "player_b_id", "expected_rating_gap", "status", "match_id", "created_at", "fixture_strategy") VALUES ('66cb4a1d-d636-439b-95d7-d12dff44b387', 'e60a1e25-b146-43bf-a7b9-4c8304075486', 1, 5, 'COMPETITIVE', '844eb01e-6ae7-4e02-8750-5cc56bc37517', '95e7740e-e77e-4758-8b15-f0a75e23291e', '9.75', 'PLAYED', '6f3f7034-3944-4ce9-8480-f032ac10ba20', '2026-05-17 20:57:50.457489+05:30', 'TEAM_FORMAT') ON CONFLICT DO NOTHING;
INSERT INTO event_fixture_slot ("slot_id", "event_id", "round_number", "table_number", "match_category", "player_a_id", "player_b_id", "expected_rating_gap", "status", "match_id", "created_at", "fixture_strategy") VALUES ('4944eaac-b20f-45af-b88f-e18787839a12', 'e60a1e25-b146-43bf-a7b9-4c8304075486', 1, 4, 'COMPETITIVE', '73ff93cc-faa2-4075-9d33-4ce7dc03be47', 'e64dd84c-1f5e-4315-805d-aee1927f811a', '52.52', 'PLAYED', 'a3d6cdfc-c860-41bf-92fb-b0a01ee2a3e6', '2026-05-17 20:57:50.457489+05:30', 'TEAM_FORMAT') ON CONFLICT DO NOTHING;
INSERT INTO event_fixture_slot ("slot_id", "event_id", "round_number", "table_number", "match_category", "player_a_id", "player_b_id", "expected_rating_gap", "status", "match_id", "created_at", "fixture_strategy") VALUES ('9b5bc953-6000-4666-8c3c-935b835c2780', 'e60a1e25-b146-43bf-a7b9-4c8304075486', 1, 3, 'COMPETITIVE', '0b0c2392-049b-42dc-bd25-a9d204f900df', '9715b189-16e0-4e36-9a3a-e52979afbc96', '18.33', 'PLAYED', 'eb1859e4-163d-42bc-8c9a-3d8b4b493aaf', '2026-05-17 20:57:50.457489+05:30', 'TEAM_FORMAT') ON CONFLICT DO NOTHING;
INSERT INTO event_fixture_slot ("slot_id", "event_id", "round_number", "table_number", "match_category", "player_a_id", "player_b_id", "expected_rating_gap", "status", "match_id", "created_at", "fixture_strategy") VALUES ('cf465cc8-b741-4f37-aa5f-d2d6fee0da39', 'e60a1e25-b146-43bf-a7b9-4c8304075486', 1, 2, 'COMPETITIVE', '60545ecc-81a6-4dd2-b5b3-7e9e3d0d3b59', '81fa98d1-112e-43f9-9f24-d64664b0fed5', '5.63', 'PLAYED', '297001b0-9b0a-448c-97ca-02caa615b833', '2026-05-17 20:57:50.457489+05:30', 'TEAM_FORMAT') ON CONFLICT DO NOTHING;
INSERT INTO event_fixture_slot ("slot_id", "event_id", "round_number", "table_number", "match_category", "player_a_id", "player_b_id", "expected_rating_gap", "status", "match_id", "created_at", "fixture_strategy") VALUES ('d0db9e34-ce27-414c-be5c-80c0f3387848', 'e60a1e25-b146-43bf-a7b9-4c8304075486', 1, 1, 'COMPETITIVE', '8d655a59-1da9-4344-b145-1a5b48a57b89', 'da113ab1-0ea2-4c3b-ae8b-4841635058e0', '39.92', 'PLAYED', '409ff187-7769-4920-babe-8cbf7bc01865', '2026-05-17 20:57:50.457489+05:30', 'TEAM_FORMAT') ON CONFLICT DO NOTHING;
INSERT INTO event_fixture_slot ("slot_id", "event_id", "round_number", "table_number", "match_category", "player_a_id", "player_b_id", "expected_rating_gap", "status", "match_id", "created_at", "fixture_strategy") VALUES ('f7f36ba6-2e49-4b71-b59a-a5ba9983f45e', '55bf08e1-c932-4d77-915b-9355990a4c82', 1, 1, 'COMPETITIVE', '60545ecc-81a6-4dd2-b5b3-7e9e3d0d3b59', '9715b189-16e0-4e36-9a3a-e52979afbc96', '48.72', 'SCHEDULED', NULL, '2026-05-26 21:23:05.279575+05:30', 'TIER_MATCHED') ON CONFLICT DO NOTHING;
INSERT INTO event_fixture_slot ("slot_id", "event_id", "round_number", "table_number", "match_category", "player_a_id", "player_b_id", "expected_rating_gap", "status", "match_id", "created_at", "fixture_strategy") VALUES ('9b822630-3728-476b-a627-8cee4fe735a7', '7aa7430c-2721-4a47-b018-515879a8210b', 1, 1, 'STRETCH', '0b0c2392-049b-42dc-bd25-a9d204f900df', 'da113ab1-0ea2-4c3b-ae8b-4841635058e0', '157.90', 'SCHEDULED', NULL, '2026-05-23 18:17:41.796867+05:30', 'TEAM_FORMAT') ON CONFLICT DO NOTHING;
INSERT INTO event_fixture_slot ("slot_id", "event_id", "round_number", "table_number", "match_category", "player_a_id", "player_b_id", "expected_rating_gap", "status", "match_id", "created_at", "fixture_strategy") VALUES ('a5eb0f3c-b367-4e7e-96b0-1ed4722b3bc0', '7aa7430c-2721-4a47-b018-515879a8210b', 1, 2, 'STRETCH', '73ff93cc-faa2-4075-9d33-4ce7dc03be47', '81fa98d1-112e-43f9-9f24-d64664b0fed5', '118.13', 'SCHEDULED', NULL, '2026-05-23 18:17:41.796867+05:30', 'TEAM_FORMAT') ON CONFLICT DO NOTHING;
INSERT INTO event_fixture_slot ("slot_id", "event_id", "round_number", "table_number", "match_category", "player_a_id", "player_b_id", "expected_rating_gap", "status", "match_id", "created_at", "fixture_strategy") VALUES ('535b4854-202d-44c8-8785-f07363b149d9', '7aa7430c-2721-4a47-b018-515879a8210b', 1, 5, 'COMPETITIVE', '0318fe32-5a19-4879-ae9e-f2b8446b7d4e', NULL, '0.00', 'BYE', NULL, '2026-05-23 18:17:41.796867+05:30', 'TEAM_FORMAT') ON CONFLICT DO NOTHING;
INSERT INTO event_fixture_slot ("slot_id", "event_id", "round_number", "table_number", "match_category", "player_a_id", "player_b_id", "expected_rating_gap", "status", "match_id", "created_at", "fixture_strategy") VALUES ('b908ac6f-9300-466c-be6a-086ee8821ee1', '7aa7430c-2721-4a47-b018-515879a8210b', 1, 4, 'COMPETITIVE', '0fee5f30-1cf6-4d42-af74-dedf416ba2bd', '977aff98-e9d5-496d-b8df-356cdab11f23', '51.39', 'PLAYED', '98708ec0-7420-4f82-a269-2e7fbda52e92', '2026-05-23 18:17:41.796867+05:30', 'TEAM_FORMAT') ON CONFLICT DO NOTHING;
INSERT INTO event_fixture_slot ("slot_id", "event_id", "round_number", "table_number", "match_category", "player_a_id", "player_b_id", "expected_rating_gap", "status", "match_id", "created_at", "fixture_strategy") VALUES ('74fd87b8-419b-4fce-bde3-4ada3cbeb5bc', '7aa7430c-2721-4a47-b018-515879a8210b', 1, 3, 'COMPETITIVE', '96fa35f0-597e-4a23-a2fc-3988a76eac04', 'fd932c5c-788d-44a7-b5c2-7b80c6192675', '90.16', 'PLAYED', '8428f3b7-feca-40ca-b6a6-880f1bc76004', '2026-05-23 18:17:41.796867+05:30', 'TEAM_FORMAT') ON CONFLICT DO NOTHING;
INSERT INTO event_fixture_slot ("slot_id", "event_id", "round_number", "table_number", "match_category", "player_a_id", "player_b_id", "expected_rating_gap", "status", "match_id", "created_at", "fixture_strategy") VALUES ('0d0595ea-376f-4031-a61b-10b3815a01a3', '55bf08e1-c932-4d77-915b-9355990a4c82', 1, 2, 'COMPETITIVE', '0b0c2392-049b-42dc-bd25-a9d204f900df', '81fa98d1-112e-43f9-9f24-d64664b0fed5', '72.68', 'SCHEDULED', NULL, '2026-05-26 21:23:05.279575+05:30', 'TIER_MATCHED') ON CONFLICT DO NOTHING;
INSERT INTO event_fixture_slot ("slot_id", "event_id", "round_number", "table_number", "match_category", "player_a_id", "player_b_id", "expected_rating_gap", "status", "match_id", "created_at", "fixture_strategy") VALUES ('4762b4f0-e828-4831-a4df-82c54c2e5e27', '55bf08e1-c932-4d77-915b-9355990a4c82', 1, 3, 'COMPETITIVE', 'da113ab1-0ea2-4c3b-ae8b-4841635058e0', NULL, '0.00', 'BYE', NULL, '2026-05-26 21:23:05.279575+05:30', 'TIER_MATCHED') ON CONFLICT DO NOTHING;
INSERT INTO event_fixture_slot ("slot_id", "event_id", "round_number", "table_number", "match_category", "player_a_id", "player_b_id", "expected_rating_gap", "status", "match_id", "created_at", "fixture_strategy") VALUES ('948508b8-e7b5-4881-9c27-143473a22c23', '55bf08e1-c932-4d77-915b-9355990a4c82', 2, 1, 'STRETCH', '9715b189-16e0-4e36-9a3a-e52979afbc96', 'da113ab1-0ea2-4c3b-ae8b-4841635058e0', '139.57', 'SCHEDULED', NULL, '2026-05-26 21:23:05.279575+05:30', 'TIER_MATCHED') ON CONFLICT DO NOTHING;
INSERT INTO event_fixture_slot ("slot_id", "event_id", "round_number", "table_number", "match_category", "player_a_id", "player_b_id", "expected_rating_gap", "status", "match_id", "created_at", "fixture_strategy") VALUES ('6dc24585-2b03-4f28-a097-fad131e390ea', '55bf08e1-c932-4d77-915b-9355990a4c82', 2, 2, 'COMPETITIVE', '60545ecc-81a6-4dd2-b5b3-7e9e3d0d3b59', '81fa98d1-112e-43f9-9f24-d64664b0fed5', '5.63', 'SCHEDULED', NULL, '2026-05-26 21:23:05.279575+05:30', 'TIER_MATCHED') ON CONFLICT DO NOTHING;
INSERT INTO event_fixture_slot ("slot_id", "event_id", "round_number", "table_number", "match_category", "player_a_id", "player_b_id", "expected_rating_gap", "status", "match_id", "created_at", "fixture_strategy") VALUES ('033a6d81-1899-49ef-b5eb-58fa3874c4e8', '55bf08e1-c932-4d77-915b-9355990a4c82', 2, 3, 'COMPETITIVE', '0b0c2392-049b-42dc-bd25-a9d204f900df', NULL, '0.00', 'BYE', NULL, '2026-05-26 21:23:05.279575+05:30', 'TIER_MATCHED') ON CONFLICT DO NOTHING;
INSERT INTO event_fixture_slot ("slot_id", "event_id", "round_number", "table_number", "match_category", "player_a_id", "player_b_id", "expected_rating_gap", "status", "match_id", "created_at", "fixture_strategy") VALUES ('b71fde8a-813e-4230-8855-19d8a61cc3e2', '55bf08e1-c932-4d77-915b-9355990a4c82', 3, 1, 'STRETCH', '0b0c2392-049b-42dc-bd25-a9d204f900df', 'da113ab1-0ea2-4c3b-ae8b-4841635058e0', '157.90', 'SCHEDULED', NULL, '2026-05-26 21:23:05.279575+05:30', 'TIER_MATCHED') ON CONFLICT DO NOTHING;
INSERT INTO event_fixture_slot ("slot_id", "event_id", "round_number", "table_number", "match_category", "player_a_id", "player_b_id", "expected_rating_gap", "status", "match_id", "created_at", "fixture_strategy") VALUES ('32205fdc-a62e-49f4-86c5-45975a7163b2', '55bf08e1-c932-4d77-915b-9355990a4c82', 3, 2, 'COMPETITIVE', '81fa98d1-112e-43f9-9f24-d64664b0fed5', '9715b189-16e0-4e36-9a3a-e52979afbc96', '54.35', 'SCHEDULED', NULL, '2026-05-26 21:23:05.279575+05:30', 'TIER_MATCHED') ON CONFLICT DO NOTHING;
INSERT INTO event_fixture_slot ("slot_id", "event_id", "round_number", "table_number", "match_category", "player_a_id", "player_b_id", "expected_rating_gap", "status", "match_id", "created_at", "fixture_strategy") VALUES ('2013431c-9c54-43c0-b9ba-901e86a115c2', '55bf08e1-c932-4d77-915b-9355990a4c82', 3, 3, 'COMPETITIVE', '60545ecc-81a6-4dd2-b5b3-7e9e3d0d3b59', NULL, '0.00', 'BYE', NULL, '2026-05-26 21:23:05.279575+05:30', 'TIER_MATCHED') ON CONFLICT DO NOTHING;
INSERT INTO event_fixture_slot ("slot_id", "event_id", "round_number", "table_number", "match_category", "player_a_id", "player_b_id", "expected_rating_gap", "status", "match_id", "created_at", "fixture_strategy") VALUES ('125b31b0-727a-4bb7-a096-8de1c7e6e3d6', '55bf08e1-c932-4d77-915b-9355990a4c82', 4, 1, 'COMPETITIVE', '81fa98d1-112e-43f9-9f24-d64664b0fed5', 'da113ab1-0ea2-4c3b-ae8b-4841635058e0', '85.22', 'SCHEDULED', NULL, '2026-05-26 21:23:05.279575+05:30', 'TIER_MATCHED') ON CONFLICT DO NOTHING;
INSERT INTO event_fixture_slot ("slot_id", "event_id", "round_number", "table_number", "match_category", "player_a_id", "player_b_id", "expected_rating_gap", "status", "match_id", "created_at", "fixture_strategy") VALUES ('c2f15374-67ea-4fb4-a3bb-75208b33b322', '55bf08e1-c932-4d77-915b-9355990a4c82', 4, 2, 'COMPETITIVE', '0b0c2392-049b-42dc-bd25-a9d204f900df', '60545ecc-81a6-4dd2-b5b3-7e9e3d0d3b59', '67.05', 'SCHEDULED', NULL, '2026-05-26 21:23:05.279575+05:30', 'TIER_MATCHED') ON CONFLICT DO NOTHING;
INSERT INTO event_fixture_slot ("slot_id", "event_id", "round_number", "table_number", "match_category", "player_a_id", "player_b_id", "expected_rating_gap", "status", "match_id", "created_at", "fixture_strategy") VALUES ('5e8e487f-f67e-44e4-aa1c-6b2bf0da9196', '55bf08e1-c932-4d77-915b-9355990a4c82', 4, 3, 'COMPETITIVE', '9715b189-16e0-4e36-9a3a-e52979afbc96', NULL, '0.00', 'BYE', NULL, '2026-05-26 21:23:05.279575+05:30', 'TIER_MATCHED') ON CONFLICT DO NOTHING;
INSERT INTO event_fixture_slot ("slot_id", "event_id", "round_number", "table_number", "match_category", "player_a_id", "player_b_id", "expected_rating_gap", "status", "match_id", "created_at", "fixture_strategy") VALUES ('da0f92c2-d8f1-41d7-8a6a-ecd245a125c6', '55bf08e1-c932-4d77-915b-9355990a4c82', 5, 1, 'COMPETITIVE', '60545ecc-81a6-4dd2-b5b3-7e9e3d0d3b59', 'da113ab1-0ea2-4c3b-ae8b-4841635058e0', '90.85', 'SCHEDULED', NULL, '2026-05-26 21:23:05.279575+05:30', 'TIER_MATCHED') ON CONFLICT DO NOTHING;
INSERT INTO event_fixture_slot ("slot_id", "event_id", "round_number", "table_number", "match_category", "player_a_id", "player_b_id", "expected_rating_gap", "status", "match_id", "created_at", "fixture_strategy") VALUES ('0dac6ed8-bc11-479f-aa36-fc09a43b1ac5', '55bf08e1-c932-4d77-915b-9355990a4c82', 5, 2, 'COMPETITIVE', '0b0c2392-049b-42dc-bd25-a9d204f900df', '9715b189-16e0-4e36-9a3a-e52979afbc96', '18.33', 'SCHEDULED', NULL, '2026-05-26 21:23:05.279575+05:30', 'TIER_MATCHED') ON CONFLICT DO NOTHING;
INSERT INTO event_fixture_slot ("slot_id", "event_id", "round_number", "table_number", "match_category", "player_a_id", "player_b_id", "expected_rating_gap", "status", "match_id", "created_at", "fixture_strategy") VALUES ('063dae09-064a-4642-9433-5e1ef6b49d30', '55bf08e1-c932-4d77-915b-9355990a4c82', 5, 3, 'COMPETITIVE', '81fa98d1-112e-43f9-9f24-d64664b0fed5', NULL, '0.00', 'BYE', NULL, '2026-05-26 21:23:05.279575+05:30', 'TIER_MATCHED') ON CONFLICT DO NOTHING;
INSERT INTO event_fixture_slot ("slot_id", "event_id", "round_number", "table_number", "match_category", "player_a_id", "player_b_id", "expected_rating_gap", "status", "match_id", "created_at", "fixture_strategy") VALUES ('8c631239-b082-4faf-b8e6-f867041da15e', '55bf08e1-c932-4d77-915b-9355990a4c82', 6, 1, 'STRETCH', '73ff93cc-faa2-4075-9d33-4ce7dc03be47', '96fa35f0-597e-4a23-a2fc-3988a76eac04', '141.46', 'SCHEDULED', NULL, '2026-05-26 21:23:05.279575+05:30', 'TIER_MATCHED') ON CONFLICT DO NOTHING;
INSERT INTO event_fixture_slot ("slot_id", "event_id", "round_number", "table_number", "match_category", "player_a_id", "player_b_id", "expected_rating_gap", "status", "match_id", "created_at", "fixture_strategy") VALUES ('c35ea7da-103c-4a00-beaf-ac4074d393ed', '55bf08e1-c932-4d77-915b-9355990a4c82', 6, 2, 'COMPETITIVE', 'd451c934-9417-4802-8573-f477dbc2555d', 'e64dd84c-1f5e-4315-805d-aee1927f811a', '86.58', 'SCHEDULED', NULL, '2026-05-26 21:23:05.279575+05:30', 'TIER_MATCHED') ON CONFLICT DO NOTHING;
INSERT INTO event_fixture_slot ("slot_id", "event_id", "round_number", "table_number", "match_category", "player_a_id", "player_b_id", "expected_rating_gap", "status", "match_id", "created_at", "fixture_strategy") VALUES ('dd41b46b-cf49-415b-9df2-8ec42c8213ef', '55bf08e1-c932-4d77-915b-9355990a4c82', 6, 3, 'COMPETITIVE', '844eb01e-6ae7-4e02-8750-5cc56bc37517', '95e7740e-e77e-4758-8b15-f0a75e23291e', '9.75', 'SCHEDULED', NULL, '2026-05-26 21:23:05.279575+05:30', 'TIER_MATCHED') ON CONFLICT DO NOTHING;
INSERT INTO event_fixture_slot ("slot_id", "event_id", "round_number", "table_number", "match_category", "player_a_id", "player_b_id", "expected_rating_gap", "status", "match_id", "created_at", "fixture_strategy") VALUES ('d4385299-6fcd-4e07-ba0e-bfd86d477a7c', '55bf08e1-c932-4d77-915b-9355990a4c82', 7, 1, 'STRETCH', '73ff93cc-faa2-4075-9d33-4ce7dc03be47', 'd451c934-9417-4802-8573-f477dbc2555d', '139.10', 'SCHEDULED', NULL, '2026-05-26 21:23:05.279575+05:30', 'TIER_MATCHED') ON CONFLICT DO NOTHING;
INSERT INTO event_fixture_slot ("slot_id", "event_id", "round_number", "table_number", "match_category", "player_a_id", "player_b_id", "expected_rating_gap", "status", "match_id", "created_at", "fixture_strategy") VALUES ('fb52a4fa-8549-44c4-bf85-dea466fb3d93', '55bf08e1-c932-4d77-915b-9355990a4c82', 7, 2, 'COMPETITIVE', '844eb01e-6ae7-4e02-8750-5cc56bc37517', '96fa35f0-597e-4a23-a2fc-3988a76eac04', '85.41', 'SCHEDULED', NULL, '2026-05-26 21:23:05.279575+05:30', 'TIER_MATCHED') ON CONFLICT DO NOTHING;
INSERT INTO event_fixture_slot ("slot_id", "event_id", "round_number", "table_number", "match_category", "player_a_id", "player_b_id", "expected_rating_gap", "status", "match_id", "created_at", "fixture_strategy") VALUES ('db215556-72a5-44b5-b147-e1c144547891', '55bf08e1-c932-4d77-915b-9355990a4c82', 7, 3, 'COMPETITIVE', '95e7740e-e77e-4758-8b15-f0a75e23291e', 'e64dd84c-1f5e-4315-805d-aee1927f811a', '13.28', 'SCHEDULED', NULL, '2026-05-26 21:23:05.279575+05:30', 'TIER_MATCHED') ON CONFLICT DO NOTHING;
INSERT INTO event_fixture_slot ("slot_id", "event_id", "round_number", "table_number", "match_category", "player_a_id", "player_b_id", "expected_rating_gap", "status", "match_id", "created_at", "fixture_strategy") VALUES ('c0a6867c-d4e8-4c0a-a00e-82bdbfae39d7', '55bf08e1-c932-4d77-915b-9355990a4c82', 8, 1, 'COMPETITIVE', '73ff93cc-faa2-4075-9d33-4ce7dc03be47', '844eb01e-6ae7-4e02-8750-5cc56bc37517', '56.05', 'SCHEDULED', NULL, '2026-05-26 21:23:05.279575+05:30', 'TIER_MATCHED') ON CONFLICT DO NOTHING;
INSERT INTO event_fixture_slot ("slot_id", "event_id", "round_number", "table_number", "match_category", "player_a_id", "player_b_id", "expected_rating_gap", "status", "match_id", "created_at", "fixture_strategy") VALUES ('a9e48d6f-852f-4bf9-bfff-56d57a599290', '55bf08e1-c932-4d77-915b-9355990a4c82', 8, 2, 'COMPETITIVE', '95e7740e-e77e-4758-8b15-f0a75e23291e', 'd451c934-9417-4802-8573-f477dbc2555d', '73.30', 'SCHEDULED', NULL, '2026-05-26 21:23:05.279575+05:30', 'TIER_MATCHED') ON CONFLICT DO NOTHING;
INSERT INTO event_fixture_slot ("slot_id", "event_id", "round_number", "table_number", "match_category", "player_a_id", "player_b_id", "expected_rating_gap", "status", "match_id", "created_at", "fixture_strategy") VALUES ('c84376d0-0150-488b-992b-ad7c71b927b7', '55bf08e1-c932-4d77-915b-9355990a4c82', 8, 3, 'COMPETITIVE', '96fa35f0-597e-4a23-a2fc-3988a76eac04', 'e64dd84c-1f5e-4315-805d-aee1927f811a', '88.94', 'SCHEDULED', NULL, '2026-05-26 21:23:05.279575+05:30', 'TIER_MATCHED') ON CONFLICT DO NOTHING;
INSERT INTO event_fixture_slot ("slot_id", "event_id", "round_number", "table_number", "match_category", "player_a_id", "player_b_id", "expected_rating_gap", "status", "match_id", "created_at", "fixture_strategy") VALUES ('a7993062-16ad-4034-8465-5f0c59358f33', '55bf08e1-c932-4d77-915b-9355990a4c82', 9, 1, 'COMPETITIVE', '73ff93cc-faa2-4075-9d33-4ce7dc03be47', '95e7740e-e77e-4758-8b15-f0a75e23291e', '65.80', 'SCHEDULED', NULL, '2026-05-26 21:23:05.279575+05:30', 'TIER_MATCHED') ON CONFLICT DO NOTHING;
INSERT INTO event_fixture_slot ("slot_id", "event_id", "round_number", "table_number", "match_category", "player_a_id", "player_b_id", "expected_rating_gap", "status", "match_id", "created_at", "fixture_strategy") VALUES ('b2130802-12c1-4967-a643-aa7934da830c', '55bf08e1-c932-4d77-915b-9355990a4c82', 9, 2, 'COMPETITIVE', '844eb01e-6ae7-4e02-8750-5cc56bc37517', 'e64dd84c-1f5e-4315-805d-aee1927f811a', '3.53', 'SCHEDULED', NULL, '2026-05-26 21:23:05.279575+05:30', 'TIER_MATCHED') ON CONFLICT DO NOTHING;
INSERT INTO event_fixture_slot ("slot_id", "event_id", "round_number", "table_number", "match_category", "player_a_id", "player_b_id", "expected_rating_gap", "status", "match_id", "created_at", "fixture_strategy") VALUES ('386a2ee3-4159-49dd-9154-a92b84a2abf7', '55bf08e1-c932-4d77-915b-9355990a4c82', 9, 3, 'COMPETITIVE', '96fa35f0-597e-4a23-a2fc-3988a76eac04', 'd451c934-9417-4802-8573-f477dbc2555d', '2.36', 'SCHEDULED', NULL, '2026-05-26 21:23:05.279575+05:30', 'TIER_MATCHED') ON CONFLICT DO NOTHING;
INSERT INTO event_fixture_slot ("slot_id", "event_id", "round_number", "table_number", "match_category", "player_a_id", "player_b_id", "expected_rating_gap", "status", "match_id", "created_at", "fixture_strategy") VALUES ('56b1fbfa-d624-4e0e-94f8-81f8e96a520e', '55bf08e1-c932-4d77-915b-9355990a4c82', 10, 1, 'COMPETITIVE', '73ff93cc-faa2-4075-9d33-4ce7dc03be47', 'e64dd84c-1f5e-4315-805d-aee1927f811a', '52.52', 'SCHEDULED', NULL, '2026-05-26 21:23:05.279575+05:30', 'TIER_MATCHED') ON CONFLICT DO NOTHING;
INSERT INTO event_fixture_slot ("slot_id", "event_id", "round_number", "table_number", "match_category", "player_a_id", "player_b_id", "expected_rating_gap", "status", "match_id", "created_at", "fixture_strategy") VALUES ('090c24d0-5f4c-404e-860c-978e0d034659', '55bf08e1-c932-4d77-915b-9355990a4c82', 10, 2, 'COMPETITIVE', '95e7740e-e77e-4758-8b15-f0a75e23291e', '96fa35f0-597e-4a23-a2fc-3988a76eac04', '75.66', 'SCHEDULED', NULL, '2026-05-26 21:23:05.279575+05:30', 'TIER_MATCHED') ON CONFLICT DO NOTHING;
INSERT INTO event_fixture_slot ("slot_id", "event_id", "round_number", "table_number", "match_category", "player_a_id", "player_b_id", "expected_rating_gap", "status", "match_id", "created_at", "fixture_strategy") VALUES ('1c1e0150-8289-4e8c-bfab-bc2c1b8e9d31', '55bf08e1-c932-4d77-915b-9355990a4c82', 10, 3, 'COMPETITIVE', '844eb01e-6ae7-4e02-8750-5cc56bc37517', 'd451c934-9417-4802-8573-f477dbc2555d', '83.05', 'SCHEDULED', NULL, '2026-05-26 21:23:05.279575+05:30', 'TIER_MATCHED') ON CONFLICT DO NOTHING;
INSERT INTO event_fixture_slot ("slot_id", "event_id", "round_number", "table_number", "match_category", "player_a_id", "player_b_id", "expected_rating_gap", "status", "match_id", "created_at", "fixture_strategy") VALUES ('2c855847-d957-495d-9f17-9c22931c4ce3', '55bf08e1-c932-4d77-915b-9355990a4c82', 11, 1, 'COMPETITIVE', '977aff98-e9d5-496d-b8df-356cdab11f23', 'eee34108-f08d-4dfc-9cfc-9850603fd1d4', '58.12', 'SCHEDULED', NULL, '2026-05-26 21:23:05.279575+05:30', 'TIER_MATCHED') ON CONFLICT DO NOTHING;
INSERT INTO event_fixture_slot ("slot_id", "event_id", "round_number", "table_number", "match_category", "player_a_id", "player_b_id", "expected_rating_gap", "status", "match_id", "created_at", "fixture_strategy") VALUES ('968d7d28-c1ba-44d8-a5d6-a61a892992c5', '55bf08e1-c932-4d77-915b-9355990a4c82', 11, 2, 'COMPETITIVE', '0318fe32-5a19-4879-ae9e-f2b8446b7d4e', '788aa3a5-42db-4300-8ad9-dba0657557db', '50.00', 'SCHEDULED', NULL, '2026-05-26 21:23:05.279575+05:30', 'TIER_MATCHED') ON CONFLICT DO NOTHING;
INSERT INTO event_fixture_slot ("slot_id", "event_id", "round_number", "table_number", "match_category", "player_a_id", "player_b_id", "expected_rating_gap", "status", "match_id", "created_at", "fixture_strategy") VALUES ('485bc8f1-5671-48d1-a836-4006e716b901', '55bf08e1-c932-4d77-915b-9355990a4c82', 11, 3, 'COMPETITIVE', '0fee5f30-1cf6-4d42-af74-dedf416ba2bd', '1aa249f9-60ef-424e-accd-8e8666f2c294', '0.00', 'SCHEDULED', NULL, '2026-05-26 21:23:05.279575+05:30', 'TIER_MATCHED') ON CONFLICT DO NOTHING;
INSERT INTO event_fixture_slot ("slot_id", "event_id", "round_number", "table_number", "match_category", "player_a_id", "player_b_id", "expected_rating_gap", "status", "match_id", "created_at", "fixture_strategy") VALUES ('7cf65f72-5a3a-4b11-a8f5-203e7c7fa3e3', '55bf08e1-c932-4d77-915b-9355990a4c82', 11, 4, 'COMPETITIVE', 'fd932c5c-788d-44a7-b5c2-7b80c6192675', NULL, '0.00', 'BYE', NULL, '2026-05-26 21:23:05.279575+05:30', 'TIER_MATCHED') ON CONFLICT DO NOTHING;
INSERT INTO event_fixture_slot ("slot_id", "event_id", "round_number", "table_number", "match_category", "player_a_id", "player_b_id", "expected_rating_gap", "status", "match_id", "created_at", "fixture_strategy") VALUES ('4763dbe2-8b75-4d19-b06e-bd62125e4fa4', '55bf08e1-c932-4d77-915b-9355990a4c82', 12, 1, 'COMPETITIVE', 'eee34108-f08d-4dfc-9cfc-9850603fd1d4', 'fd932c5c-788d-44a7-b5c2-7b80c6192675', '40.91', 'SCHEDULED', NULL, '2026-05-26 21:23:05.279575+05:30', 'TIER_MATCHED') ON CONFLICT DO NOTHING;
INSERT INTO event_fixture_slot ("slot_id", "event_id", "round_number", "table_number", "match_category", "player_a_id", "player_b_id", "expected_rating_gap", "status", "match_id", "created_at", "fixture_strategy") VALUES ('07c585bc-31b0-44e9-84bc-f229f1a93740', '55bf08e1-c932-4d77-915b-9355990a4c82', 12, 2, 'COMPETITIVE', '0fee5f30-1cf6-4d42-af74-dedf416ba2bd', '977aff98-e9d5-496d-b8df-356cdab11f23', '51.39', 'SCHEDULED', NULL, '2026-05-26 21:23:05.279575+05:30', 'TIER_MATCHED') ON CONFLICT DO NOTHING;
INSERT INTO event_fixture_slot ("slot_id", "event_id", "round_number", "table_number", "match_category", "player_a_id", "player_b_id", "expected_rating_gap", "status", "match_id", "created_at", "fixture_strategy") VALUES ('2beabd60-2f66-4f15-bab6-dbd6900cfeef', '55bf08e1-c932-4d77-915b-9355990a4c82', 12, 3, 'COMPETITIVE', '0318fe32-5a19-4879-ae9e-f2b8446b7d4e', '1aa249f9-60ef-424e-accd-8e8666f2c294', '0.00', 'SCHEDULED', NULL, '2026-05-26 21:23:05.279575+05:30', 'TIER_MATCHED') ON CONFLICT DO NOTHING;
INSERT INTO event_fixture_slot ("slot_id", "event_id", "round_number", "table_number", "match_category", "player_a_id", "player_b_id", "expected_rating_gap", "status", "match_id", "created_at", "fixture_strategy") VALUES ('a475403a-5c3a-47f7-a42c-9e2c6c701952', '55bf08e1-c932-4d77-915b-9355990a4c82', 12, 4, 'COMPETITIVE', '788aa3a5-42db-4300-8ad9-dba0657557db', NULL, '0.00', 'BYE', NULL, '2026-05-26 21:23:05.279575+05:30', 'TIER_MATCHED') ON CONFLICT DO NOTHING;
INSERT INTO event_fixture_slot ("slot_id", "event_id", "round_number", "table_number", "match_category", "player_a_id", "player_b_id", "expected_rating_gap", "status", "match_id", "created_at", "fixture_strategy") VALUES ('64a5f9de-78fe-4c00-ad46-6de613e6ac90', '55bf08e1-c932-4d77-915b-9355990a4c82', 13, 1, 'COMPETITIVE', '788aa3a5-42db-4300-8ad9-dba0657557db', 'fd932c5c-788d-44a7-b5c2-7b80c6192675', '84.18', 'SCHEDULED', NULL, '2026-05-26 21:23:05.279575+05:30', 'TIER_MATCHED') ON CONFLICT DO NOTHING;
INSERT INTO event_fixture_slot ("slot_id", "event_id", "round_number", "table_number", "match_category", "player_a_id", "player_b_id", "expected_rating_gap", "status", "match_id", "created_at", "fixture_strategy") VALUES ('866be224-43e7-41b9-8390-64e2503ea10c', '55bf08e1-c932-4d77-915b-9355990a4c82', 13, 2, 'COMPETITIVE', '0fee5f30-1cf6-4d42-af74-dedf416ba2bd', 'eee34108-f08d-4dfc-9cfc-9850603fd1d4', '6.73', 'SCHEDULED', NULL, '2026-05-26 21:23:05.279575+05:30', 'TIER_MATCHED') ON CONFLICT DO NOTHING;
INSERT INTO event_fixture_slot ("slot_id", "event_id", "round_number", "table_number", "match_category", "player_a_id", "player_b_id", "expected_rating_gap", "status", "match_id", "created_at", "fixture_strategy") VALUES ('29b5f28b-aa1d-44a9-96f4-ac76556d8eda', '55bf08e1-c932-4d77-915b-9355990a4c82', 13, 3, 'COMPETITIVE', '0318fe32-5a19-4879-ae9e-f2b8446b7d4e', '977aff98-e9d5-496d-b8df-356cdab11f23', '51.39', 'SCHEDULED', NULL, '2026-05-26 21:23:05.279575+05:30', 'TIER_MATCHED') ON CONFLICT DO NOTHING;
INSERT INTO event_fixture_slot ("slot_id", "event_id", "round_number", "table_number", "match_category", "player_a_id", "player_b_id", "expected_rating_gap", "status", "match_id", "created_at", "fixture_strategy") VALUES ('aab3683a-9587-4a3a-ab60-3c6bf5847853', '55bf08e1-c932-4d77-915b-9355990a4c82', 13, 4, 'COMPETITIVE', '1aa249f9-60ef-424e-accd-8e8666f2c294', NULL, '0.00', 'BYE', NULL, '2026-05-26 21:23:05.279575+05:30', 'TIER_MATCHED') ON CONFLICT DO NOTHING;
INSERT INTO event_fixture_slot ("slot_id", "event_id", "round_number", "table_number", "match_category", "player_a_id", "player_b_id", "expected_rating_gap", "status", "match_id", "created_at", "fixture_strategy") VALUES ('a9dd30eb-e704-488e-928f-486eb06196f7', '55bf08e1-c932-4d77-915b-9355990a4c82', 14, 1, 'COMPETITIVE', '0fee5f30-1cf6-4d42-af74-dedf416ba2bd', 'fd932c5c-788d-44a7-b5c2-7b80c6192675', '34.18', 'SCHEDULED', NULL, '2026-05-26 21:23:05.279575+05:30', 'TIER_MATCHED') ON CONFLICT DO NOTHING;
INSERT INTO event_fixture_slot ("slot_id", "event_id", "round_number", "table_number", "match_category", "player_a_id", "player_b_id", "expected_rating_gap", "status", "match_id", "created_at", "fixture_strategy") VALUES ('65734189-074a-4ac1-bd97-1e5881ecac3f', '55bf08e1-c932-4d77-915b-9355990a4c82', 14, 2, 'COMPETITIVE', '1aa249f9-60ef-424e-accd-8e8666f2c294', '788aa3a5-42db-4300-8ad9-dba0657557db', '50.00', 'SCHEDULED', NULL, '2026-05-26 21:23:05.279575+05:30', 'TIER_MATCHED') ON CONFLICT DO NOTHING;
INSERT INTO event_fixture_slot ("slot_id", "event_id", "round_number", "table_number", "match_category", "player_a_id", "player_b_id", "expected_rating_gap", "status", "match_id", "created_at", "fixture_strategy") VALUES ('6c54dd77-de3d-4b59-855f-a798fe47bf9e', '55bf08e1-c932-4d77-915b-9355990a4c82', 14, 3, 'COMPETITIVE', '0318fe32-5a19-4879-ae9e-f2b8446b7d4e', 'eee34108-f08d-4dfc-9cfc-9850603fd1d4', '6.73', 'SCHEDULED', NULL, '2026-05-26 21:23:05.279575+05:30', 'TIER_MATCHED') ON CONFLICT DO NOTHING;
INSERT INTO event_fixture_slot ("slot_id", "event_id", "round_number", "table_number", "match_category", "player_a_id", "player_b_id", "expected_rating_gap", "status", "match_id", "created_at", "fixture_strategy") VALUES ('4f69df56-532e-4ca6-8a5a-61eef1f4a75f', '55bf08e1-c932-4d77-915b-9355990a4c82', 14, 4, 'COMPETITIVE', '977aff98-e9d5-496d-b8df-356cdab11f23', NULL, '0.00', 'BYE', NULL, '2026-05-26 21:23:05.279575+05:30', 'TIER_MATCHED') ON CONFLICT DO NOTHING;
INSERT INTO event_fixture_slot ("slot_id", "event_id", "round_number", "table_number", "match_category", "player_a_id", "player_b_id", "expected_rating_gap", "status", "match_id", "created_at", "fixture_strategy") VALUES ('320fbc21-aa7c-4099-88ac-e107f4fab0fc', '55bf08e1-c932-4d77-915b-9355990a4c82', 15, 1, 'COMPETITIVE', '1aa249f9-60ef-424e-accd-8e8666f2c294', 'fd932c5c-788d-44a7-b5c2-7b80c6192675', '34.18', 'SCHEDULED', NULL, '2026-05-26 21:23:05.279575+05:30', 'TIER_MATCHED') ON CONFLICT DO NOTHING;
INSERT INTO event_fixture_slot ("slot_id", "event_id", "round_number", "table_number", "match_category", "player_a_id", "player_b_id", "expected_rating_gap", "status", "match_id", "created_at", "fixture_strategy") VALUES ('8f8f2042-4797-47bd-8139-b7916087b66e', '55bf08e1-c932-4d77-915b-9355990a4c82', 15, 2, 'COMPETITIVE', '0318fe32-5a19-4879-ae9e-f2b8446b7d4e', '0fee5f30-1cf6-4d42-af74-dedf416ba2bd', '0.00', 'SCHEDULED', NULL, '2026-05-26 21:23:05.279575+05:30', 'TIER_MATCHED') ON CONFLICT DO NOTHING;
INSERT INTO event_fixture_slot ("slot_id", "event_id", "round_number", "table_number", "match_category", "player_a_id", "player_b_id", "expected_rating_gap", "status", "match_id", "created_at", "fixture_strategy") VALUES ('1a861fc6-5184-451d-89aa-432a1b6fefb3', '55bf08e1-c932-4d77-915b-9355990a4c82', 15, 3, 'STRETCH', '788aa3a5-42db-4300-8ad9-dba0657557db', '977aff98-e9d5-496d-b8df-356cdab11f23', '101.39', 'SCHEDULED', NULL, '2026-05-26 21:23:05.279575+05:30', 'TIER_MATCHED') ON CONFLICT DO NOTHING;
INSERT INTO event_fixture_slot ("slot_id", "event_id", "round_number", "table_number", "match_category", "player_a_id", "player_b_id", "expected_rating_gap", "status", "match_id", "created_at", "fixture_strategy") VALUES ('ff0c209e-f464-4891-81b8-117008a9a41a', '55bf08e1-c932-4d77-915b-9355990a4c82', 15, 4, 'COMPETITIVE', 'eee34108-f08d-4dfc-9cfc-9850603fd1d4', NULL, '0.00', 'BYE', NULL, '2026-05-26 21:23:05.279575+05:30', 'TIER_MATCHED') ON CONFLICT DO NOTHING;
INSERT INTO event_fixture_slot ("slot_id", "event_id", "round_number", "table_number", "match_category", "player_a_id", "player_b_id", "expected_rating_gap", "status", "match_id", "created_at", "fixture_strategy") VALUES ('2d92081a-749a-465a-bf89-665d037d99fa', '55bf08e1-c932-4d77-915b-9355990a4c82', 16, 1, 'COMPETITIVE', '0318fe32-5a19-4879-ae9e-f2b8446b7d4e', 'fd932c5c-788d-44a7-b5c2-7b80c6192675', '34.18', 'SCHEDULED', NULL, '2026-05-26 21:23:05.279575+05:30', 'TIER_MATCHED') ON CONFLICT DO NOTHING;
INSERT INTO event_fixture_slot ("slot_id", "event_id", "round_number", "table_number", "match_category", "player_a_id", "player_b_id", "expected_rating_gap", "status", "match_id", "created_at", "fixture_strategy") VALUES ('95999875-0ea6-4693-842a-807f2191f5a3', '55bf08e1-c932-4d77-915b-9355990a4c82', 16, 2, 'COMPETITIVE', '1aa249f9-60ef-424e-accd-8e8666f2c294', '977aff98-e9d5-496d-b8df-356cdab11f23', '51.39', 'SCHEDULED', NULL, '2026-05-26 21:23:05.279575+05:30', 'TIER_MATCHED') ON CONFLICT DO NOTHING;
INSERT INTO event_fixture_slot ("slot_id", "event_id", "round_number", "table_number", "match_category", "player_a_id", "player_b_id", "expected_rating_gap", "status", "match_id", "created_at", "fixture_strategy") VALUES ('1469302f-510b-4f35-b4c7-318737b341c4', '55bf08e1-c932-4d77-915b-9355990a4c82', 16, 3, 'COMPETITIVE', '788aa3a5-42db-4300-8ad9-dba0657557db', 'eee34108-f08d-4dfc-9cfc-9850603fd1d4', '43.27', 'SCHEDULED', NULL, '2026-05-26 21:23:05.279575+05:30', 'TIER_MATCHED') ON CONFLICT DO NOTHING;
INSERT INTO event_fixture_slot ("slot_id", "event_id", "round_number", "table_number", "match_category", "player_a_id", "player_b_id", "expected_rating_gap", "status", "match_id", "created_at", "fixture_strategy") VALUES ('c38310d5-9493-4d7f-a385-aa244d13161e', '55bf08e1-c932-4d77-915b-9355990a4c82', 16, 4, 'COMPETITIVE', '0fee5f30-1cf6-4d42-af74-dedf416ba2bd', NULL, '0.00', 'BYE', NULL, '2026-05-26 21:23:05.279575+05:30', 'TIER_MATCHED') ON CONFLICT DO NOTHING;
INSERT INTO event_fixture_slot ("slot_id", "event_id", "round_number", "table_number", "match_category", "player_a_id", "player_b_id", "expected_rating_gap", "status", "match_id", "created_at", "fixture_strategy") VALUES ('72e2887c-4288-4b68-bc63-aff0d4e1c814', '55bf08e1-c932-4d77-915b-9355990a4c82', 17, 1, 'COMPETITIVE', '977aff98-e9d5-496d-b8df-356cdab11f23', 'fd932c5c-788d-44a7-b5c2-7b80c6192675', '17.21', 'SCHEDULED', NULL, '2026-05-26 21:23:05.279575+05:30', 'TIER_MATCHED') ON CONFLICT DO NOTHING;
INSERT INTO event_fixture_slot ("slot_id", "event_id", "round_number", "table_number", "match_category", "player_a_id", "player_b_id", "expected_rating_gap", "status", "match_id", "created_at", "fixture_strategy") VALUES ('cf82be04-b06c-4fed-8f02-63784e0aed25', '55bf08e1-c932-4d77-915b-9355990a4c82', 17, 2, 'COMPETITIVE', '1aa249f9-60ef-424e-accd-8e8666f2c294', 'eee34108-f08d-4dfc-9cfc-9850603fd1d4', '6.73', 'SCHEDULED', NULL, '2026-05-26 21:23:05.279575+05:30', 'TIER_MATCHED') ON CONFLICT DO NOTHING;
INSERT INTO event_fixture_slot ("slot_id", "event_id", "round_number", "table_number", "match_category", "player_a_id", "player_b_id", "expected_rating_gap", "status", "match_id", "created_at", "fixture_strategy") VALUES ('4a0cd638-4134-47c8-b1d1-36831c033afb', '55bf08e1-c932-4d77-915b-9355990a4c82', 17, 3, 'COMPETITIVE', '0fee5f30-1cf6-4d42-af74-dedf416ba2bd', '788aa3a5-42db-4300-8ad9-dba0657557db', '50.00', 'SCHEDULED', NULL, '2026-05-26 21:23:05.279575+05:30', 'TIER_MATCHED') ON CONFLICT DO NOTHING;
INSERT INTO event_fixture_slot ("slot_id", "event_id", "round_number", "table_number", "match_category", "player_a_id", "player_b_id", "expected_rating_gap", "status", "match_id", "created_at", "fixture_strategy") VALUES ('92215cd4-35e9-4660-989a-f3d1b166e320', '55bf08e1-c932-4d77-915b-9355990a4c82', 17, 4, 'COMPETITIVE', '0318fe32-5a19-4879-ae9e-f2b8446b7d4e', NULL, '0.00', 'BYE', NULL, '2026-05-26 21:23:05.279575+05:30', 'TIER_MATCHED') ON CONFLICT DO NOTHING;
INSERT INTO event_fixture_slot ("slot_id", "event_id", "round_number", "table_number", "match_category", "player_a_id", "player_b_id", "expected_rating_gap", "status", "match_id", "created_at", "fixture_strategy") VALUES ('a4fb1eb7-dc9e-4b28-8da5-535512572feb', '1873398a-4917-4e76-b5e7-d7059f970661', 1, 1, 'COMPETITIVE', '8d655a59-1da9-4344-b145-1a5b48a57b89', 'da113ab1-0ea2-4c3b-ae8b-4841635058e0', '21.78', 'PLAYED', 'bb6b1e1d-81b0-485a-a6b1-9920c1a6b736', '2026-05-10 13:30:41.710652+05:30', 'TEAM_FORMAT') ON CONFLICT DO NOTHING;
INSERT INTO event_fixture_slot ("slot_id", "event_id", "round_number", "table_number", "match_category", "player_a_id", "player_b_id", "expected_rating_gap", "status", "match_id", "created_at", "fixture_strategy") VALUES ('78f189e8-0468-4581-a01a-113c19057a52', '1873398a-4917-4e76-b5e7-d7059f970661', 1, 2, 'COMPETITIVE', '60545ecc-81a6-4dd2-b5b3-7e9e3d0d3b59', '81fa98d1-112e-43f9-9f24-d64664b0fed5', '12.41', 'PLAYED', 'fe2c5c6d-2417-49ae-a020-29acf90c302d', '2026-05-10 13:30:41.710652+05:30', 'TEAM_FORMAT') ON CONFLICT DO NOTHING;
INSERT INTO event_fixture_slot ("slot_id", "event_id", "round_number", "table_number", "match_category", "player_a_id", "player_b_id", "expected_rating_gap", "status", "match_id", "created_at", "fixture_strategy") VALUES ('0251d593-4c49-438c-95ae-24dd63e46381', '1873398a-4917-4e76-b5e7-d7059f970661', 1, 3, 'COMPETITIVE', '0b0c2392-049b-42dc-bd25-a9d204f900df', '9715b189-16e0-4e36-9a3a-e52979afbc96', '92.25', 'PLAYED', '237772bc-e3fa-44f1-931f-299db72d8103', '2026-05-10 13:30:41.710652+05:30', 'TEAM_FORMAT') ON CONFLICT DO NOTHING;
INSERT INTO event_fixture_slot ("slot_id", "event_id", "round_number", "table_number", "match_category", "player_a_id", "player_b_id", "expected_rating_gap", "status", "match_id", "created_at", "fixture_strategy") VALUES ('c16c6026-7b17-418f-a945-1e55e100f198', '1873398a-4917-4e76-b5e7-d7059f970661', 1, 4, 'COMPETITIVE', '73ff93cc-faa2-4075-9d33-4ce7dc03be47', '844eb01e-6ae7-4e02-8750-5cc56bc37517', '29.38', 'PLAYED', '4f8eab09-9e35-480f-b65f-54999c6b84a0', '2026-05-10 13:30:41.710652+05:30', 'TEAM_FORMAT') ON CONFLICT DO NOTHING;
INSERT INTO event_fixture_slot ("slot_id", "event_id", "round_number", "table_number", "match_category", "player_a_id", "player_b_id", "expected_rating_gap", "status", "match_id", "created_at", "fixture_strategy") VALUES ('b40268b0-828c-4e72-83a6-6d2f4209e96d', '1873398a-4917-4e76-b5e7-d7059f970661', 1, 5, 'COMPETITIVE', 'd451c934-9417-4802-8573-f477dbc2555d', 'e64dd84c-1f5e-4315-805d-aee1927f811a', '47.37', 'PLAYED', 'c90d97b8-ec1a-44cd-896a-256cb15951ba', '2026-05-10 13:30:41.710652+05:30', 'TEAM_FORMAT') ON CONFLICT DO NOTHING;
INSERT INTO event_fixture_slot ("slot_id", "event_id", "round_number", "table_number", "match_category", "player_a_id", "player_b_id", "expected_rating_gap", "status", "match_id", "created_at", "fixture_strategy") VALUES ('eb922841-012a-4e93-808c-aa390082410b', '1873398a-4917-4e76-b5e7-d7059f970661', 1, 6, 'STRETCH', '96fa35f0-597e-4a23-a2fc-3988a76eac04', 'fd932c5c-788d-44a7-b5c2-7b80c6192675', '141.48', 'PLAYED', 'de618a22-1615-439b-baa1-8ab235ecf450', '2026-05-10 13:30:41.710652+05:30', 'TEAM_FORMAT') ON CONFLICT DO NOTHING;
INSERT INTO event_fixture_slot ("slot_id", "event_id", "round_number", "table_number", "match_category", "player_a_id", "player_b_id", "expected_rating_gap", "status", "match_id", "created_at", "fixture_strategy") VALUES ('798ee146-2690-4318-a714-d39dd0462f73', '1873398a-4917-4e76-b5e7-d7059f970661', 1, 8, 'COMPETITIVE', '1aa249f9-60ef-424e-accd-8e8666f2c294', NULL, '0.00', 'BYE', NULL, '2026-05-10 13:30:41.710652+05:30', 'TEAM_FORMAT') ON CONFLICT DO NOTHING;
INSERT INTO event_fixture_slot ("slot_id", "event_id", "round_number", "table_number", "match_category", "player_a_id", "player_b_id", "expected_rating_gap", "status", "match_id", "created_at", "fixture_strategy") VALUES ('59ef47e8-340b-47b9-acd4-ddba67970494', '1873398a-4917-4e76-b5e7-d7059f970661', 1, 9, 'COMPETITIVE', '788aa3a5-42db-4300-8ad9-dba0657557db', NULL, '0.00', 'BYE', NULL, '2026-05-10 13:30:41.710652+05:30', 'TEAM_FORMAT') ON CONFLICT DO NOTHING;
INSERT INTO event_fixture_slot ("slot_id", "event_id", "round_number", "table_number", "match_category", "player_a_id", "player_b_id", "expected_rating_gap", "status", "match_id", "created_at", "fixture_strategy") VALUES ('0f1345c4-3434-49cf-b745-9f8c4e793ae8', '1873398a-4917-4e76-b5e7-d7059f970661', 1, 10, 'COMPETITIVE', '63f84af5-058e-4ea8-8c9f-c5899f64e660', NULL, '0.00', 'BYE', NULL, '2026-05-10 13:30:41.710652+05:30', 'TEAM_FORMAT') ON CONFLICT DO NOTHING;
INSERT INTO event_fixture_slot ("slot_id", "event_id", "round_number", "table_number", "match_category", "player_a_id", "player_b_id", "expected_rating_gap", "status", "match_id", "created_at", "fixture_strategy") VALUES ('a0684918-1b5c-4a52-9a9b-bf97cc459b34', '1873398a-4917-4e76-b5e7-d7059f970661', 1, 7, 'COMPETITIVE', '977aff98-e9d5-496d-b8df-356cdab11f23', 'eee34108-f08d-4dfc-9cfc-9850603fd1d4', '55.34', 'PLAYED', 'aaebcf4a-ebc7-488e-b82d-4f90261ab25a', '2026-05-10 13:30:41.710652+05:30', 'TEAM_FORMAT') ON CONFLICT DO NOTHING;

ALTER TABLE fixture_slot DISABLE TRIGGER ALL;
-- Data for fixture_slot (76 rows)
INSERT INTO fixture_slot ("slot_id", "session_id", "round_number", "sub_round", "table_number", "match_category", "player_a_id", "player_b_id", "expected_rating_gap", "status", "match_id", "updated_by", "created_at", "updated_at") VALUES ('abbbe6bf-01d2-4e80-becb-113d83469807', 'e7b4a804-2cfe-4630-bf86-ac9ec6ee1411', 1, 'B', 1, 'COMPETITIVE', 'd451c934-9417-4802-8573-f477dbc2555d', NULL, '0.00', 'BYE', NULL, NULL, '2026-05-04 23:35:12.828495+05:30', '2026-05-04 23:35:12.828495+05:30') ON CONFLICT DO NOTHING;
INSERT INTO fixture_slot ("slot_id", "session_id", "round_number", "sub_round", "table_number", "match_category", "player_a_id", "player_b_id", "expected_rating_gap", "status", "match_id", "updated_by", "created_at", "updated_at") VALUES ('994300f3-0ab0-45d9-bc0f-85e15e4eb7bf', 'e7b4a804-2cfe-4630-bf86-ac9ec6ee1411', 2, 'B', 1, 'COMPETITIVE', '8d655a59-1da9-4344-b145-1a5b48a57b89', NULL, '0.00', 'BYE', NULL, NULL, '2026-05-04 23:35:12.828495+05:30', '2026-05-04 23:35:12.828495+05:30') ON CONFLICT DO NOTHING;
INSERT INTO fixture_slot ("slot_id", "session_id", "round_number", "sub_round", "table_number", "match_category", "player_a_id", "player_b_id", "expected_rating_gap", "status", "match_id", "updated_by", "created_at", "updated_at") VALUES ('3242a714-1a10-42d2-8b9d-d167b989ea4a', 'e7b4a804-2cfe-4630-bf86-ac9ec6ee1411', 3, 'B', 1, 'COMPETITIVE', '8d655a59-1da9-4344-b145-1a5b48a57b89', NULL, '0.00', 'BYE', NULL, NULL, '2026-05-04 23:35:12.828495+05:30', '2026-05-04 23:35:12.828495+05:30') ON CONFLICT DO NOTHING;
INSERT INTO fixture_slot ("slot_id", "session_id", "round_number", "sub_round", "table_number", "match_category", "player_a_id", "player_b_id", "expected_rating_gap", "status", "match_id", "updated_by", "created_at", "updated_at") VALUES ('642a80d8-7040-43a6-9670-08aa958db395', 'e7b4a804-2cfe-4630-bf86-ac9ec6ee1411', 4, 'B', 1, 'COMPETITIVE', '60545ecc-81a6-4dd2-b5b3-7e9e3d0d3b59', NULL, '0.00', 'BYE', NULL, NULL, '2026-05-04 23:35:12.828495+05:30', '2026-05-04 23:35:12.828495+05:30') ON CONFLICT DO NOTHING;
INSERT INTO fixture_slot ("slot_id", "session_id", "round_number", "sub_round", "table_number", "match_category", "player_a_id", "player_b_id", "expected_rating_gap", "status", "match_id", "updated_by", "created_at", "updated_at") VALUES ('dff68dc0-44e0-4a03-a064-cfc1adb81fee', '9fa3dea7-ece9-487b-b0a1-91c22d3e5ccc', 1, 'B', 1, 'COMPETITIVE', 'd451c934-9417-4802-8573-f477dbc2555d', NULL, '0.00', 'BYE', NULL, NULL, '2026-05-04 23:55:49.056491+05:30', '2026-05-04 23:55:49.056491+05:30') ON CONFLICT DO NOTHING;
INSERT INTO fixture_slot ("slot_id", "session_id", "round_number", "sub_round", "table_number", "match_category", "player_a_id", "player_b_id", "expected_rating_gap", "status", "match_id", "updated_by", "created_at", "updated_at") VALUES ('8dd45bfe-99d8-4284-9685-3752155b470d', '9fa3dea7-ece9-487b-b0a1-91c22d3e5ccc', 2, 'B', 1, 'COMPETITIVE', '8d655a59-1da9-4344-b145-1a5b48a57b89', NULL, '0.00', 'BYE', NULL, NULL, '2026-05-04 23:55:49.056491+05:30', '2026-05-04 23:55:49.056491+05:30') ON CONFLICT DO NOTHING;
INSERT INTO fixture_slot ("slot_id", "session_id", "round_number", "sub_round", "table_number", "match_category", "player_a_id", "player_b_id", "expected_rating_gap", "status", "match_id", "updated_by", "created_at", "updated_at") VALUES ('be1e6e00-bf15-42de-94e5-4a668abde546', '9fa3dea7-ece9-487b-b0a1-91c22d3e5ccc', 3, 'B', 1, 'COMPETITIVE', '8d655a59-1da9-4344-b145-1a5b48a57b89', NULL, '0.00', 'BYE', NULL, NULL, '2026-05-04 23:55:49.056491+05:30', '2026-05-04 23:55:49.056491+05:30') ON CONFLICT DO NOTHING;
INSERT INTO fixture_slot ("slot_id", "session_id", "round_number", "sub_round", "table_number", "match_category", "player_a_id", "player_b_id", "expected_rating_gap", "status", "match_id", "updated_by", "created_at", "updated_at") VALUES ('f9835adb-c891-495b-91b2-31295b462fca', '9fa3dea7-ece9-487b-b0a1-91c22d3e5ccc', 4, 'B', 1, 'COMPETITIVE', '60545ecc-81a6-4dd2-b5b3-7e9e3d0d3b59', NULL, '0.00', 'BYE', NULL, NULL, '2026-05-04 23:55:49.056491+05:30', '2026-05-04 23:55:49.056491+05:30') ON CONFLICT DO NOTHING;
INSERT INTO fixture_slot ("slot_id", "session_id", "round_number", "sub_round", "table_number", "match_category", "player_a_id", "player_b_id", "expected_rating_gap", "status", "match_id", "updated_by", "created_at", "updated_at") VALUES ('79fa9446-3d82-4105-8d7a-10e2d3565600', 'e7b4a804-2cfe-4630-bf86-ac9ec6ee1411', 1, 'A', 1, 'COMPETITIVE', '0b0c2392-049b-42dc-bd25-a9d204f900df', '73ff93cc-faa2-4075-9d33-4ce7dc03be47', '0.00', 'PLAYED', 'efb1efca-ae8a-4d6f-b334-3636e83c1d28', NULL, '2026-05-04 23:35:12.828495+05:30', '2026-05-04 23:35:12.828495+05:30') ON CONFLICT DO NOTHING;
INSERT INTO fixture_slot ("slot_id", "session_id", "round_number", "sub_round", "table_number", "match_category", "player_a_id", "player_b_id", "expected_rating_gap", "status", "match_id", "updated_by", "created_at", "updated_at") VALUES ('ebee4555-84ea-489d-afde-f6de467c1e42', 'e7b4a804-2cfe-4630-bf86-ac9ec6ee1411', 1, 'A', 2, 'COMPETITIVE', 'eee34108-f08d-4dfc-9cfc-9850603fd1d4', 'fd932c5c-788d-44a7-b5c2-7b80c6192675', '0.00', 'PLAYED', '42c26641-c41c-4fbd-8814-3020c55cc17c', NULL, '2026-05-04 23:35:12.828495+05:30', '2026-05-04 23:35:12.828495+05:30') ON CONFLICT DO NOTHING;
INSERT INTO fixture_slot ("slot_id", "session_id", "round_number", "sub_round", "table_number", "match_category", "player_a_id", "player_b_id", "expected_rating_gap", "status", "match_id", "updated_by", "created_at", "updated_at") VALUES ('31baa4a2-f265-4253-a2ae-bd523c243f41', 'e7b4a804-2cfe-4630-bf86-ac9ec6ee1411', 1, 'A', 3, 'COMPETITIVE', '60545ecc-81a6-4dd2-b5b3-7e9e3d0d3b59', '8d655a59-1da9-4344-b145-1a5b48a57b89', '100.00', 'PLAYED', '7eaac93e-3270-4261-9aa3-9f79cdbe523d', NULL, '2026-05-04 23:35:12.828495+05:30', '2026-05-04 23:35:12.828495+05:30') ON CONFLICT DO NOTHING;
INSERT INTO fixture_slot ("slot_id", "session_id", "round_number", "sub_round", "table_number", "match_category", "player_a_id", "player_b_id", "expected_rating_gap", "status", "match_id", "updated_by", "created_at", "updated_at") VALUES ('33e8c105-97fd-480e-b0d8-736694dca93e', 'e7b4a804-2cfe-4630-bf86-ac9ec6ee1411', 2, 'A', 1, 'COMPETITIVE', '73ff93cc-faa2-4075-9d33-4ce7dc03be47', 'd451c934-9417-4802-8573-f477dbc2555d', '0.00', 'PLAYED', '60463f19-6b14-4bca-912a-378355aae952', NULL, '2026-05-04 23:35:12.828495+05:30', '2026-05-04 23:35:12.828495+05:30') ON CONFLICT DO NOTHING;
INSERT INTO fixture_slot ("slot_id", "session_id", "round_number", "sub_round", "table_number", "match_category", "player_a_id", "player_b_id", "expected_rating_gap", "status", "match_id", "updated_by", "created_at", "updated_at") VALUES ('e32089e2-8b08-40b0-907e-dcfb082d0b52', 'e7b4a804-2cfe-4630-bf86-ac9ec6ee1411', 2, 'A', 3, 'STRETCH', '0b0c2392-049b-42dc-bd25-a9d204f900df', '60545ecc-81a6-4dd2-b5b3-7e9e3d0d3b59', '200.00', 'PLAYED', '0c4e7d6f-3e25-403b-ac06-768c379cc6de', NULL, '2026-05-04 23:35:12.828495+05:30', '2026-05-04 23:35:12.828495+05:30') ON CONFLICT DO NOTHING;
INSERT INTO fixture_slot ("slot_id", "session_id", "round_number", "sub_round", "table_number", "match_category", "player_a_id", "player_b_id", "expected_rating_gap", "status", "match_id", "updated_by", "created_at", "updated_at") VALUES ('941990a9-b34a-4c4f-aefa-142d35fdc9e1', 'e7b4a804-2cfe-4630-bf86-ac9ec6ee1411', 3, 'A', 1, 'STRETCH', '60545ecc-81a6-4dd2-b5b3-7e9e3d0d3b59', '73ff93cc-faa2-4075-9d33-4ce7dc03be47', '200.00', 'PLAYED', 'e3f26597-f2d9-4ea0-bd7e-87d1fa9ca231', NULL, '2026-05-04 23:35:12.828495+05:30', '2026-05-04 23:35:12.828495+05:30') ON CONFLICT DO NOTHING;
INSERT INTO fixture_slot ("slot_id", "session_id", "round_number", "sub_round", "table_number", "match_category", "player_a_id", "player_b_id", "expected_rating_gap", "status", "match_id", "updated_by", "created_at", "updated_at") VALUES ('4b80cbd7-54a8-41e5-955b-dd09db2f1c5b', 'e7b4a804-2cfe-4630-bf86-ac9ec6ee1411', 3, 'A', 2, 'STRETCH', '0b0c2392-049b-42dc-bd25-a9d204f900df', 'eee34108-f08d-4dfc-9cfc-9850603fd1d4', '200.00', 'PLAYED', 'b91fcdc9-a091-4bf3-860c-c61846bc020d', NULL, '2026-05-04 23:35:12.828495+05:30', '2026-05-04 23:35:12.828495+05:30') ON CONFLICT DO NOTHING;
INSERT INTO fixture_slot ("slot_id", "session_id", "round_number", "sub_round", "table_number", "match_category", "player_a_id", "player_b_id", "expected_rating_gap", "status", "match_id", "updated_by", "created_at", "updated_at") VALUES ('5638c9df-326f-4208-8903-5dd495e60720', 'e7b4a804-2cfe-4630-bf86-ac9ec6ee1411', 3, 'A', 3, 'STRETCH', 'd451c934-9417-4802-8573-f477dbc2555d', 'fd932c5c-788d-44a7-b5c2-7b80c6192675', '200.00', 'PLAYED', '60334290-3cba-4198-9067-91b116be3142', NULL, '2026-05-04 23:35:12.828495+05:30', '2026-05-04 23:35:12.828495+05:30') ON CONFLICT DO NOTHING;
INSERT INTO fixture_slot ("slot_id", "session_id", "round_number", "sub_round", "table_number", "match_category", "player_a_id", "player_b_id", "expected_rating_gap", "status", "match_id", "updated_by", "created_at", "updated_at") VALUES ('472bdad2-451a-4b21-a49c-ddb6e07f6866', 'e7b4a804-2cfe-4630-bf86-ac9ec6ee1411', 4, 'A', 1, 'COMPETITIVE', '0b0c2392-049b-42dc-bd25-a9d204f900df', 'd451c934-9417-4802-8573-f477dbc2555d', '0.00', 'PLAYED', '4fe41c25-2916-4ee3-acfb-150ef955b442', NULL, '2026-05-04 23:35:12.828495+05:30', '2026-05-04 23:35:12.828495+05:30') ON CONFLICT DO NOTHING;
INSERT INTO fixture_slot ("slot_id", "session_id", "round_number", "sub_round", "table_number", "match_category", "player_a_id", "player_b_id", "expected_rating_gap", "status", "match_id", "updated_by", "created_at", "updated_at") VALUES ('d03e3a05-7a08-4753-89a9-5b686d1cea58', 'e7b4a804-2cfe-4630-bf86-ac9ec6ee1411', 4, 'A', 3, 'STRETCH', '73ff93cc-faa2-4075-9d33-4ce7dc03be47', '8d655a59-1da9-4344-b145-1a5b48a57b89', '300.00', 'PLAYED', '2f76f563-f9eb-46b6-bd31-cf372fa2b413', NULL, '2026-05-04 23:35:12.828495+05:30', '2026-05-04 23:35:12.828495+05:30') ON CONFLICT DO NOTHING;
INSERT INTO fixture_slot ("slot_id", "session_id", "round_number", "sub_round", "table_number", "match_category", "player_a_id", "player_b_id", "expected_rating_gap", "status", "match_id", "updated_by", "created_at", "updated_at") VALUES ('7222f16d-12a6-40c9-869b-2dfec8e99289', 'e7b4a804-2cfe-4630-bf86-ac9ec6ee1411', 2, 'A', 2, 'COMPETITIVE', 'eee34108-f08d-4dfc-9cfc-9850603fd1d4', 'fd932c5c-788d-44a7-b5c2-7b80c6192675', '0.00', 'PLAYED', '22ebd3ad-5d66-4cb6-880b-cc48a842a07c', NULL, '2026-05-04 23:35:12.828495+05:30', '2026-05-04 23:35:12.828495+05:30') ON CONFLICT DO NOTHING;
INSERT INTO fixture_slot ("slot_id", "session_id", "round_number", "sub_round", "table_number", "match_category", "player_a_id", "player_b_id", "expected_rating_gap", "status", "match_id", "updated_by", "created_at", "updated_at") VALUES ('be1cb48c-e43d-42e2-8495-4245ba695665', 'e7b4a804-2cfe-4630-bf86-ac9ec6ee1411', 4, 'A', 2, 'COMPETITIVE', 'eee34108-f08d-4dfc-9cfc-9850603fd1d4', 'fd932c5c-788d-44a7-b5c2-7b80c6192675', '0.00', 'PLAYED', '09d84e07-8939-4a98-a18a-532d577e9617', NULL, '2026-05-04 23:35:12.828495+05:30', '2026-05-04 23:35:12.828495+05:30') ON CONFLICT DO NOTHING;
INSERT INTO fixture_slot ("slot_id", "session_id", "round_number", "sub_round", "table_number", "match_category", "player_a_id", "player_b_id", "expected_rating_gap", "status", "match_id", "updated_by", "created_at", "updated_at") VALUES ('cba4eb6e-de96-4d59-8e3a-1a10dc574e34', '9fa3dea7-ece9-487b-b0a1-91c22d3e5ccc', 1, 'A', 2, 'COMPETITIVE', 'eee34108-f08d-4dfc-9cfc-9850603fd1d4', 'fd932c5c-788d-44a7-b5c2-7b80c6192675', '0.00', 'PLAYED', 'f244194f-c05d-4216-ab3f-4180be3f3258', NULL, '2026-05-04 23:55:49.056491+05:30', '2026-05-04 23:55:49.056491+05:30') ON CONFLICT DO NOTHING;
INSERT INTO fixture_slot ("slot_id", "session_id", "round_number", "sub_round", "table_number", "match_category", "player_a_id", "player_b_id", "expected_rating_gap", "status", "match_id", "updated_by", "created_at", "updated_at") VALUES ('f236d80f-5373-4972-9bf8-172d8f3ced44', '9fa3dea7-ece9-487b-b0a1-91c22d3e5ccc', 1, 'A', 1, 'COMPETITIVE', '0b0c2392-049b-42dc-bd25-a9d204f900df', '73ff93cc-faa2-4075-9d33-4ce7dc03be47', '0.00', 'PLAYED', '48b67a6b-d0fe-4904-9c8f-ce50c18a803c', NULL, '2026-05-04 23:55:49.056491+05:30', '2026-05-04 23:55:49.056491+05:30') ON CONFLICT DO NOTHING;
INSERT INTO fixture_slot ("slot_id", "session_id", "round_number", "sub_round", "table_number", "match_category", "player_a_id", "player_b_id", "expected_rating_gap", "status", "match_id", "updated_by", "created_at", "updated_at") VALUES ('cd7e17ef-8bcc-409c-8211-274e06beb20d', '9fa3dea7-ece9-487b-b0a1-91c22d3e5ccc', 1, 'A', 3, 'COMPETITIVE', '60545ecc-81a6-4dd2-b5b3-7e9e3d0d3b59', '8d655a59-1da9-4344-b145-1a5b48a57b89', '100.00', 'PLAYED', 'd36172b0-fc60-41cf-ac2c-9b6434362b63', NULL, '2026-05-04 23:55:49.056491+05:30', '2026-05-04 23:55:49.056491+05:30') ON CONFLICT DO NOTHING;
INSERT INTO fixture_slot ("slot_id", "session_id", "round_number", "sub_round", "table_number", "match_category", "player_a_id", "player_b_id", "expected_rating_gap", "status", "match_id", "updated_by", "created_at", "updated_at") VALUES ('ba00207c-42a4-49d2-a621-3e695da5137d', '9fa3dea7-ece9-487b-b0a1-91c22d3e5ccc', 2, 'A', 1, 'COMPETITIVE', '73ff93cc-faa2-4075-9d33-4ce7dc03be47', 'd451c934-9417-4802-8573-f477dbc2555d', '0.00', 'PLAYED', 'd8e8450f-27c0-4a35-9fca-d4d7bbf4392f', NULL, '2026-05-04 23:55:49.056491+05:30', '2026-05-04 23:55:49.056491+05:30') ON CONFLICT DO NOTHING;
INSERT INTO fixture_slot ("slot_id", "session_id", "round_number", "sub_round", "table_number", "match_category", "player_a_id", "player_b_id", "expected_rating_gap", "status", "match_id", "updated_by", "created_at", "updated_at") VALUES ('ce92ebbc-f650-4e29-b3de-78cfafcec820', '9fa3dea7-ece9-487b-b0a1-91c22d3e5ccc', 2, 'A', 2, 'COMPETITIVE', 'eee34108-f08d-4dfc-9cfc-9850603fd1d4', 'fd932c5c-788d-44a7-b5c2-7b80c6192675', '0.00', 'PLAYED', '56e7485f-dbed-473e-bbe9-344a12fb54f9', NULL, '2026-05-04 23:55:49.056491+05:30', '2026-05-04 23:55:49.056491+05:30') ON CONFLICT DO NOTHING;
INSERT INTO fixture_slot ("slot_id", "session_id", "round_number", "sub_round", "table_number", "match_category", "player_a_id", "player_b_id", "expected_rating_gap", "status", "match_id", "updated_by", "created_at", "updated_at") VALUES ('59ff3f1e-5ae0-4255-92b1-203590c05e92', '9fa3dea7-ece9-487b-b0a1-91c22d3e5ccc', 2, 'A', 3, 'STRETCH', '0b0c2392-049b-42dc-bd25-a9d204f900df', '60545ecc-81a6-4dd2-b5b3-7e9e3d0d3b59', '200.00', 'PLAYED', 'da5e1d7b-9d02-4331-901b-2283370c7ed7', NULL, '2026-05-04 23:55:49.056491+05:30', '2026-05-04 23:55:49.056491+05:30') ON CONFLICT DO NOTHING;
INSERT INTO fixture_slot ("slot_id", "session_id", "round_number", "sub_round", "table_number", "match_category", "player_a_id", "player_b_id", "expected_rating_gap", "status", "match_id", "updated_by", "created_at", "updated_at") VALUES ('2fef34e4-b9d6-4170-9514-d16e5c1e52bb', '9fa3dea7-ece9-487b-b0a1-91c22d3e5ccc', 3, 'A', 1, 'STRETCH', '60545ecc-81a6-4dd2-b5b3-7e9e3d0d3b59', '73ff93cc-faa2-4075-9d33-4ce7dc03be47', '200.00', 'PLAYED', '7e524792-728c-42b5-985e-f3f6beadd599', NULL, '2026-05-04 23:55:49.056491+05:30', '2026-05-04 23:55:49.056491+05:30') ON CONFLICT DO NOTHING;
INSERT INTO fixture_slot ("slot_id", "session_id", "round_number", "sub_round", "table_number", "match_category", "player_a_id", "player_b_id", "expected_rating_gap", "status", "match_id", "updated_by", "created_at", "updated_at") VALUES ('a5546265-9044-414a-8775-e5be588ac319', '9fa3dea7-ece9-487b-b0a1-91c22d3e5ccc', 3, 'A', 2, 'STRETCH', '0b0c2392-049b-42dc-bd25-a9d204f900df', 'eee34108-f08d-4dfc-9cfc-9850603fd1d4', '200.00', 'PLAYED', '0d4b6e78-8bfd-426e-a069-9ccb791f1e3f', NULL, '2026-05-04 23:55:49.056491+05:30', '2026-05-04 23:55:49.056491+05:30') ON CONFLICT DO NOTHING;
INSERT INTO fixture_slot ("slot_id", "session_id", "round_number", "sub_round", "table_number", "match_category", "player_a_id", "player_b_id", "expected_rating_gap", "status", "match_id", "updated_by", "created_at", "updated_at") VALUES ('a2b82d42-5925-4bbb-82d3-16b32018ef95', '9fa3dea7-ece9-487b-b0a1-91c22d3e5ccc', 3, 'A', 3, 'STRETCH', 'd451c934-9417-4802-8573-f477dbc2555d', 'fd932c5c-788d-44a7-b5c2-7b80c6192675', '200.00', 'PLAYED', 'e480ace5-9ef6-4ccf-befb-d8a71a9bc616', NULL, '2026-05-04 23:55:49.056491+05:30', '2026-05-04 23:55:49.056491+05:30') ON CONFLICT DO NOTHING;
INSERT INTO fixture_slot ("slot_id", "session_id", "round_number", "sub_round", "table_number", "match_category", "player_a_id", "player_b_id", "expected_rating_gap", "status", "match_id", "updated_by", "created_at", "updated_at") VALUES ('fec60055-8b81-4849-9248-8294140dbfe5', '9fa3dea7-ece9-487b-b0a1-91c22d3e5ccc', 4, 'A', 1, 'COMPETITIVE', '0b0c2392-049b-42dc-bd25-a9d204f900df', 'd451c934-9417-4802-8573-f477dbc2555d', '0.00', 'PLAYED', '5fae4749-01f9-4016-ae6f-4d24f742a121', NULL, '2026-05-04 23:55:49.056491+05:30', '2026-05-04 23:55:49.056491+05:30') ON CONFLICT DO NOTHING;
INSERT INTO fixture_slot ("slot_id", "session_id", "round_number", "sub_round", "table_number", "match_category", "player_a_id", "player_b_id", "expected_rating_gap", "status", "match_id", "updated_by", "created_at", "updated_at") VALUES ('158b5501-cb3a-4727-afc9-15793177999e', '9fa3dea7-ece9-487b-b0a1-91c22d3e5ccc', 4, 'A', 2, 'COMPETITIVE', 'eee34108-f08d-4dfc-9cfc-9850603fd1d4', 'fd932c5c-788d-44a7-b5c2-7b80c6192675', '0.00', 'PLAYED', '03035999-0928-4d05-94e3-41aabef4ff84', NULL, '2026-05-04 23:55:49.056491+05:30', '2026-05-04 23:55:49.056491+05:30') ON CONFLICT DO NOTHING;
INSERT INTO fixture_slot ("slot_id", "session_id", "round_number", "sub_round", "table_number", "match_category", "player_a_id", "player_b_id", "expected_rating_gap", "status", "match_id", "updated_by", "created_at", "updated_at") VALUES ('9b243fa7-02ce-4d74-b98b-d7e71ddb0597', '9fa3dea7-ece9-487b-b0a1-91c22d3e5ccc', 4, 'A', 3, 'STRETCH', '73ff93cc-faa2-4075-9d33-4ce7dc03be47', '8d655a59-1da9-4344-b145-1a5b48a57b89', '300.00', 'PLAYED', '266ceb76-d085-4e07-948f-ed61a0a05e87', NULL, '2026-05-04 23:55:49.056491+05:30', '2026-05-04 23:55:49.056491+05:30') ON CONFLICT DO NOTHING;
INSERT INTO fixture_slot ("slot_id", "session_id", "round_number", "sub_round", "table_number", "match_category", "player_a_id", "player_b_id", "expected_rating_gap", "status", "match_id", "updated_by", "created_at", "updated_at") VALUES ('e2bd01c8-d0da-45d3-95b3-fdc1c8cba56b', 'c9f2d4d8-687b-4f6d-8bb7-86a17668e865', 1, 'B', 1, 'COMPETITIVE', 'd451c934-9417-4802-8573-f477dbc2555d', NULL, '0.00', 'BYE', NULL, NULL, '2026-05-09 13:17:14.315364+05:30', '2026-05-09 13:17:14.315364+05:30') ON CONFLICT DO NOTHING;
INSERT INTO fixture_slot ("slot_id", "session_id", "round_number", "sub_round", "table_number", "match_category", "player_a_id", "player_b_id", "expected_rating_gap", "status", "match_id", "updated_by", "created_at", "updated_at") VALUES ('c6e77422-0648-437f-8c1d-fd86bccaacac', 'c9f2d4d8-687b-4f6d-8bb7-86a17668e865', 2, 'A', 2, 'COMPETITIVE', 'eee34108-f08d-4dfc-9cfc-9850603fd1d4', 'fd932c5c-788d-44a7-b5c2-7b80c6192675', '42.11', 'SCHEDULED', NULL, NULL, '2026-05-09 13:17:14.315364+05:30', '2026-05-09 13:17:14.315364+05:30') ON CONFLICT DO NOTHING;
INSERT INTO fixture_slot ("slot_id", "session_id", "round_number", "sub_round", "table_number", "match_category", "player_a_id", "player_b_id", "expected_rating_gap", "status", "match_id", "updated_by", "created_at", "updated_at") VALUES ('5fd30e30-34b9-4a8a-ae4e-95ba634f2aa0', 'c9f2d4d8-687b-4f6d-8bb7-86a17668e865', 2, 'A', 3, 'COMPETITIVE', '0b0c2392-049b-42dc-bd25-a9d204f900df', '60545ecc-81a6-4dd2-b5b3-7e9e3d0d3b59', '99.72', 'SCHEDULED', NULL, NULL, '2026-05-09 13:17:14.315364+05:30', '2026-05-09 13:17:14.315364+05:30') ON CONFLICT DO NOTHING;
INSERT INTO fixture_slot ("slot_id", "session_id", "round_number", "sub_round", "table_number", "match_category", "player_a_id", "player_b_id", "expected_rating_gap", "status", "match_id", "updated_by", "created_at", "updated_at") VALUES ('980330f8-852f-4f42-b2dc-b0c2fef79a08', 'c9f2d4d8-687b-4f6d-8bb7-86a17668e865', 2, 'B', 1, 'COMPETITIVE', '8d655a59-1da9-4344-b145-1a5b48a57b89', NULL, '0.00', 'BYE', NULL, NULL, '2026-05-09 13:17:14.315364+05:30', '2026-05-09 13:17:14.315364+05:30') ON CONFLICT DO NOTHING;
INSERT INTO fixture_slot ("slot_id", "session_id", "round_number", "sub_round", "table_number", "match_category", "player_a_id", "player_b_id", "expected_rating_gap", "status", "match_id", "updated_by", "created_at", "updated_at") VALUES ('5b4da0fd-c0a4-473e-9d75-88ea2a21ecc0', 'c9f2d4d8-687b-4f6d-8bb7-86a17668e865', 3, 'A', 1, 'STRETCH', '0b0c2392-049b-42dc-bd25-a9d204f900df', '8d655a59-1da9-4344-b145-1a5b48a57b89', '244.23', 'SCHEDULED', NULL, NULL, '2026-05-09 13:17:14.315364+05:30', '2026-05-09 13:17:14.315364+05:30') ON CONFLICT DO NOTHING;
INSERT INTO fixture_slot ("slot_id", "session_id", "round_number", "sub_round", "table_number", "match_category", "player_a_id", "player_b_id", "expected_rating_gap", "status", "match_id", "updated_by", "created_at", "updated_at") VALUES ('6eb33b3b-d1fe-4ddc-8dd5-3e285313e324', 'c9f2d4d8-687b-4f6d-8bb7-86a17668e865', 3, 'A', 2, 'STRETCH', '60545ecc-81a6-4dd2-b5b3-7e9e3d0d3b59', 'd451c934-9417-4802-8573-f477dbc2555d', '187.90', 'SCHEDULED', NULL, NULL, '2026-05-09 13:17:14.315364+05:30', '2026-05-09 13:17:14.315364+05:30') ON CONFLICT DO NOTHING;
INSERT INTO fixture_slot ("slot_id", "session_id", "round_number", "sub_round", "table_number", "match_category", "player_a_id", "player_b_id", "expected_rating_gap", "status", "match_id", "updated_by", "created_at", "updated_at") VALUES ('19c74eb5-be4e-4995-b90e-138dbd354cd3', 'c9f2d4d8-687b-4f6d-8bb7-86a17668e865', 3, 'A', 3, 'STRETCH', '73ff93cc-faa2-4075-9d33-4ce7dc03be47', 'eee34108-f08d-4dfc-9cfc-9850603fd1d4', '209.12', 'SCHEDULED', NULL, NULL, '2026-05-09 13:17:14.315364+05:30', '2026-05-09 13:17:14.315364+05:30') ON CONFLICT DO NOTHING;
INSERT INTO fixture_slot ("slot_id", "session_id", "round_number", "sub_round", "table_number", "match_category", "player_a_id", "player_b_id", "expected_rating_gap", "status", "match_id", "updated_by", "created_at", "updated_at") VALUES ('8900c7ad-e713-43bd-a912-9261edf01316', 'c9f2d4d8-687b-4f6d-8bb7-86a17668e865', 3, 'B', 1, 'COMPETITIVE', 'fd932c5c-788d-44a7-b5c2-7b80c6192675', NULL, '0.00', 'BYE', NULL, NULL, '2026-05-09 13:17:14.315364+05:30', '2026-05-09 13:17:14.315364+05:30') ON CONFLICT DO NOTHING;
INSERT INTO fixture_slot ("slot_id", "session_id", "round_number", "sub_round", "table_number", "match_category", "player_a_id", "player_b_id", "expected_rating_gap", "status", "match_id", "updated_by", "created_at", "updated_at") VALUES ('e6a45a9f-98fe-4c4b-b6e6-9fe5b111aa1c', 'c9f2d4d8-687b-4f6d-8bb7-86a17668e865', 4, 'A', 1, 'COMPETITIVE', '0b0c2392-049b-42dc-bd25-a9d204f900df', 'd451c934-9417-4802-8573-f477dbc2555d', '88.18', 'SCHEDULED', NULL, NULL, '2026-05-09 13:17:14.315364+05:30', '2026-05-09 13:17:14.315364+05:30') ON CONFLICT DO NOTHING;
INSERT INTO fixture_slot ("slot_id", "session_id", "round_number", "sub_round", "table_number", "match_category", "player_a_id", "player_b_id", "expected_rating_gap", "status", "match_id", "updated_by", "created_at", "updated_at") VALUES ('e32d73c2-7d1b-461f-bc17-f617ef5a2ca0', 'c9f2d4d8-687b-4f6d-8bb7-86a17668e865', 4, 'A', 2, 'COMPETITIVE', 'eee34108-f08d-4dfc-9cfc-9850603fd1d4', 'fd932c5c-788d-44a7-b5c2-7b80c6192675', '42.11', 'SCHEDULED', NULL, NULL, '2026-05-09 13:17:14.315364+05:30', '2026-05-09 13:17:14.315364+05:30') ON CONFLICT DO NOTHING;
INSERT INTO fixture_slot ("slot_id", "session_id", "round_number", "sub_round", "table_number", "match_category", "player_a_id", "player_b_id", "expected_rating_gap", "status", "match_id", "updated_by", "created_at", "updated_at") VALUES ('5cb18192-cd81-466c-8cf9-56d7d22e93d2', 'c9f2d4d8-687b-4f6d-8bb7-86a17668e865', 4, 'A', 3, 'STRETCH', '73ff93cc-faa2-4075-9d33-4ce7dc03be47', '8d655a59-1da9-4344-b145-1a5b48a57b89', '274.35', 'SCHEDULED', NULL, NULL, '2026-05-09 13:17:14.315364+05:30', '2026-05-09 13:17:14.315364+05:30') ON CONFLICT DO NOTHING;
INSERT INTO fixture_slot ("slot_id", "session_id", "round_number", "sub_round", "table_number", "match_category", "player_a_id", "player_b_id", "expected_rating_gap", "status", "match_id", "updated_by", "created_at", "updated_at") VALUES ('9558d6b5-f85c-49f0-bdca-4cb58b3a170f', 'c9f2d4d8-687b-4f6d-8bb7-86a17668e865', 4, 'B', 1, 'COMPETITIVE', '60545ecc-81a6-4dd2-b5b3-7e9e3d0d3b59', NULL, '0.00', 'BYE', NULL, NULL, '2026-05-09 13:17:14.315364+05:30', '2026-05-09 13:17:14.315364+05:30') ON CONFLICT DO NOTHING;
INSERT INTO fixture_slot ("slot_id", "session_id", "round_number", "sub_round", "table_number", "match_category", "player_a_id", "player_b_id", "expected_rating_gap", "status", "match_id", "updated_by", "created_at", "updated_at") VALUES ('d5fa67b7-421f-46e4-93e1-d47f089ae41c', 'c9f2d4d8-687b-4f6d-8bb7-86a17668e865', 1, 'A', 1, 'COMPETITIVE', '0b0c2392-049b-42dc-bd25-a9d204f900df', '73ff93cc-faa2-4075-9d33-4ce7dc03be47', '30.12', 'PLAYED', '7dab82cf-6eea-43c5-aa52-d17c35c0c021', NULL, '2026-05-09 13:17:14.315364+05:30', '2026-05-09 13:17:14.315364+05:30') ON CONFLICT DO NOTHING;
INSERT INTO fixture_slot ("slot_id", "session_id", "round_number", "sub_round", "table_number", "match_category", "player_a_id", "player_b_id", "expected_rating_gap", "status", "match_id", "updated_by", "created_at", "updated_at") VALUES ('b3bf4fa6-60f7-44c5-b9ee-cf2eb54f6374', 'c9f2d4d8-687b-4f6d-8bb7-86a17668e865', 1, 'A', 2, 'COMPETITIVE', 'eee34108-f08d-4dfc-9cfc-9850603fd1d4', 'fd932c5c-788d-44a7-b5c2-7b80c6192675', '42.11', 'PLAYED', 'e0806b61-f44e-4a02-9a9a-fad0df577725', NULL, '2026-05-09 13:17:14.315364+05:30', '2026-05-09 13:17:14.315364+05:30') ON CONFLICT DO NOTHING;
INSERT INTO fixture_slot ("slot_id", "session_id", "round_number", "sub_round", "table_number", "match_category", "player_a_id", "player_b_id", "expected_rating_gap", "status", "match_id", "updated_by", "created_at", "updated_at") VALUES ('311c918a-8691-4578-abf5-dd49292f5a2b', 'c9f2d4d8-687b-4f6d-8bb7-86a17668e865', 1, 'A', 3, 'STRETCH', '60545ecc-81a6-4dd2-b5b3-7e9e3d0d3b59', '8d655a59-1da9-4344-b145-1a5b48a57b89', '144.51', 'PLAYED', '6eadb186-32a4-4868-aea3-414c4839a0ce', NULL, '2026-05-09 13:17:14.315364+05:30', '2026-05-09 13:17:14.315364+05:30') ON CONFLICT DO NOTHING;
INSERT INTO fixture_slot ("slot_id", "session_id", "round_number", "sub_round", "table_number", "match_category", "player_a_id", "player_b_id", "expected_rating_gap", "status", "match_id", "updated_by", "created_at", "updated_at") VALUES ('8bf8c839-1f07-4da1-bb58-560d313b7e87', 'c9f2d4d8-687b-4f6d-8bb7-86a17668e865', 2, 'A', 1, 'COMPETITIVE', '73ff93cc-faa2-4075-9d33-4ce7dc03be47', 'd451c934-9417-4802-8573-f477dbc2555d', '58.06', 'PLAYED', '20731e5c-92dd-45e7-af42-0eb15d16aa00', NULL, '2026-05-09 13:17:14.315364+05:30', '2026-05-09 13:17:14.315364+05:30') ON CONFLICT DO NOTHING;
INSERT INTO fixture_slot ("slot_id", "session_id", "round_number", "sub_round", "table_number", "match_category", "player_a_id", "player_b_id", "expected_rating_gap", "status", "match_id", "updated_by", "created_at", "updated_at") VALUES ('f0a47d72-4b4b-4e60-8097-33f80c8d237f', '73595687-ab54-4874-a41d-16e7dfb192bc', 1, NULL, 1, 'COMPETITIVE', '0b0c2392-049b-42dc-bd25-a9d204f900df', '60545ecc-81a6-4dd2-b5b3-7e9e3d0d3b59', '67.05', 'SCHEDULED', NULL, NULL, '2026-05-23 18:14:53.246893+05:30', '2026-05-23 18:14:53.246893+05:30') ON CONFLICT DO NOTHING;
INSERT INTO fixture_slot ("slot_id", "session_id", "round_number", "sub_round", "table_number", "match_category", "player_a_id", "player_b_id", "expected_rating_gap", "status", "match_id", "updated_by", "created_at", "updated_at") VALUES ('9bd6d57b-8406-48a7-a264-b245c8191d9e', '73595687-ab54-4874-a41d-16e7dfb192bc', 1, NULL, 2, 'COMPETITIVE', '0318fe32-5a19-4879-ae9e-f2b8446b7d4e', '0fee5f30-1cf6-4d42-af74-dedf416ba2bd', '0.00', 'SCHEDULED', NULL, NULL, '2026-05-23 18:14:53.246893+05:30', '2026-05-23 18:14:53.246893+05:30') ON CONFLICT DO NOTHING;
INSERT INTO fixture_slot ("slot_id", "session_id", "round_number", "sub_round", "table_number", "match_category", "player_a_id", "player_b_id", "expected_rating_gap", "status", "match_id", "updated_by", "created_at", "updated_at") VALUES ('2f29e25c-8c4c-48c5-9f76-104918c1cc4d', '73595687-ab54-4874-a41d-16e7dfb192bc', 1, NULL, 3, 'STRETCH', '8d655a59-1da9-4344-b145-1a5b48a57b89', 'd451c934-9417-4802-8573-f477dbc2555d', '382.37', 'SCHEDULED', NULL, NULL, '2026-05-23 18:14:53.246893+05:30', '2026-05-23 18:14:53.246893+05:30') ON CONFLICT DO NOTHING;
INSERT INTO fixture_slot ("slot_id", "session_id", "round_number", "sub_round", "table_number", "match_category", "player_a_id", "player_b_id", "expected_rating_gap", "status", "match_id", "updated_by", "created_at", "updated_at") VALUES ('527b060a-628e-48d2-81d3-da728674043e', '73595687-ab54-4874-a41d-16e7dfb192bc', 2, NULL, 1, 'COMPETITIVE', '0b0c2392-049b-42dc-bd25-a9d204f900df', '60545ecc-81a6-4dd2-b5b3-7e9e3d0d3b59', '67.05', 'SCHEDULED', NULL, NULL, '2026-05-23 18:14:53.246893+05:30', '2026-05-23 18:14:53.246893+05:30') ON CONFLICT DO NOTHING;
INSERT INTO fixture_slot ("slot_id", "session_id", "round_number", "sub_round", "table_number", "match_category", "player_a_id", "player_b_id", "expected_rating_gap", "status", "match_id", "updated_by", "created_at", "updated_at") VALUES ('71762265-bdbf-453c-a802-64e9a48abde2', '73595687-ab54-4874-a41d-16e7dfb192bc', 2, NULL, 2, 'COMPETITIVE', '0318fe32-5a19-4879-ae9e-f2b8446b7d4e', '0fee5f30-1cf6-4d42-af74-dedf416ba2bd', '0.00', 'SCHEDULED', NULL, NULL, '2026-05-23 18:14:53.246893+05:30', '2026-05-23 18:14:53.246893+05:30') ON CONFLICT DO NOTHING;
INSERT INTO fixture_slot ("slot_id", "session_id", "round_number", "sub_round", "table_number", "match_category", "player_a_id", "player_b_id", "expected_rating_gap", "status", "match_id", "updated_by", "created_at", "updated_at") VALUES ('b8a43b05-11a3-42fb-8749-567b7f95a877', '73595687-ab54-4874-a41d-16e7dfb192bc', 2, NULL, 3, 'STRETCH', '8d655a59-1da9-4344-b145-1a5b48a57b89', 'd451c934-9417-4802-8573-f477dbc2555d', '382.37', 'SCHEDULED', NULL, NULL, '2026-05-23 18:14:53.246893+05:30', '2026-05-23 18:14:53.246893+05:30') ON CONFLICT DO NOTHING;
INSERT INTO fixture_slot ("slot_id", "session_id", "round_number", "sub_round", "table_number", "match_category", "player_a_id", "player_b_id", "expected_rating_gap", "status", "match_id", "updated_by", "created_at", "updated_at") VALUES ('a9544a8c-765b-48c0-b989-8134f28e278f', '9a8616af-922d-47df-b2aa-c6f50853528a', 1, NULL, 1, 'COMPETITIVE', '0b0c2392-049b-42dc-bd25-a9d204f900df', '73ff93cc-faa2-4075-9d33-4ce7dc03be47', '0.00', 'SCHEDULED', NULL, NULL, '2026-05-04 23:57:56.545082+05:30', '2026-05-04 23:57:56.545082+05:30') ON CONFLICT DO NOTHING;
INSERT INTO fixture_slot ("slot_id", "session_id", "round_number", "sub_round", "table_number", "match_category", "player_a_id", "player_b_id", "expected_rating_gap", "status", "match_id", "updated_by", "created_at", "updated_at") VALUES ('bc29f9f5-78be-4b40-8abd-b5cfccc8aa9b', '9a8616af-922d-47df-b2aa-c6f50853528a', 1, NULL, 2, 'COMPETITIVE', 'eee34108-f08d-4dfc-9cfc-9850603fd1d4', 'fd932c5c-788d-44a7-b5c2-7b80c6192675', '0.00', 'SCHEDULED', NULL, NULL, '2026-05-04 23:57:56.545082+05:30', '2026-05-04 23:57:56.545082+05:30') ON CONFLICT DO NOTHING;
INSERT INTO fixture_slot ("slot_id", "session_id", "round_number", "sub_round", "table_number", "match_category", "player_a_id", "player_b_id", "expected_rating_gap", "status", "match_id", "updated_by", "created_at", "updated_at") VALUES ('b3e950e7-139c-4d25-97b0-ffc2ce1c3b7d', '9a8616af-922d-47df-b2aa-c6f50853528a', 1, NULL, 3, 'COMPETITIVE', '60545ecc-81a6-4dd2-b5b3-7e9e3d0d3b59', '8d655a59-1da9-4344-b145-1a5b48a57b89', '100.00', 'SCHEDULED', NULL, NULL, '2026-05-04 23:57:56.545082+05:30', '2026-05-04 23:57:56.545082+05:30') ON CONFLICT DO NOTHING;
INSERT INTO fixture_slot ("slot_id", "session_id", "round_number", "sub_round", "table_number", "match_category", "player_a_id", "player_b_id", "expected_rating_gap", "status", "match_id", "updated_by", "created_at", "updated_at") VALUES ('275c2d77-fba3-4c7d-8995-71da7a7b6994', '9a8616af-922d-47df-b2aa-c6f50853528a', 1, NULL, 4, 'COMPETITIVE', 'd451c934-9417-4802-8573-f477dbc2555d', NULL, '0.00', 'BYE', NULL, NULL, '2026-05-04 23:57:56.545082+05:30', '2026-05-04 23:57:56.545082+05:30') ON CONFLICT DO NOTHING;
INSERT INTO fixture_slot ("slot_id", "session_id", "round_number", "sub_round", "table_number", "match_category", "player_a_id", "player_b_id", "expected_rating_gap", "status", "match_id", "updated_by", "created_at", "updated_at") VALUES ('6d5f8a8e-5ddc-42a8-9a74-0f20cadc735d', '9a8616af-922d-47df-b2aa-c6f50853528a', 2, NULL, 1, 'COMPETITIVE', '73ff93cc-faa2-4075-9d33-4ce7dc03be47', 'd451c934-9417-4802-8573-f477dbc2555d', '0.00', 'SCHEDULED', NULL, NULL, '2026-05-04 23:57:56.545082+05:30', '2026-05-04 23:57:56.545082+05:30') ON CONFLICT DO NOTHING;
INSERT INTO fixture_slot ("slot_id", "session_id", "round_number", "sub_round", "table_number", "match_category", "player_a_id", "player_b_id", "expected_rating_gap", "status", "match_id", "updated_by", "created_at", "updated_at") VALUES ('e5f75a5e-a5f7-41f6-b0d4-b1b456b88f65', '9a8616af-922d-47df-b2aa-c6f50853528a', 2, NULL, 2, 'COMPETITIVE', 'eee34108-f08d-4dfc-9cfc-9850603fd1d4', 'fd932c5c-788d-44a7-b5c2-7b80c6192675', '0.00', 'SCHEDULED', NULL, NULL, '2026-05-04 23:57:56.545082+05:30', '2026-05-04 23:57:56.545082+05:30') ON CONFLICT DO NOTHING;
INSERT INTO fixture_slot ("slot_id", "session_id", "round_number", "sub_round", "table_number", "match_category", "player_a_id", "player_b_id", "expected_rating_gap", "status", "match_id", "updated_by", "created_at", "updated_at") VALUES ('405f58f5-b73a-4075-98fb-a7657310e8e6', '9a8616af-922d-47df-b2aa-c6f50853528a', 2, NULL, 3, 'STRETCH', '0b0c2392-049b-42dc-bd25-a9d204f900df', '60545ecc-81a6-4dd2-b5b3-7e9e3d0d3b59', '200.00', 'SCHEDULED', NULL, NULL, '2026-05-04 23:57:56.545082+05:30', '2026-05-04 23:57:56.545082+05:30') ON CONFLICT DO NOTHING;
INSERT INTO fixture_slot ("slot_id", "session_id", "round_number", "sub_round", "table_number", "match_category", "player_a_id", "player_b_id", "expected_rating_gap", "status", "match_id", "updated_by", "created_at", "updated_at") VALUES ('af047dba-9c32-4f8c-b84b-235e47390894', '9a8616af-922d-47df-b2aa-c6f50853528a', 2, NULL, 4, 'COMPETITIVE', '8d655a59-1da9-4344-b145-1a5b48a57b89', NULL, '0.00', 'BYE', NULL, NULL, '2026-05-04 23:57:56.545082+05:30', '2026-05-04 23:57:56.545082+05:30') ON CONFLICT DO NOTHING;
INSERT INTO fixture_slot ("slot_id", "session_id", "round_number", "sub_round", "table_number", "match_category", "player_a_id", "player_b_id", "expected_rating_gap", "status", "match_id", "updated_by", "created_at", "updated_at") VALUES ('1097ffdc-055b-4bd3-a329-73fd1efd711a', '9a8616af-922d-47df-b2aa-c6f50853528a', 3, NULL, 1, 'STRETCH', '60545ecc-81a6-4dd2-b5b3-7e9e3d0d3b59', '73ff93cc-faa2-4075-9d33-4ce7dc03be47', '200.00', 'SCHEDULED', NULL, NULL, '2026-05-04 23:57:56.545082+05:30', '2026-05-04 23:57:56.545082+05:30') ON CONFLICT DO NOTHING;
INSERT INTO fixture_slot ("slot_id", "session_id", "round_number", "sub_round", "table_number", "match_category", "player_a_id", "player_b_id", "expected_rating_gap", "status", "match_id", "updated_by", "created_at", "updated_at") VALUES ('e705c67f-8e65-41dd-b58f-17f522a24ebe', '9a8616af-922d-47df-b2aa-c6f50853528a', 3, NULL, 2, 'STRETCH', '0b0c2392-049b-42dc-bd25-a9d204f900df', 'eee34108-f08d-4dfc-9cfc-9850603fd1d4', '200.00', 'SCHEDULED', NULL, NULL, '2026-05-04 23:57:56.545082+05:30', '2026-05-04 23:57:56.545082+05:30') ON CONFLICT DO NOTHING;
INSERT INTO fixture_slot ("slot_id", "session_id", "round_number", "sub_round", "table_number", "match_category", "player_a_id", "player_b_id", "expected_rating_gap", "status", "match_id", "updated_by", "created_at", "updated_at") VALUES ('a5f4f795-ac0c-4bdf-b19a-fefe909d1907', '9a8616af-922d-47df-b2aa-c6f50853528a', 3, NULL, 3, 'STRETCH', 'd451c934-9417-4802-8573-f477dbc2555d', 'fd932c5c-788d-44a7-b5c2-7b80c6192675', '200.00', 'SCHEDULED', NULL, NULL, '2026-05-04 23:57:56.545082+05:30', '2026-05-04 23:57:56.545082+05:30') ON CONFLICT DO NOTHING;
INSERT INTO fixture_slot ("slot_id", "session_id", "round_number", "sub_round", "table_number", "match_category", "player_a_id", "player_b_id", "expected_rating_gap", "status", "match_id", "updated_by", "created_at", "updated_at") VALUES ('3b483673-d76b-49be-b742-90220fc16659', '9a8616af-922d-47df-b2aa-c6f50853528a', 3, NULL, 4, 'COMPETITIVE', '8d655a59-1da9-4344-b145-1a5b48a57b89', NULL, '0.00', 'BYE', NULL, NULL, '2026-05-04 23:57:56.545082+05:30', '2026-05-04 23:57:56.545082+05:30') ON CONFLICT DO NOTHING;
INSERT INTO fixture_slot ("slot_id", "session_id", "round_number", "sub_round", "table_number", "match_category", "player_a_id", "player_b_id", "expected_rating_gap", "status", "match_id", "updated_by", "created_at", "updated_at") VALUES ('f72dc9f8-1e44-4716-9def-65e39d0191b5', '9a8616af-922d-47df-b2aa-c6f50853528a', 4, NULL, 1, 'COMPETITIVE', '0b0c2392-049b-42dc-bd25-a9d204f900df', 'd451c934-9417-4802-8573-f477dbc2555d', '0.00', 'SCHEDULED', NULL, NULL, '2026-05-04 23:57:56.545082+05:30', '2026-05-04 23:57:56.545082+05:30') ON CONFLICT DO NOTHING;
INSERT INTO fixture_slot ("slot_id", "session_id", "round_number", "sub_round", "table_number", "match_category", "player_a_id", "player_b_id", "expected_rating_gap", "status", "match_id", "updated_by", "created_at", "updated_at") VALUES ('ae7a6e60-766e-40ed-b09c-99a668baaf8e', '9a8616af-922d-47df-b2aa-c6f50853528a', 4, NULL, 2, 'COMPETITIVE', 'eee34108-f08d-4dfc-9cfc-9850603fd1d4', 'fd932c5c-788d-44a7-b5c2-7b80c6192675', '0.00', 'SCHEDULED', NULL, NULL, '2026-05-04 23:57:56.545082+05:30', '2026-05-04 23:57:56.545082+05:30') ON CONFLICT DO NOTHING;
INSERT INTO fixture_slot ("slot_id", "session_id", "round_number", "sub_round", "table_number", "match_category", "player_a_id", "player_b_id", "expected_rating_gap", "status", "match_id", "updated_by", "created_at", "updated_at") VALUES ('78aa94c3-9063-4ac5-aa26-0b5598858dd5', '9a8616af-922d-47df-b2aa-c6f50853528a', 4, NULL, 3, 'STRETCH', '73ff93cc-faa2-4075-9d33-4ce7dc03be47', '8d655a59-1da9-4344-b145-1a5b48a57b89', '300.00', 'SCHEDULED', NULL, NULL, '2026-05-04 23:57:56.545082+05:30', '2026-05-04 23:57:56.545082+05:30') ON CONFLICT DO NOTHING;
INSERT INTO fixture_slot ("slot_id", "session_id", "round_number", "sub_round", "table_number", "match_category", "player_a_id", "player_b_id", "expected_rating_gap", "status", "match_id", "updated_by", "created_at", "updated_at") VALUES ('f8693658-f835-4fb6-829e-a033b313ff00', '9a8616af-922d-47df-b2aa-c6f50853528a', 4, NULL, 4, 'COMPETITIVE', '60545ecc-81a6-4dd2-b5b3-7e9e3d0d3b59', NULL, '0.00', 'BYE', NULL, NULL, '2026-05-04 23:57:56.545082+05:30', '2026-05-04 23:57:56.545082+05:30') ON CONFLICT DO NOTHING;
INSERT INTO fixture_slot ("slot_id", "session_id", "round_number", "sub_round", "table_number", "match_category", "player_a_id", "player_b_id", "expected_rating_gap", "status", "match_id", "updated_by", "created_at", "updated_at") VALUES ('d01d395b-99cc-4086-ab8c-4f6a7599bb1b', '73595687-ab54-4874-a41d-16e7dfb192bc', 3, NULL, 1, 'STRETCH', '60545ecc-81a6-4dd2-b5b3-7e9e3d0d3b59', '8d655a59-1da9-4344-b145-1a5b48a57b89', '130.77', 'SCHEDULED', NULL, NULL, '2026-05-23 18:14:53.246893+05:30', '2026-05-23 18:14:53.246893+05:30') ON CONFLICT DO NOTHING;
INSERT INTO fixture_slot ("slot_id", "session_id", "round_number", "sub_round", "table_number", "match_category", "player_a_id", "player_b_id", "expected_rating_gap", "status", "match_id", "updated_by", "created_at", "updated_at") VALUES ('ba53ee78-5910-429b-b26b-d68818940193', '73595687-ab54-4874-a41d-16e7dfb192bc', 3, NULL, 2, 'STRETCH', '0b0c2392-049b-42dc-bd25-a9d204f900df', 'd451c934-9417-4802-8573-f477dbc2555d', '184.55', 'SCHEDULED', NULL, NULL, '2026-05-23 18:14:53.246893+05:30', '2026-05-23 18:14:53.246893+05:30') ON CONFLICT DO NOTHING;
INSERT INTO fixture_slot ("slot_id", "session_id", "round_number", "sub_round", "table_number", "match_category", "player_a_id", "player_b_id", "expected_rating_gap", "status", "match_id", "updated_by", "created_at", "updated_at") VALUES ('ecb36d13-947f-412f-9dd1-072a450a71f5', '73595687-ab54-4874-a41d-16e7dfb192bc', 3, NULL, 3, 'STRETCH', '0318fe32-5a19-4879-ae9e-f2b8446b7d4e', '0fee5f30-1cf6-4d42-af74-dedf416ba2bd', '0.00', 'SCHEDULED', NULL, NULL, '2026-05-23 18:14:53.246893+05:30', '2026-05-23 18:14:53.246893+05:30') ON CONFLICT DO NOTHING;
INSERT INTO fixture_slot ("slot_id", "session_id", "round_number", "sub_round", "table_number", "match_category", "player_a_id", "player_b_id", "expected_rating_gap", "status", "match_id", "updated_by", "created_at", "updated_at") VALUES ('bd80b8ec-084d-4ea1-9938-0c2a62efcc46', '73595687-ab54-4874-a41d-16e7dfb192bc', 4, NULL, 1, 'COMPETITIVE', '0b0c2392-049b-42dc-bd25-a9d204f900df', '60545ecc-81a6-4dd2-b5b3-7e9e3d0d3b59', '67.05', 'SCHEDULED', NULL, NULL, '2026-05-23 18:14:53.246893+05:30', '2026-05-23 18:14:53.246893+05:30') ON CONFLICT DO NOTHING;
INSERT INTO fixture_slot ("slot_id", "session_id", "round_number", "sub_round", "table_number", "match_category", "player_a_id", "player_b_id", "expected_rating_gap", "status", "match_id", "updated_by", "created_at", "updated_at") VALUES ('6bb16191-d4ab-49c9-8a53-06bc7699272c', '73595687-ab54-4874-a41d-16e7dfb192bc', 4, NULL, 2, 'COMPETITIVE', '0318fe32-5a19-4879-ae9e-f2b8446b7d4e', '0fee5f30-1cf6-4d42-af74-dedf416ba2bd', '0.00', 'SCHEDULED', NULL, NULL, '2026-05-23 18:14:53.246893+05:30', '2026-05-23 18:14:53.246893+05:30') ON CONFLICT DO NOTHING;
INSERT INTO fixture_slot ("slot_id", "session_id", "round_number", "sub_round", "table_number", "match_category", "player_a_id", "player_b_id", "expected_rating_gap", "status", "match_id", "updated_by", "created_at", "updated_at") VALUES ('897a2520-2880-4db8-8ce6-45dd4e42a50e', '73595687-ab54-4874-a41d-16e7dfb192bc', 4, NULL, 3, 'STRETCH', '8d655a59-1da9-4344-b145-1a5b48a57b89', 'd451c934-9417-4802-8573-f477dbc2555d', '382.37', 'SCHEDULED', NULL, NULL, '2026-05-23 18:14:53.246893+05:30', '2026-05-23 18:14:53.246893+05:30') ON CONFLICT DO NOTHING;

ALTER TABLE match DISABLE TRIGGER ALL;
-- Data for match (52 rows)
INSERT INTO match ("match_id", "event_id", "session_id", "player_a_id", "player_b_id", "player_a_academy_id", "player_b_academy_id", "match_format", "sets_won_a", "sets_won_b", "sets_won_a_actual", "sets_won_b_actual", "is_retirement", "winner_id", "rating_eligible", "not_eligible_reason", "ratings_applied_at", "diminishing_signal_applied", "match_category", "match_date", "match_timestamp", "umpire_id", "submitted_by", "confirmed_by", "confirmation_status", "confirmation_deadline", "confirmed_at", "voided_at", "voided_by", "void_reason", "created_at", "updated_at", "fixture_slot_id") VALUES ('c90d97b8-ec1a-44cd-896a-256cb15951ba', '1873398a-4917-4e76-b5e7-d7059f970661', NULL, 'd451c934-9417-4802-8573-f477dbc2555d', 'e64dd84c-1f5e-4315-805d-aee1927f811a', 'f72a6351-fd4d-401a-be57-1e6b1ad138bf', 'bfe44f09-576b-4a7e-93ac-aca91a93a03a', 'BEST_OF_3', 0, 2, NULL, NULL, False, 'e64dd84c-1f5e-4315-805d-aee1927f811a', True, NULL, '2026-05-10 17:12:19.899933+05:30', False, 'COMPETITIVE', '2026-05-10', '2026-05-10 13:44:23.063495+05:30', NULL, 'a61e91b0-b1a7-4337-ac98-c15fb7bb8949', 'a61e91b0-b1a7-4337-ac98-c15fb7bb8949', 'AUTO_CONFIRMED', '2026-05-10 23:59:59+05:30', '2026-05-10 17:12:19.884638+05:30', NULL, NULL, NULL, '2026-05-10 13:44:23.058731+05:30', '2026-05-10 13:44:23.058731+05:30', 'b40268b0-828c-4e72-83a6-6d2f4209e96d') ON CONFLICT DO NOTHING;
INSERT INTO match ("match_id", "event_id", "session_id", "player_a_id", "player_b_id", "player_a_academy_id", "player_b_academy_id", "match_format", "sets_won_a", "sets_won_b", "sets_won_a_actual", "sets_won_b_actual", "is_retirement", "winner_id", "rating_eligible", "not_eligible_reason", "ratings_applied_at", "diminishing_signal_applied", "match_category", "match_date", "match_timestamp", "umpire_id", "submitted_by", "confirmed_by", "confirmation_status", "confirmation_deadline", "confirmed_at", "voided_at", "voided_by", "void_reason", "created_at", "updated_at", "fixture_slot_id") VALUES ('de618a22-1615-439b-baa1-8ab235ecf450', '1873398a-4917-4e76-b5e7-d7059f970661', NULL, '96fa35f0-597e-4a23-a2fc-3988a76eac04', 'fd932c5c-788d-44a7-b5c2-7b80c6192675', 'bfe44f09-576b-4a7e-93ac-aca91a93a03a', 'f72a6351-fd4d-401a-be57-1e6b1ad138bf', 'BEST_OF_3', 2, 1, NULL, NULL, False, '96fa35f0-597e-4a23-a2fc-3988a76eac04', True, NULL, '2026-05-10 17:12:19.899933+05:30', False, 'STRETCH', '2026-05-10', '2026-05-10 13:44:44.030516+05:30', NULL, 'a61e91b0-b1a7-4337-ac98-c15fb7bb8949', 'a61e91b0-b1a7-4337-ac98-c15fb7bb8949', 'AUTO_CONFIRMED', '2026-05-10 23:59:59+05:30', '2026-05-10 17:12:19.884638+05:30', NULL, NULL, NULL, '2026-05-10 13:44:44.026500+05:30', '2026-05-10 13:44:44.026500+05:30', 'eb922841-012a-4e93-808c-aa390082410b') ON CONFLICT DO NOTHING;
INSERT INTO match ("match_id", "event_id", "session_id", "player_a_id", "player_b_id", "player_a_academy_id", "player_b_academy_id", "match_format", "sets_won_a", "sets_won_b", "sets_won_a_actual", "sets_won_b_actual", "is_retirement", "winner_id", "rating_eligible", "not_eligible_reason", "ratings_applied_at", "diminishing_signal_applied", "match_category", "match_date", "match_timestamp", "umpire_id", "submitted_by", "confirmed_by", "confirmation_status", "confirmation_deadline", "confirmed_at", "voided_at", "voided_by", "void_reason", "created_at", "updated_at", "fixture_slot_id") VALUES ('aaebcf4a-ebc7-488e-b82d-4f90261ab25a', '1873398a-4917-4e76-b5e7-d7059f970661', NULL, '977aff98-e9d5-496d-b8df-356cdab11f23', 'eee34108-f08d-4dfc-9cfc-9850603fd1d4', 'bfe44f09-576b-4a7e-93ac-aca91a93a03a', 'f72a6351-fd4d-401a-be57-1e6b1ad138bf', 'BEST_OF_3', 2, 0, NULL, NULL, False, '977aff98-e9d5-496d-b8df-356cdab11f23', True, NULL, '2026-05-10 17:12:19.899933+05:30', False, 'COMPETITIVE', '2026-05-10', '2026-05-10 13:44:54.148554+05:30', NULL, 'a61e91b0-b1a7-4337-ac98-c15fb7bb8949', 'a61e91b0-b1a7-4337-ac98-c15fb7bb8949', 'AUTO_CONFIRMED', '2026-05-10 23:59:59+05:30', '2026-05-10 17:12:19.884638+05:30', NULL, NULL, NULL, '2026-05-10 13:44:54.144932+05:30', '2026-05-10 13:44:54.144932+05:30', 'a0684918-1b5c-4a52-9a9b-bf97cc459b34') ON CONFLICT DO NOTHING;
INSERT INTO match ("match_id", "event_id", "session_id", "player_a_id", "player_b_id", "player_a_academy_id", "player_b_academy_id", "match_format", "sets_won_a", "sets_won_b", "sets_won_a_actual", "sets_won_b_actual", "is_retirement", "winner_id", "rating_eligible", "not_eligible_reason", "ratings_applied_at", "diminishing_signal_applied", "match_category", "match_date", "match_timestamp", "umpire_id", "submitted_by", "confirmed_by", "confirmation_status", "confirmation_deadline", "confirmed_at", "voided_at", "voided_by", "void_reason", "created_at", "updated_at", "fixture_slot_id") VALUES ('7dab82cf-6eea-43c5-aa52-d17c35c0c021', '656756f0-7641-49ab-bf9c-1baca3120d91', 'c9f2d4d8-687b-4f6d-8bb7-86a17668e865', '0b0c2392-049b-42dc-bd25-a9d204f900df', '73ff93cc-faa2-4075-9d33-4ce7dc03be47', 'f72a6351-fd4d-401a-be57-1e6b1ad138bf', 'f72a6351-fd4d-401a-be57-1e6b1ad138bf', 'BEST_OF_5', 3, 1, NULL, NULL, False, '0b0c2392-049b-42dc-bd25-a9d204f900df', True, NULL, NULL, True, 'COMPETITIVE', '2026-05-09', '2026-05-23 10:06:54.878591+05:30', NULL, '1e00ef30-55b9-4625-9562-f3e753e1a1ba', NULL, 'PENDING', '2026-05-09 23:59:59+05:30', NULL, NULL, NULL, NULL, '2026-05-23 10:06:54.868377+05:30', '2026-05-23 10:06:54.868377+05:30', 'd5fa67b7-421f-46e4-93e1-d47f089ae41c') ON CONFLICT DO NOTHING;
INSERT INTO match ("match_id", "event_id", "session_id", "player_a_id", "player_b_id", "player_a_academy_id", "player_b_academy_id", "match_format", "sets_won_a", "sets_won_b", "sets_won_a_actual", "sets_won_b_actual", "is_retirement", "winner_id", "rating_eligible", "not_eligible_reason", "ratings_applied_at", "diminishing_signal_applied", "match_category", "match_date", "match_timestamp", "umpire_id", "submitted_by", "confirmed_by", "confirmation_status", "confirmation_deadline", "confirmed_at", "voided_at", "voided_by", "void_reason", "created_at", "updated_at", "fixture_slot_id") VALUES ('20731e5c-92dd-45e7-af42-0eb15d16aa00', '656756f0-7641-49ab-bf9c-1baca3120d91', 'c9f2d4d8-687b-4f6d-8bb7-86a17668e865', '73ff93cc-faa2-4075-9d33-4ce7dc03be47', 'd451c934-9417-4802-8573-f477dbc2555d', 'f72a6351-fd4d-401a-be57-1e6b1ad138bf', 'f72a6351-fd4d-401a-be57-1e6b1ad138bf', 'BEST_OF_5', 2, 3, NULL, NULL, False, 'd451c934-9417-4802-8573-f477dbc2555d', True, NULL, NULL, True, 'COMPETITIVE', '2026-05-09', '2026-05-23 16:55:50.211328+05:30', NULL, '1e00ef30-55b9-4625-9562-f3e753e1a1ba', NULL, 'PENDING', '2026-05-09 23:59:59+05:30', NULL, NULL, NULL, NULL, '2026-05-23 16:55:50.159307+05:30', '2026-05-23 16:55:50.159307+05:30', '8bf8c839-1f07-4da1-bb58-560d313b7e87') ON CONFLICT DO NOTHING;
INSERT INTO match ("match_id", "event_id", "session_id", "player_a_id", "player_b_id", "player_a_academy_id", "player_b_academy_id", "match_format", "sets_won_a", "sets_won_b", "sets_won_a_actual", "sets_won_b_actual", "is_retirement", "winner_id", "rating_eligible", "not_eligible_reason", "ratings_applied_at", "diminishing_signal_applied", "match_category", "match_date", "match_timestamp", "umpire_id", "submitted_by", "confirmed_by", "confirmation_status", "confirmation_deadline", "confirmed_at", "voided_at", "voided_by", "void_reason", "created_at", "updated_at", "fixture_slot_id") VALUES ('98708ec0-7420-4f82-a269-2e7fbda52e92', '7aa7430c-2721-4a47-b018-515879a8210b', NULL, '0fee5f30-1cf6-4d42-af74-dedf416ba2bd', '977aff98-e9d5-496d-b8df-356cdab11f23', 'f72a6351-fd4d-401a-be57-1e6b1ad138bf', 'bfe44f09-576b-4a7e-93ac-aca91a93a03a', 'BEST_OF_3', 1, 2, NULL, NULL, False, '977aff98-e9d5-496d-b8df-356cdab11f23', True, NULL, NULL, False, 'COMPETITIVE', '2026-05-23', '2026-05-23 18:24:09.789077+05:30', NULL, '5213bb49-7e29-4f1b-b881-138dd6b9a3bb', 'f77b984c-8864-44eb-b01c-b2768ae425d8', 'CONFIRMED', '2026-05-23 23:59:59+05:30', '2026-05-24 11:56:42.094427+05:30', NULL, NULL, NULL, '2026-05-23 18:24:09.770838+05:30', '2026-05-23 18:24:09.770838+05:30', 'b908ac6f-9300-466c-be6a-086ee8821ee1') ON CONFLICT DO NOTHING;
INSERT INTO match ("match_id", "event_id", "session_id", "player_a_id", "player_b_id", "player_a_academy_id", "player_b_academy_id", "match_format", "sets_won_a", "sets_won_b", "sets_won_a_actual", "sets_won_b_actual", "is_retirement", "winner_id", "rating_eligible", "not_eligible_reason", "ratings_applied_at", "diminishing_signal_applied", "match_category", "match_date", "match_timestamp", "umpire_id", "submitted_by", "confirmed_by", "confirmation_status", "confirmation_deadline", "confirmed_at", "voided_at", "voided_by", "void_reason", "created_at", "updated_at", "fixture_slot_id") VALUES ('efb1efca-ae8a-4d6f-b334-3636e83c1d28', '656756f0-7641-49ab-bf9c-1baca3120d91', 'e7b4a804-2cfe-4630-bf86-ac9ec6ee1411', '0b0c2392-049b-42dc-bd25-a9d204f900df', '73ff93cc-faa2-4075-9d33-4ce7dc03be47', 'f72a6351-fd4d-401a-be57-1e6b1ad138bf', 'f72a6351-fd4d-401a-be57-1e6b1ad138bf', 'BEST_OF_3', 2, 1, NULL, NULL, True, '0b0c2392-049b-42dc-bd25-a9d204f900df', True, NULL, '2026-05-05 01:29:06.261615+05:30', False, 'COMPETITIVE', '2026-05-04', '2026-05-05 00:45:25.282407+05:30', NULL, '1e00ef30-55b9-4625-9562-f3e753e1a1ba', NULL, 'AUTO_CONFIRMED', '2026-05-04 23:59:59+05:30', '2026-05-05 01:29:06.241616+05:30', NULL, NULL, NULL, '2026-05-05 00:45:25.265696+05:30', '2026-05-05 01:29:06.241616+05:30', '79fa9446-3d82-4105-8d7a-10e2d3565600') ON CONFLICT DO NOTHING;
INSERT INTO match ("match_id", "event_id", "session_id", "player_a_id", "player_b_id", "player_a_academy_id", "player_b_academy_id", "match_format", "sets_won_a", "sets_won_b", "sets_won_a_actual", "sets_won_b_actual", "is_retirement", "winner_id", "rating_eligible", "not_eligible_reason", "ratings_applied_at", "diminishing_signal_applied", "match_category", "match_date", "match_timestamp", "umpire_id", "submitted_by", "confirmed_by", "confirmation_status", "confirmation_deadline", "confirmed_at", "voided_at", "voided_by", "void_reason", "created_at", "updated_at", "fixture_slot_id") VALUES ('f244194f-c05d-4216-ab3f-4180be3f3258', '656756f0-7641-49ab-bf9c-1baca3120d91', '9fa3dea7-ece9-487b-b0a1-91c22d3e5ccc', 'eee34108-f08d-4dfc-9cfc-9850603fd1d4', 'fd932c5c-788d-44a7-b5c2-7b80c6192675', 'f72a6351-fd4d-401a-be57-1e6b1ad138bf', 'f72a6351-fd4d-401a-be57-1e6b1ad138bf', 'BEST_OF_5', 3, 0, NULL, NULL, False, 'eee34108-f08d-4dfc-9cfc-9850603fd1d4', True, NULL, '2026-05-09 13:22:08.183811+05:30', True, 'COMPETITIVE', '2026-05-06', '2026-05-05 01:17:58.206572+05:30', NULL, '1e00ef30-55b9-4625-9562-f3e753e1a1ba', NULL, 'AUTO_CONFIRMED', '2026-05-06 23:59:59+05:30', '2026-05-09 13:22:08.160826+05:30', NULL, NULL, NULL, '2026-05-05 01:17:58.199931+05:30', '2026-05-09 13:22:08.160826+05:30', 'cba4eb6e-de96-4d59-8e3a-1a10dc574e34') ON CONFLICT DO NOTHING;
INSERT INTO match ("match_id", "event_id", "session_id", "player_a_id", "player_b_id", "player_a_academy_id", "player_b_academy_id", "match_format", "sets_won_a", "sets_won_b", "sets_won_a_actual", "sets_won_b_actual", "is_retirement", "winner_id", "rating_eligible", "not_eligible_reason", "ratings_applied_at", "diminishing_signal_applied", "match_category", "match_date", "match_timestamp", "umpire_id", "submitted_by", "confirmed_by", "confirmation_status", "confirmation_deadline", "confirmed_at", "voided_at", "voided_by", "void_reason", "created_at", "updated_at", "fixture_slot_id") VALUES ('42c26641-c41c-4fbd-8814-3020c55cc17c', '656756f0-7641-49ab-bf9c-1baca3120d91', 'e7b4a804-2cfe-4630-bf86-ac9ec6ee1411', 'eee34108-f08d-4dfc-9cfc-9850603fd1d4', 'fd932c5c-788d-44a7-b5c2-7b80c6192675', 'f72a6351-fd4d-401a-be57-1e6b1ad138bf', 'f72a6351-fd4d-401a-be57-1e6b1ad138bf', 'BEST_OF_3', 2, 0, NULL, NULL, False, 'eee34108-f08d-4dfc-9cfc-9850603fd1d4', True, NULL, '2026-05-05 01:29:06.261615+05:30', False, 'COMPETITIVE', '2026-05-04', '2026-05-05 00:45:53.658752+05:30', NULL, '1e00ef30-55b9-4625-9562-f3e753e1a1ba', NULL, 'AUTO_CONFIRMED', '2026-05-04 23:59:59+05:30', '2026-05-05 01:29:06.241616+05:30', NULL, NULL, NULL, '2026-05-05 00:45:53.655699+05:30', '2026-05-05 01:29:06.241616+05:30', 'ebee4555-84ea-489d-afde-f6de467c1e42') ON CONFLICT DO NOTHING;
INSERT INTO match ("match_id", "event_id", "session_id", "player_a_id", "player_b_id", "player_a_academy_id", "player_b_academy_id", "match_format", "sets_won_a", "sets_won_b", "sets_won_a_actual", "sets_won_b_actual", "is_retirement", "winner_id", "rating_eligible", "not_eligible_reason", "ratings_applied_at", "diminishing_signal_applied", "match_category", "match_date", "match_timestamp", "umpire_id", "submitted_by", "confirmed_by", "confirmation_status", "confirmation_deadline", "confirmed_at", "voided_at", "voided_by", "void_reason", "created_at", "updated_at", "fixture_slot_id") VALUES ('7eaac93e-3270-4261-9aa3-9f79cdbe523d', '656756f0-7641-49ab-bf9c-1baca3120d91', 'e7b4a804-2cfe-4630-bf86-ac9ec6ee1411', '60545ecc-81a6-4dd2-b5b3-7e9e3d0d3b59', '8d655a59-1da9-4344-b145-1a5b48a57b89', 'f72a6351-fd4d-401a-be57-1e6b1ad138bf', 'f72a6351-fd4d-401a-be57-1e6b1ad138bf', 'BEST_OF_3', 1, 2, NULL, NULL, False, '8d655a59-1da9-4344-b145-1a5b48a57b89', True, NULL, '2026-05-05 01:29:06.261615+05:30', False, 'COMPETITIVE', '2026-05-04', '2026-05-05 00:46:01.419325+05:30', NULL, '1e00ef30-55b9-4625-9562-f3e753e1a1ba', NULL, 'AUTO_CONFIRMED', '2026-05-04 23:59:59+05:30', '2026-05-05 01:29:06.241616+05:30', NULL, NULL, NULL, '2026-05-05 00:46:01.415914+05:30', '2026-05-05 01:29:06.241616+05:30', '31baa4a2-f265-4253-a2ae-bd523c243f41') ON CONFLICT DO NOTHING;
INSERT INTO match ("match_id", "event_id", "session_id", "player_a_id", "player_b_id", "player_a_academy_id", "player_b_academy_id", "match_format", "sets_won_a", "sets_won_b", "sets_won_a_actual", "sets_won_b_actual", "is_retirement", "winner_id", "rating_eligible", "not_eligible_reason", "ratings_applied_at", "diminishing_signal_applied", "match_category", "match_date", "match_timestamp", "umpire_id", "submitted_by", "confirmed_by", "confirmation_status", "confirmation_deadline", "confirmed_at", "voided_at", "voided_by", "void_reason", "created_at", "updated_at", "fixture_slot_id") VALUES ('60463f19-6b14-4bca-912a-378355aae952', '656756f0-7641-49ab-bf9c-1baca3120d91', 'e7b4a804-2cfe-4630-bf86-ac9ec6ee1411', '73ff93cc-faa2-4075-9d33-4ce7dc03be47', 'd451c934-9417-4802-8573-f477dbc2555d', 'f72a6351-fd4d-401a-be57-1e6b1ad138bf', 'f72a6351-fd4d-401a-be57-1e6b1ad138bf', 'BEST_OF_3', 2, 0, NULL, NULL, False, '73ff93cc-faa2-4075-9d33-4ce7dc03be47', True, NULL, '2026-05-05 01:29:06.261615+05:30', False, 'COMPETITIVE', '2026-05-04', '2026-05-05 00:46:10.234889+05:30', NULL, '1e00ef30-55b9-4625-9562-f3e753e1a1ba', NULL, 'AUTO_CONFIRMED', '2026-05-04 23:59:59+05:30', '2026-05-05 01:29:06.241616+05:30', NULL, NULL, NULL, '2026-05-05 00:46:10.231745+05:30', '2026-05-05 01:29:06.241616+05:30', '33e8c105-97fd-480e-b0d8-736694dca93e') ON CONFLICT DO NOTHING;
INSERT INTO match ("match_id", "event_id", "session_id", "player_a_id", "player_b_id", "player_a_academy_id", "player_b_academy_id", "match_format", "sets_won_a", "sets_won_b", "sets_won_a_actual", "sets_won_b_actual", "is_retirement", "winner_id", "rating_eligible", "not_eligible_reason", "ratings_applied_at", "diminishing_signal_applied", "match_category", "match_date", "match_timestamp", "umpire_id", "submitted_by", "confirmed_by", "confirmation_status", "confirmation_deadline", "confirmed_at", "voided_at", "voided_by", "void_reason", "created_at", "updated_at", "fixture_slot_id") VALUES ('0c4e7d6f-3e25-403b-ac06-768c379cc6de', '656756f0-7641-49ab-bf9c-1baca3120d91', 'e7b4a804-2cfe-4630-bf86-ac9ec6ee1411', '0b0c2392-049b-42dc-bd25-a9d204f900df', '60545ecc-81a6-4dd2-b5b3-7e9e3d0d3b59', 'f72a6351-fd4d-401a-be57-1e6b1ad138bf', 'f72a6351-fd4d-401a-be57-1e6b1ad138bf', 'BEST_OF_3', 2, 1, NULL, NULL, False, '0b0c2392-049b-42dc-bd25-a9d204f900df', True, NULL, '2026-05-05 01:29:06.261615+05:30', False, 'STRETCH', '2026-05-04', '2026-05-05 00:47:35.097140+05:30', NULL, '1e00ef30-55b9-4625-9562-f3e753e1a1ba', NULL, 'AUTO_CONFIRMED', '2026-05-04 23:59:59+05:30', '2026-05-05 01:29:06.241616+05:30', NULL, NULL, NULL, '2026-05-05 00:47:35.084602+05:30', '2026-05-05 01:29:06.241616+05:30', 'e32089e2-8b08-40b0-907e-dcfb082d0b52') ON CONFLICT DO NOTHING;
INSERT INTO match ("match_id", "event_id", "session_id", "player_a_id", "player_b_id", "player_a_academy_id", "player_b_academy_id", "match_format", "sets_won_a", "sets_won_b", "sets_won_a_actual", "sets_won_b_actual", "is_retirement", "winner_id", "rating_eligible", "not_eligible_reason", "ratings_applied_at", "diminishing_signal_applied", "match_category", "match_date", "match_timestamp", "umpire_id", "submitted_by", "confirmed_by", "confirmation_status", "confirmation_deadline", "confirmed_at", "voided_at", "voided_by", "void_reason", "created_at", "updated_at", "fixture_slot_id") VALUES ('e3f26597-f2d9-4ea0-bd7e-87d1fa9ca231', '656756f0-7641-49ab-bf9c-1baca3120d91', 'e7b4a804-2cfe-4630-bf86-ac9ec6ee1411', '60545ecc-81a6-4dd2-b5b3-7e9e3d0d3b59', '73ff93cc-faa2-4075-9d33-4ce7dc03be47', 'f72a6351-fd4d-401a-be57-1e6b1ad138bf', 'f72a6351-fd4d-401a-be57-1e6b1ad138bf', 'BEST_OF_3', 1, 2, NULL, NULL, False, '73ff93cc-faa2-4075-9d33-4ce7dc03be47', True, NULL, '2026-05-05 01:29:06.261615+05:30', False, 'STRETCH', '2026-05-04', '2026-05-05 00:47:51.411911+05:30', NULL, '1e00ef30-55b9-4625-9562-f3e753e1a1ba', NULL, 'AUTO_CONFIRMED', '2026-05-04 23:59:59+05:30', '2026-05-05 01:29:06.241616+05:30', NULL, NULL, NULL, '2026-05-05 00:47:51.408294+05:30', '2026-05-05 01:29:06.241616+05:30', '941990a9-b34a-4c4f-aefa-142d35fdc9e1') ON CONFLICT DO NOTHING;
INSERT INTO match ("match_id", "event_id", "session_id", "player_a_id", "player_b_id", "player_a_academy_id", "player_b_academy_id", "match_format", "sets_won_a", "sets_won_b", "sets_won_a_actual", "sets_won_b_actual", "is_retirement", "winner_id", "rating_eligible", "not_eligible_reason", "ratings_applied_at", "diminishing_signal_applied", "match_category", "match_date", "match_timestamp", "umpire_id", "submitted_by", "confirmed_by", "confirmation_status", "confirmation_deadline", "confirmed_at", "voided_at", "voided_by", "void_reason", "created_at", "updated_at", "fixture_slot_id") VALUES ('b91fcdc9-a091-4bf3-860c-c61846bc020d', '656756f0-7641-49ab-bf9c-1baca3120d91', 'e7b4a804-2cfe-4630-bf86-ac9ec6ee1411', '0b0c2392-049b-42dc-bd25-a9d204f900df', 'eee34108-f08d-4dfc-9cfc-9850603fd1d4', 'f72a6351-fd4d-401a-be57-1e6b1ad138bf', 'f72a6351-fd4d-401a-be57-1e6b1ad138bf', 'BEST_OF_3', 2, 0, NULL, NULL, False, '0b0c2392-049b-42dc-bd25-a9d204f900df', True, NULL, '2026-05-05 01:29:06.261615+05:30', False, 'STRETCH', '2026-05-04', '2026-05-05 00:47:56.930493+05:30', NULL, '1e00ef30-55b9-4625-9562-f3e753e1a1ba', NULL, 'AUTO_CONFIRMED', '2026-05-04 23:59:59+05:30', '2026-05-05 01:29:06.241616+05:30', NULL, NULL, NULL, '2026-05-05 00:47:56.927638+05:30', '2026-05-05 01:29:06.241616+05:30', '4b80cbd7-54a8-41e5-955b-dd09db2f1c5b') ON CONFLICT DO NOTHING;
INSERT INTO match ("match_id", "event_id", "session_id", "player_a_id", "player_b_id", "player_a_academy_id", "player_b_academy_id", "match_format", "sets_won_a", "sets_won_b", "sets_won_a_actual", "sets_won_b_actual", "is_retirement", "winner_id", "rating_eligible", "not_eligible_reason", "ratings_applied_at", "diminishing_signal_applied", "match_category", "match_date", "match_timestamp", "umpire_id", "submitted_by", "confirmed_by", "confirmation_status", "confirmation_deadline", "confirmed_at", "voided_at", "voided_by", "void_reason", "created_at", "updated_at", "fixture_slot_id") VALUES ('60334290-3cba-4198-9067-91b116be3142', '656756f0-7641-49ab-bf9c-1baca3120d91', 'e7b4a804-2cfe-4630-bf86-ac9ec6ee1411', 'd451c934-9417-4802-8573-f477dbc2555d', 'fd932c5c-788d-44a7-b5c2-7b80c6192675', 'f72a6351-fd4d-401a-be57-1e6b1ad138bf', 'f72a6351-fd4d-401a-be57-1e6b1ad138bf', 'BEST_OF_3', 2, 1, NULL, NULL, False, 'd451c934-9417-4802-8573-f477dbc2555d', True, NULL, '2026-05-05 01:29:06.261615+05:30', False, 'STRETCH', '2026-05-04', '2026-05-05 00:48:07.002624+05:30', NULL, '1e00ef30-55b9-4625-9562-f3e753e1a1ba', NULL, 'AUTO_CONFIRMED', '2026-05-04 23:59:59+05:30', '2026-05-05 01:29:06.241616+05:30', NULL, NULL, NULL, '2026-05-05 00:48:06.999593+05:30', '2026-05-05 01:29:06.241616+05:30', '5638c9df-326f-4208-8903-5dd495e60720') ON CONFLICT DO NOTHING;
INSERT INTO match ("match_id", "event_id", "session_id", "player_a_id", "player_b_id", "player_a_academy_id", "player_b_academy_id", "match_format", "sets_won_a", "sets_won_b", "sets_won_a_actual", "sets_won_b_actual", "is_retirement", "winner_id", "rating_eligible", "not_eligible_reason", "ratings_applied_at", "diminishing_signal_applied", "match_category", "match_date", "match_timestamp", "umpire_id", "submitted_by", "confirmed_by", "confirmation_status", "confirmation_deadline", "confirmed_at", "voided_at", "voided_by", "void_reason", "created_at", "updated_at", "fixture_slot_id") VALUES ('4fe41c25-2916-4ee3-acfb-150ef955b442', '656756f0-7641-49ab-bf9c-1baca3120d91', 'e7b4a804-2cfe-4630-bf86-ac9ec6ee1411', '0b0c2392-049b-42dc-bd25-a9d204f900df', 'd451c934-9417-4802-8573-f477dbc2555d', 'f72a6351-fd4d-401a-be57-1e6b1ad138bf', 'f72a6351-fd4d-401a-be57-1e6b1ad138bf', 'BEST_OF_3', 2, 0, NULL, NULL, False, '0b0c2392-049b-42dc-bd25-a9d204f900df', True, NULL, '2026-05-05 01:29:06.261615+05:30', False, 'COMPETITIVE', '2026-05-04', '2026-05-05 00:48:13.826976+05:30', NULL, '1e00ef30-55b9-4625-9562-f3e753e1a1ba', NULL, 'AUTO_CONFIRMED', '2026-05-04 23:59:59+05:30', '2026-05-05 01:29:06.241616+05:30', NULL, NULL, NULL, '2026-05-05 00:48:13.824627+05:30', '2026-05-05 01:29:06.241616+05:30', '472bdad2-451a-4b21-a49c-ddb6e07f6866') ON CONFLICT DO NOTHING;
INSERT INTO match ("match_id", "event_id", "session_id", "player_a_id", "player_b_id", "player_a_academy_id", "player_b_academy_id", "match_format", "sets_won_a", "sets_won_b", "sets_won_a_actual", "sets_won_b_actual", "is_retirement", "winner_id", "rating_eligible", "not_eligible_reason", "ratings_applied_at", "diminishing_signal_applied", "match_category", "match_date", "match_timestamp", "umpire_id", "submitted_by", "confirmed_by", "confirmation_status", "confirmation_deadline", "confirmed_at", "voided_at", "voided_by", "void_reason", "created_at", "updated_at", "fixture_slot_id") VALUES ('2f76f563-f9eb-46b6-bd31-cf372fa2b413', '656756f0-7641-49ab-bf9c-1baca3120d91', 'e7b4a804-2cfe-4630-bf86-ac9ec6ee1411', '73ff93cc-faa2-4075-9d33-4ce7dc03be47', '8d655a59-1da9-4344-b145-1a5b48a57b89', 'f72a6351-fd4d-401a-be57-1e6b1ad138bf', 'f72a6351-fd4d-401a-be57-1e6b1ad138bf', 'BEST_OF_3', 1, 2, NULL, NULL, False, '8d655a59-1da9-4344-b145-1a5b48a57b89', True, NULL, '2026-05-05 01:29:06.261615+05:30', False, 'STRETCH', '2026-05-04', '2026-05-05 00:48:26.866766+05:30', NULL, '1e00ef30-55b9-4625-9562-f3e753e1a1ba', NULL, 'AUTO_CONFIRMED', '2026-05-04 23:59:59+05:30', '2026-05-05 01:29:06.241616+05:30', NULL, NULL, NULL, '2026-05-05 00:48:26.863679+05:30', '2026-05-05 01:29:06.241616+05:30', 'd03e3a05-7a08-4753-89a9-5b686d1cea58') ON CONFLICT DO NOTHING;
INSERT INTO match ("match_id", "event_id", "session_id", "player_a_id", "player_b_id", "player_a_academy_id", "player_b_academy_id", "match_format", "sets_won_a", "sets_won_b", "sets_won_a_actual", "sets_won_b_actual", "is_retirement", "winner_id", "rating_eligible", "not_eligible_reason", "ratings_applied_at", "diminishing_signal_applied", "match_category", "match_date", "match_timestamp", "umpire_id", "submitted_by", "confirmed_by", "confirmation_status", "confirmation_deadline", "confirmed_at", "voided_at", "voided_by", "void_reason", "created_at", "updated_at", "fixture_slot_id") VALUES ('22ebd3ad-5d66-4cb6-880b-cc48a842a07c', '656756f0-7641-49ab-bf9c-1baca3120d91', 'e7b4a804-2cfe-4630-bf86-ac9ec6ee1411', 'eee34108-f08d-4dfc-9cfc-9850603fd1d4', 'fd932c5c-788d-44a7-b5c2-7b80c6192675', 'f72a6351-fd4d-401a-be57-1e6b1ad138bf', 'f72a6351-fd4d-401a-be57-1e6b1ad138bf', 'BEST_OF_3', 1, 2, NULL, NULL, False, 'fd932c5c-788d-44a7-b5c2-7b80c6192675', True, NULL, '2026-05-05 01:29:06.261615+05:30', False, 'COMPETITIVE', '2026-05-04', '2026-05-05 00:55:22.001681+05:30', NULL, '1e00ef30-55b9-4625-9562-f3e753e1a1ba', NULL, 'AUTO_CONFIRMED', '2026-05-04 23:59:59+05:30', '2026-05-05 01:29:06.241616+05:30', NULL, NULL, NULL, '2026-05-05 00:55:21.991050+05:30', '2026-05-05 01:29:06.241616+05:30', '7222f16d-12a6-40c9-869b-2dfec8e99289') ON CONFLICT DO NOTHING;
INSERT INTO match ("match_id", "event_id", "session_id", "player_a_id", "player_b_id", "player_a_academy_id", "player_b_academy_id", "match_format", "sets_won_a", "sets_won_b", "sets_won_a_actual", "sets_won_b_actual", "is_retirement", "winner_id", "rating_eligible", "not_eligible_reason", "ratings_applied_at", "diminishing_signal_applied", "match_category", "match_date", "match_timestamp", "umpire_id", "submitted_by", "confirmed_by", "confirmation_status", "confirmation_deadline", "confirmed_at", "voided_at", "voided_by", "void_reason", "created_at", "updated_at", "fixture_slot_id") VALUES ('09d84e07-8939-4a98-a18a-532d577e9617', '656756f0-7641-49ab-bf9c-1baca3120d91', 'e7b4a804-2cfe-4630-bf86-ac9ec6ee1411', 'eee34108-f08d-4dfc-9cfc-9850603fd1d4', 'fd932c5c-788d-44a7-b5c2-7b80c6192675', 'f72a6351-fd4d-401a-be57-1e6b1ad138bf', 'f72a6351-fd4d-401a-be57-1e6b1ad138bf', 'BEST_OF_3', 2, 0, NULL, NULL, False, 'eee34108-f08d-4dfc-9cfc-9850603fd1d4', True, NULL, '2026-05-05 01:29:06.261615+05:30', True, 'COMPETITIVE', '2026-05-04', '2026-05-05 00:55:29.147917+05:30', NULL, '1e00ef30-55b9-4625-9562-f3e753e1a1ba', NULL, 'AUTO_CONFIRMED', '2026-05-04 23:59:59+05:30', '2026-05-05 01:29:06.241616+05:30', NULL, NULL, NULL, '2026-05-05 00:55:29.143187+05:30', '2026-05-05 01:29:06.241616+05:30', 'be1cb48c-e43d-42e2-8495-4245ba695665') ON CONFLICT DO NOTHING;
INSERT INTO match ("match_id", "event_id", "session_id", "player_a_id", "player_b_id", "player_a_academy_id", "player_b_academy_id", "match_format", "sets_won_a", "sets_won_b", "sets_won_a_actual", "sets_won_b_actual", "is_retirement", "winner_id", "rating_eligible", "not_eligible_reason", "ratings_applied_at", "diminishing_signal_applied", "match_category", "match_date", "match_timestamp", "umpire_id", "submitted_by", "confirmed_by", "confirmation_status", "confirmation_deadline", "confirmed_at", "voided_at", "voided_by", "void_reason", "created_at", "updated_at", "fixture_slot_id") VALUES ('bb6b1e1d-81b0-485a-a6b1-9920c1a6b736', '1873398a-4917-4e76-b5e7-d7059f970661', NULL, '8d655a59-1da9-4344-b145-1a5b48a57b89', 'da113ab1-0ea2-4c3b-ae8b-4841635058e0', 'f72a6351-fd4d-401a-be57-1e6b1ad138bf', 'bfe44f09-576b-4a7e-93ac-aca91a93a03a', 'BEST_OF_3', 2, 1, NULL, NULL, False, '8d655a59-1da9-4344-b145-1a5b48a57b89', True, NULL, '2026-05-10 17:12:19.899933+05:30', False, 'COMPETITIVE', '2026-05-10', '2026-05-10 13:43:39.189525+05:30', NULL, 'a61e91b0-b1a7-4337-ac98-c15fb7bb8949', 'a61e91b0-b1a7-4337-ac98-c15fb7bb8949', 'AUTO_CONFIRMED', '2026-05-10 23:59:59+05:30', '2026-05-10 17:12:19.884638+05:30', NULL, NULL, NULL, '2026-05-10 13:43:39.179548+05:30', '2026-05-10 13:43:39.179548+05:30', 'a4fb1eb7-dc9e-4b28-8da5-535512572feb') ON CONFLICT DO NOTHING;
INSERT INTO match ("match_id", "event_id", "session_id", "player_a_id", "player_b_id", "player_a_academy_id", "player_b_academy_id", "match_format", "sets_won_a", "sets_won_b", "sets_won_a_actual", "sets_won_b_actual", "is_retirement", "winner_id", "rating_eligible", "not_eligible_reason", "ratings_applied_at", "diminishing_signal_applied", "match_category", "match_date", "match_timestamp", "umpire_id", "submitted_by", "confirmed_by", "confirmation_status", "confirmation_deadline", "confirmed_at", "voided_at", "voided_by", "void_reason", "created_at", "updated_at", "fixture_slot_id") VALUES ('fe2c5c6d-2417-49ae-a020-29acf90c302d', '1873398a-4917-4e76-b5e7-d7059f970661', NULL, '60545ecc-81a6-4dd2-b5b3-7e9e3d0d3b59', '81fa98d1-112e-43f9-9f24-d64664b0fed5', 'f72a6351-fd4d-401a-be57-1e6b1ad138bf', 'bfe44f09-576b-4a7e-93ac-aca91a93a03a', 'BEST_OF_3', 2, 1, NULL, NULL, False, '60545ecc-81a6-4dd2-b5b3-7e9e3d0d3b59', True, NULL, '2026-05-10 17:12:19.899933+05:30', False, 'COMPETITIVE', '2026-05-10', '2026-05-10 13:43:52.094859+05:30', NULL, 'a61e91b0-b1a7-4337-ac98-c15fb7bb8949', 'a61e91b0-b1a7-4337-ac98-c15fb7bb8949', 'AUTO_CONFIRMED', '2026-05-10 23:59:59+05:30', '2026-05-10 17:12:19.884638+05:30', NULL, NULL, NULL, '2026-05-10 13:43:52.091314+05:30', '2026-05-10 13:43:52.091314+05:30', '78f189e8-0468-4581-a01a-113c19057a52') ON CONFLICT DO NOTHING;
INSERT INTO match ("match_id", "event_id", "session_id", "player_a_id", "player_b_id", "player_a_academy_id", "player_b_academy_id", "match_format", "sets_won_a", "sets_won_b", "sets_won_a_actual", "sets_won_b_actual", "is_retirement", "winner_id", "rating_eligible", "not_eligible_reason", "ratings_applied_at", "diminishing_signal_applied", "match_category", "match_date", "match_timestamp", "umpire_id", "submitted_by", "confirmed_by", "confirmation_status", "confirmation_deadline", "confirmed_at", "voided_at", "voided_by", "void_reason", "created_at", "updated_at", "fixture_slot_id") VALUES ('237772bc-e3fa-44f1-931f-299db72d8103', '1873398a-4917-4e76-b5e7-d7059f970661', NULL, '0b0c2392-049b-42dc-bd25-a9d204f900df', '9715b189-16e0-4e36-9a3a-e52979afbc96', 'f72a6351-fd4d-401a-be57-1e6b1ad138bf', 'bfe44f09-576b-4a7e-93ac-aca91a93a03a', 'BEST_OF_3', 2, 0, NULL, NULL, False, '0b0c2392-049b-42dc-bd25-a9d204f900df', True, NULL, '2026-05-10 17:12:19.899933+05:30', False, 'COMPETITIVE', '2026-05-10', '2026-05-10 13:43:59.693391+05:30', NULL, 'a61e91b0-b1a7-4337-ac98-c15fb7bb8949', 'a61e91b0-b1a7-4337-ac98-c15fb7bb8949', 'AUTO_CONFIRMED', '2026-05-10 23:59:59+05:30', '2026-05-10 17:12:19.884638+05:30', NULL, NULL, NULL, '2026-05-10 13:43:59.690347+05:30', '2026-05-10 13:43:59.690347+05:30', '0251d593-4c49-438c-95ae-24dd63e46381') ON CONFLICT DO NOTHING;
INSERT INTO match ("match_id", "event_id", "session_id", "player_a_id", "player_b_id", "player_a_academy_id", "player_b_academy_id", "match_format", "sets_won_a", "sets_won_b", "sets_won_a_actual", "sets_won_b_actual", "is_retirement", "winner_id", "rating_eligible", "not_eligible_reason", "ratings_applied_at", "diminishing_signal_applied", "match_category", "match_date", "match_timestamp", "umpire_id", "submitted_by", "confirmed_by", "confirmation_status", "confirmation_deadline", "confirmed_at", "voided_at", "voided_by", "void_reason", "created_at", "updated_at", "fixture_slot_id") VALUES ('4f8eab09-9e35-480f-b65f-54999c6b84a0', '1873398a-4917-4e76-b5e7-d7059f970661', NULL, '73ff93cc-faa2-4075-9d33-4ce7dc03be47', '844eb01e-6ae7-4e02-8750-5cc56bc37517', 'f72a6351-fd4d-401a-be57-1e6b1ad138bf', 'bfe44f09-576b-4a7e-93ac-aca91a93a03a', 'BEST_OF_3', 2, 0, NULL, NULL, False, '73ff93cc-faa2-4075-9d33-4ce7dc03be47', True, NULL, '2026-05-10 17:12:19.899933+05:30', False, 'COMPETITIVE', '2026-05-10', '2026-05-10 13:44:07.166544+05:30', NULL, 'a61e91b0-b1a7-4337-ac98-c15fb7bb8949', 'a61e91b0-b1a7-4337-ac98-c15fb7bb8949', 'AUTO_CONFIRMED', '2026-05-10 23:59:59+05:30', '2026-05-10 17:12:19.884638+05:30', NULL, NULL, NULL, '2026-05-10 13:44:07.162152+05:30', '2026-05-10 13:44:07.162152+05:30', 'c16c6026-7b17-418f-a945-1e55e100f198') ON CONFLICT DO NOTHING;
INSERT INTO match ("match_id", "event_id", "session_id", "player_a_id", "player_b_id", "player_a_academy_id", "player_b_academy_id", "match_format", "sets_won_a", "sets_won_b", "sets_won_a_actual", "sets_won_b_actual", "is_retirement", "winner_id", "rating_eligible", "not_eligible_reason", "ratings_applied_at", "diminishing_signal_applied", "match_category", "match_date", "match_timestamp", "umpire_id", "submitted_by", "confirmed_by", "confirmation_status", "confirmation_deadline", "confirmed_at", "voided_at", "voided_by", "void_reason", "created_at", "updated_at", "fixture_slot_id") VALUES ('e0806b61-f44e-4a02-9a9a-fad0df577725', '656756f0-7641-49ab-bf9c-1baca3120d91', 'c9f2d4d8-687b-4f6d-8bb7-86a17668e865', 'eee34108-f08d-4dfc-9cfc-9850603fd1d4', 'fd932c5c-788d-44a7-b5c2-7b80c6192675', 'f72a6351-fd4d-401a-be57-1e6b1ad138bf', 'f72a6351-fd4d-401a-be57-1e6b1ad138bf', 'BEST_OF_5', 1, 3, NULL, NULL, False, 'fd932c5c-788d-44a7-b5c2-7b80c6192675', True, NULL, NULL, True, 'COMPETITIVE', '2026-05-09', '2026-05-23 10:28:44.543933+05:30', NULL, '1e00ef30-55b9-4625-9562-f3e753e1a1ba', NULL, 'PENDING', '2026-05-09 23:59:59+05:30', NULL, NULL, NULL, NULL, '2026-05-23 10:28:44.537257+05:30', '2026-05-23 10:28:44.537257+05:30', 'b3bf4fa6-60f7-44c5-b9ee-cf2eb54f6374') ON CONFLICT DO NOTHING;
INSERT INTO match ("match_id", "event_id", "session_id", "player_a_id", "player_b_id", "player_a_academy_id", "player_b_academy_id", "match_format", "sets_won_a", "sets_won_b", "sets_won_a_actual", "sets_won_b_actual", "is_retirement", "winner_id", "rating_eligible", "not_eligible_reason", "ratings_applied_at", "diminishing_signal_applied", "match_category", "match_date", "match_timestamp", "umpire_id", "submitted_by", "confirmed_by", "confirmation_status", "confirmation_deadline", "confirmed_at", "voided_at", "voided_by", "void_reason", "created_at", "updated_at", "fixture_slot_id") VALUES ('c1e3a928-3db3-47b7-a637-502f025d3416', 'e60a1e25-b146-43bf-a7b9-4c8304075486', NULL, '0318fe32-5a19-4879-ae9e-f2b8446b7d4e', '1aa249f9-60ef-424e-accd-8e8666f2c294', 'f72a6351-fd4d-401a-be57-1e6b1ad138bf', 'bfe44f09-576b-4a7e-93ac-aca91a93a03a', 'BEST_OF_3', 2, 0, NULL, NULL, False, '0318fe32-5a19-4879-ae9e-f2b8446b7d4e', True, NULL, NULL, False, 'COMPETITIVE', '2026-05-23', '2026-05-23 17:19:57.855363+05:30', NULL, 'a61e91b0-b1a7-4337-ac98-c15fb7bb8949', NULL, 'PENDING', '2026-05-23 23:59:59+05:30', NULL, NULL, NULL, NULL, '2026-05-23 17:19:57.848089+05:30', '2026-05-23 17:19:57.848089+05:30', 'a276f118-4fcc-41dc-b8c0-add1a564cf28') ON CONFLICT DO NOTHING;
INSERT INTO match ("match_id", "event_id", "session_id", "player_a_id", "player_b_id", "player_a_academy_id", "player_b_academy_id", "match_format", "sets_won_a", "sets_won_b", "sets_won_a_actual", "sets_won_b_actual", "is_retirement", "winner_id", "rating_eligible", "not_eligible_reason", "ratings_applied_at", "diminishing_signal_applied", "match_category", "match_date", "match_timestamp", "umpire_id", "submitted_by", "confirmed_by", "confirmation_status", "confirmation_deadline", "confirmed_at", "voided_at", "voided_by", "void_reason", "created_at", "updated_at", "fixture_slot_id") VALUES ('8428f3b7-feca-40ca-b6a6-880f1bc76004', '7aa7430c-2721-4a47-b018-515879a8210b', NULL, '96fa35f0-597e-4a23-a2fc-3988a76eac04', 'fd932c5c-788d-44a7-b5c2-7b80c6192675', 'bfe44f09-576b-4a7e-93ac-aca91a93a03a', 'f72a6351-fd4d-401a-be57-1e6b1ad138bf', 'BEST_OF_3', 2, 1, NULL, NULL, False, '96fa35f0-597e-4a23-a2fc-3988a76eac04', True, NULL, NULL, False, 'COMPETITIVE', '2026-05-26', '2026-05-26 17:17:23.290622+05:30', NULL, 'a61e91b0-b1a7-4337-ac98-c15fb7bb8949', 'a61e91b0-b1a7-4337-ac98-c15fb7bb8949', 'AUTO_CONFIRMED', '2026-05-26 23:59:59+05:30', '2026-05-26 17:17:23.290622+05:30', NULL, NULL, NULL, '2026-05-26 17:17:23.243879+05:30', '2026-05-26 17:17:23.243879+05:30', '74fd87b8-419b-4fce-bde3-4ada3cbeb5bc') ON CONFLICT DO NOTHING;
INSERT INTO match ("match_id", "event_id", "session_id", "player_a_id", "player_b_id", "player_a_academy_id", "player_b_academy_id", "match_format", "sets_won_a", "sets_won_b", "sets_won_a_actual", "sets_won_b_actual", "is_retirement", "winner_id", "rating_eligible", "not_eligible_reason", "ratings_applied_at", "diminishing_signal_applied", "match_category", "match_date", "match_timestamp", "umpire_id", "submitted_by", "confirmed_by", "confirmation_status", "confirmation_deadline", "confirmed_at", "voided_at", "voided_by", "void_reason", "created_at", "updated_at", "fixture_slot_id") VALUES ('48b67a6b-d0fe-4904-9c8f-ce50c18a803c', '656756f0-7641-49ab-bf9c-1baca3120d91', '9fa3dea7-ece9-487b-b0a1-91c22d3e5ccc', '0b0c2392-049b-42dc-bd25-a9d204f900df', '73ff93cc-faa2-4075-9d33-4ce7dc03be47', 'f72a6351-fd4d-401a-be57-1e6b1ad138bf', 'f72a6351-fd4d-401a-be57-1e6b1ad138bf', 'BEST_OF_5', 1, 3, NULL, NULL, True, '73ff93cc-faa2-4075-9d33-4ce7dc03be47', True, NULL, '2026-05-09 13:22:08.183811+05:30', False, 'COMPETITIVE', '2026-05-06', '2026-05-09 12:38:53.304741+05:30', NULL, '1e00ef30-55b9-4625-9562-f3e753e1a1ba', NULL, 'AUTO_CONFIRMED', '2026-05-06 23:59:59+05:30', '2026-05-09 13:22:08.160826+05:30', NULL, NULL, NULL, '2026-05-09 12:38:53.296117+05:30', '2026-05-09 13:22:08.160826+05:30', 'f236d80f-5373-4972-9bf8-172d8f3ced44') ON CONFLICT DO NOTHING;
INSERT INTO match ("match_id", "event_id", "session_id", "player_a_id", "player_b_id", "player_a_academy_id", "player_b_academy_id", "match_format", "sets_won_a", "sets_won_b", "sets_won_a_actual", "sets_won_b_actual", "is_retirement", "winner_id", "rating_eligible", "not_eligible_reason", "ratings_applied_at", "diminishing_signal_applied", "match_category", "match_date", "match_timestamp", "umpire_id", "submitted_by", "confirmed_by", "confirmation_status", "confirmation_deadline", "confirmed_at", "voided_at", "voided_by", "void_reason", "created_at", "updated_at", "fixture_slot_id") VALUES ('d36172b0-fc60-41cf-ac2c-9b6434362b63', '656756f0-7641-49ab-bf9c-1baca3120d91', '9fa3dea7-ece9-487b-b0a1-91c22d3e5ccc', '60545ecc-81a6-4dd2-b5b3-7e9e3d0d3b59', '8d655a59-1da9-4344-b145-1a5b48a57b89', 'f72a6351-fd4d-401a-be57-1e6b1ad138bf', 'f72a6351-fd4d-401a-be57-1e6b1ad138bf', 'BEST_OF_5', 3, 1, NULL, NULL, True, '60545ecc-81a6-4dd2-b5b3-7e9e3d0d3b59', True, NULL, '2026-05-09 13:22:08.183811+05:30', False, 'COMPETITIVE', '2026-05-06', '2026-05-09 12:40:28.947904+05:30', NULL, '1e00ef30-55b9-4625-9562-f3e753e1a1ba', NULL, 'AUTO_CONFIRMED', '2026-05-06 23:59:59+05:30', '2026-05-09 13:22:08.160826+05:30', NULL, NULL, NULL, '2026-05-09 12:40:28.941792+05:30', '2026-05-09 13:22:08.160826+05:30', 'cd7e17ef-8bcc-409c-8211-274e06beb20d') ON CONFLICT DO NOTHING;
INSERT INTO match ("match_id", "event_id", "session_id", "player_a_id", "player_b_id", "player_a_academy_id", "player_b_academy_id", "match_format", "sets_won_a", "sets_won_b", "sets_won_a_actual", "sets_won_b_actual", "is_retirement", "winner_id", "rating_eligible", "not_eligible_reason", "ratings_applied_at", "diminishing_signal_applied", "match_category", "match_date", "match_timestamp", "umpire_id", "submitted_by", "confirmed_by", "confirmation_status", "confirmation_deadline", "confirmed_at", "voided_at", "voided_by", "void_reason", "created_at", "updated_at", "fixture_slot_id") VALUES ('d8e8450f-27c0-4a35-9fca-d4d7bbf4392f', '656756f0-7641-49ab-bf9c-1baca3120d91', '9fa3dea7-ece9-487b-b0a1-91c22d3e5ccc', '73ff93cc-faa2-4075-9d33-4ce7dc03be47', 'd451c934-9417-4802-8573-f477dbc2555d', 'f72a6351-fd4d-401a-be57-1e6b1ad138bf', 'f72a6351-fd4d-401a-be57-1e6b1ad138bf', 'BEST_OF_5', 1, 3, NULL, NULL, True, 'd451c934-9417-4802-8573-f477dbc2555d', True, NULL, '2026-05-09 13:22:08.183811+05:30', False, 'COMPETITIVE', '2026-05-06', '2026-05-09 12:44:39.938678+05:30', NULL, '1e00ef30-55b9-4625-9562-f3e753e1a1ba', NULL, 'AUTO_CONFIRMED', '2026-05-06 23:59:59+05:30', '2026-05-09 13:22:08.160826+05:30', NULL, NULL, NULL, '2026-05-09 12:44:39.935683+05:30', '2026-05-09 13:22:08.160826+05:30', 'ba00207c-42a4-49d2-a621-3e695da5137d') ON CONFLICT DO NOTHING;
INSERT INTO match ("match_id", "event_id", "session_id", "player_a_id", "player_b_id", "player_a_academy_id", "player_b_academy_id", "match_format", "sets_won_a", "sets_won_b", "sets_won_a_actual", "sets_won_b_actual", "is_retirement", "winner_id", "rating_eligible", "not_eligible_reason", "ratings_applied_at", "diminishing_signal_applied", "match_category", "match_date", "match_timestamp", "umpire_id", "submitted_by", "confirmed_by", "confirmation_status", "confirmation_deadline", "confirmed_at", "voided_at", "voided_by", "void_reason", "created_at", "updated_at", "fixture_slot_id") VALUES ('56e7485f-dbed-473e-bbe9-344a12fb54f9', '656756f0-7641-49ab-bf9c-1baca3120d91', '9fa3dea7-ece9-487b-b0a1-91c22d3e5ccc', 'eee34108-f08d-4dfc-9cfc-9850603fd1d4', 'fd932c5c-788d-44a7-b5c2-7b80c6192675', 'f72a6351-fd4d-401a-be57-1e6b1ad138bf', 'f72a6351-fd4d-401a-be57-1e6b1ad138bf', 'BEST_OF_5', 0, 3, NULL, NULL, True, 'fd932c5c-788d-44a7-b5c2-7b80c6192675', True, NULL, '2026-05-09 13:22:08.183811+05:30', True, 'COMPETITIVE', '2026-05-06', '2026-05-09 12:44:53.438338+05:30', NULL, '1e00ef30-55b9-4625-9562-f3e753e1a1ba', NULL, 'AUTO_CONFIRMED', '2026-05-06 23:59:59+05:30', '2026-05-09 13:22:08.160826+05:30', NULL, NULL, NULL, '2026-05-09 12:44:53.425117+05:30', '2026-05-09 13:22:08.160826+05:30', 'ce92ebbc-f650-4e29-b3de-78cfafcec820') ON CONFLICT DO NOTHING;
INSERT INTO match ("match_id", "event_id", "session_id", "player_a_id", "player_b_id", "player_a_academy_id", "player_b_academy_id", "match_format", "sets_won_a", "sets_won_b", "sets_won_a_actual", "sets_won_b_actual", "is_retirement", "winner_id", "rating_eligible", "not_eligible_reason", "ratings_applied_at", "diminishing_signal_applied", "match_category", "match_date", "match_timestamp", "umpire_id", "submitted_by", "confirmed_by", "confirmation_status", "confirmation_deadline", "confirmed_at", "voided_at", "voided_by", "void_reason", "created_at", "updated_at", "fixture_slot_id") VALUES ('da5e1d7b-9d02-4331-901b-2283370c7ed7', '656756f0-7641-49ab-bf9c-1baca3120d91', '9fa3dea7-ece9-487b-b0a1-91c22d3e5ccc', '0b0c2392-049b-42dc-bd25-a9d204f900df', '60545ecc-81a6-4dd2-b5b3-7e9e3d0d3b59', 'f72a6351-fd4d-401a-be57-1e6b1ad138bf', 'f72a6351-fd4d-401a-be57-1e6b1ad138bf', 'BEST_OF_5', 1, 3, NULL, NULL, True, '60545ecc-81a6-4dd2-b5b3-7e9e3d0d3b59', True, NULL, '2026-05-09 13:22:08.183811+05:30', False, 'STRETCH', '2026-05-06', '2026-05-09 12:45:10.035956+05:30', NULL, '1e00ef30-55b9-4625-9562-f3e753e1a1ba', NULL, 'AUTO_CONFIRMED', '2026-05-06 23:59:59+05:30', '2026-05-09 13:22:08.160826+05:30', NULL, NULL, NULL, '2026-05-09 12:45:10.033245+05:30', '2026-05-09 13:22:08.160826+05:30', '59ff3f1e-5ae0-4255-92b1-203590c05e92') ON CONFLICT DO NOTHING;
INSERT INTO match ("match_id", "event_id", "session_id", "player_a_id", "player_b_id", "player_a_academy_id", "player_b_academy_id", "match_format", "sets_won_a", "sets_won_b", "sets_won_a_actual", "sets_won_b_actual", "is_retirement", "winner_id", "rating_eligible", "not_eligible_reason", "ratings_applied_at", "diminishing_signal_applied", "match_category", "match_date", "match_timestamp", "umpire_id", "submitted_by", "confirmed_by", "confirmation_status", "confirmation_deadline", "confirmed_at", "voided_at", "voided_by", "void_reason", "created_at", "updated_at", "fixture_slot_id") VALUES ('7e524792-728c-42b5-985e-f3f6beadd599', '656756f0-7641-49ab-bf9c-1baca3120d91', '9fa3dea7-ece9-487b-b0a1-91c22d3e5ccc', '60545ecc-81a6-4dd2-b5b3-7e9e3d0d3b59', '73ff93cc-faa2-4075-9d33-4ce7dc03be47', 'f72a6351-fd4d-401a-be57-1e6b1ad138bf', 'f72a6351-fd4d-401a-be57-1e6b1ad138bf', 'BEST_OF_5', 3, 0, NULL, NULL, False, '60545ecc-81a6-4dd2-b5b3-7e9e3d0d3b59', True, NULL, '2026-05-09 13:22:08.183811+05:30', False, 'STRETCH', '2026-05-06', '2026-05-09 12:45:49.001380+05:30', NULL, '1e00ef30-55b9-4625-9562-f3e753e1a1ba', NULL, 'AUTO_CONFIRMED', '2026-05-06 23:59:59+05:30', '2026-05-09 13:22:08.160826+05:30', NULL, NULL, NULL, '2026-05-09 12:45:48.997699+05:30', '2026-05-09 13:22:08.160826+05:30', '2fef34e4-b9d6-4170-9514-d16e5c1e52bb') ON CONFLICT DO NOTHING;
INSERT INTO match ("match_id", "event_id", "session_id", "player_a_id", "player_b_id", "player_a_academy_id", "player_b_academy_id", "match_format", "sets_won_a", "sets_won_b", "sets_won_a_actual", "sets_won_b_actual", "is_retirement", "winner_id", "rating_eligible", "not_eligible_reason", "ratings_applied_at", "diminishing_signal_applied", "match_category", "match_date", "match_timestamp", "umpire_id", "submitted_by", "confirmed_by", "confirmation_status", "confirmation_deadline", "confirmed_at", "voided_at", "voided_by", "void_reason", "created_at", "updated_at", "fixture_slot_id") VALUES ('0d4b6e78-8bfd-426e-a069-9ccb791f1e3f', '656756f0-7641-49ab-bf9c-1baca3120d91', '9fa3dea7-ece9-487b-b0a1-91c22d3e5ccc', '0b0c2392-049b-42dc-bd25-a9d204f900df', 'eee34108-f08d-4dfc-9cfc-9850603fd1d4', 'f72a6351-fd4d-401a-be57-1e6b1ad138bf', 'f72a6351-fd4d-401a-be57-1e6b1ad138bf', 'BEST_OF_5', 3, 0, NULL, NULL, False, '0b0c2392-049b-42dc-bd25-a9d204f900df', True, NULL, '2026-05-09 13:22:08.183811+05:30', False, 'STRETCH', '2026-05-06', '2026-05-09 12:46:02.626966+05:30', NULL, '1e00ef30-55b9-4625-9562-f3e753e1a1ba', NULL, 'AUTO_CONFIRMED', '2026-05-06 23:59:59+05:30', '2026-05-09 13:22:08.160826+05:30', NULL, NULL, NULL, '2026-05-09 12:46:02.624174+05:30', '2026-05-09 13:22:08.160826+05:30', 'a5546265-9044-414a-8775-e5be588ac319') ON CONFLICT DO NOTHING;
INSERT INTO match ("match_id", "event_id", "session_id", "player_a_id", "player_b_id", "player_a_academy_id", "player_b_academy_id", "match_format", "sets_won_a", "sets_won_b", "sets_won_a_actual", "sets_won_b_actual", "is_retirement", "winner_id", "rating_eligible", "not_eligible_reason", "ratings_applied_at", "diminishing_signal_applied", "match_category", "match_date", "match_timestamp", "umpire_id", "submitted_by", "confirmed_by", "confirmation_status", "confirmation_deadline", "confirmed_at", "voided_at", "voided_by", "void_reason", "created_at", "updated_at", "fixture_slot_id") VALUES ('e480ace5-9ef6-4ccf-befb-d8a71a9bc616', '656756f0-7641-49ab-bf9c-1baca3120d91', '9fa3dea7-ece9-487b-b0a1-91c22d3e5ccc', 'd451c934-9417-4802-8573-f477dbc2555d', 'fd932c5c-788d-44a7-b5c2-7b80c6192675', 'f72a6351-fd4d-401a-be57-1e6b1ad138bf', 'f72a6351-fd4d-401a-be57-1e6b1ad138bf', 'BEST_OF_5', 2, 3, NULL, NULL, False, 'fd932c5c-788d-44a7-b5c2-7b80c6192675', True, NULL, '2026-05-09 13:22:08.183811+05:30', False, 'STRETCH', '2026-05-06', '2026-05-09 12:46:14.282603+05:30', NULL, '1e00ef30-55b9-4625-9562-f3e753e1a1ba', NULL, 'AUTO_CONFIRMED', '2026-05-06 23:59:59+05:30', '2026-05-09 13:22:08.160826+05:30', NULL, NULL, NULL, '2026-05-09 12:46:14.278793+05:30', '2026-05-09 13:22:08.160826+05:30', 'a2b82d42-5925-4bbb-82d3-16b32018ef95') ON CONFLICT DO NOTHING;
INSERT INTO match ("match_id", "event_id", "session_id", "player_a_id", "player_b_id", "player_a_academy_id", "player_b_academy_id", "match_format", "sets_won_a", "sets_won_b", "sets_won_a_actual", "sets_won_b_actual", "is_retirement", "winner_id", "rating_eligible", "not_eligible_reason", "ratings_applied_at", "diminishing_signal_applied", "match_category", "match_date", "match_timestamp", "umpire_id", "submitted_by", "confirmed_by", "confirmation_status", "confirmation_deadline", "confirmed_at", "voided_at", "voided_by", "void_reason", "created_at", "updated_at", "fixture_slot_id") VALUES ('5fae4749-01f9-4016-ae6f-4d24f742a121', '656756f0-7641-49ab-bf9c-1baca3120d91', '9fa3dea7-ece9-487b-b0a1-91c22d3e5ccc', '0b0c2392-049b-42dc-bd25-a9d204f900df', 'd451c934-9417-4802-8573-f477dbc2555d', 'f72a6351-fd4d-401a-be57-1e6b1ad138bf', 'f72a6351-fd4d-401a-be57-1e6b1ad138bf', 'BEST_OF_5', 3, 0, NULL, NULL, False, '0b0c2392-049b-42dc-bd25-a9d204f900df', True, NULL, '2026-05-09 13:22:08.183811+05:30', False, 'COMPETITIVE', '2026-05-06', '2026-05-09 12:46:37.379260+05:30', NULL, '1e00ef30-55b9-4625-9562-f3e753e1a1ba', NULL, 'AUTO_CONFIRMED', '2026-05-06 23:59:59+05:30', '2026-05-09 13:22:08.160826+05:30', NULL, NULL, NULL, '2026-05-09 12:46:37.376222+05:30', '2026-05-09 13:22:08.160826+05:30', 'fec60055-8b81-4849-9248-8294140dbfe5') ON CONFLICT DO NOTHING;
INSERT INTO match ("match_id", "event_id", "session_id", "player_a_id", "player_b_id", "player_a_academy_id", "player_b_academy_id", "match_format", "sets_won_a", "sets_won_b", "sets_won_a_actual", "sets_won_b_actual", "is_retirement", "winner_id", "rating_eligible", "not_eligible_reason", "ratings_applied_at", "diminishing_signal_applied", "match_category", "match_date", "match_timestamp", "umpire_id", "submitted_by", "confirmed_by", "confirmation_status", "confirmation_deadline", "confirmed_at", "voided_at", "voided_by", "void_reason", "created_at", "updated_at", "fixture_slot_id") VALUES ('03035999-0928-4d05-94e3-41aabef4ff84', '656756f0-7641-49ab-bf9c-1baca3120d91', '9fa3dea7-ece9-487b-b0a1-91c22d3e5ccc', 'eee34108-f08d-4dfc-9cfc-9850603fd1d4', 'fd932c5c-788d-44a7-b5c2-7b80c6192675', 'f72a6351-fd4d-401a-be57-1e6b1ad138bf', 'f72a6351-fd4d-401a-be57-1e6b1ad138bf', 'BEST_OF_5', 2, 3, NULL, NULL, False, 'fd932c5c-788d-44a7-b5c2-7b80c6192675', True, NULL, '2026-05-09 13:22:08.183811+05:30', True, 'COMPETITIVE', '2026-05-06', '2026-05-09 12:46:45.028151+05:30', NULL, '1e00ef30-55b9-4625-9562-f3e753e1a1ba', NULL, 'AUTO_CONFIRMED', '2026-05-06 23:59:59+05:30', '2026-05-09 13:22:08.160826+05:30', NULL, NULL, NULL, '2026-05-09 12:46:45.024856+05:30', '2026-05-09 13:22:08.160826+05:30', '158b5501-cb3a-4727-afc9-15793177999e') ON CONFLICT DO NOTHING;
INSERT INTO match ("match_id", "event_id", "session_id", "player_a_id", "player_b_id", "player_a_academy_id", "player_b_academy_id", "match_format", "sets_won_a", "sets_won_b", "sets_won_a_actual", "sets_won_b_actual", "is_retirement", "winner_id", "rating_eligible", "not_eligible_reason", "ratings_applied_at", "diminishing_signal_applied", "match_category", "match_date", "match_timestamp", "umpire_id", "submitted_by", "confirmed_by", "confirmation_status", "confirmation_deadline", "confirmed_at", "voided_at", "voided_by", "void_reason", "created_at", "updated_at", "fixture_slot_id") VALUES ('266ceb76-d085-4e07-948f-ed61a0a05e87', '656756f0-7641-49ab-bf9c-1baca3120d91', '9fa3dea7-ece9-487b-b0a1-91c22d3e5ccc', '73ff93cc-faa2-4075-9d33-4ce7dc03be47', '8d655a59-1da9-4344-b145-1a5b48a57b89', 'f72a6351-fd4d-401a-be57-1e6b1ad138bf', 'f72a6351-fd4d-401a-be57-1e6b1ad138bf', 'BEST_OF_5', 2, 3, NULL, NULL, False, '8d655a59-1da9-4344-b145-1a5b48a57b89', True, NULL, '2026-05-09 13:22:08.183811+05:30', False, 'STRETCH', '2026-05-06', '2026-05-09 12:46:54.762476+05:30', NULL, '1e00ef30-55b9-4625-9562-f3e753e1a1ba', NULL, 'AUTO_CONFIRMED', '2026-05-06 23:59:59+05:30', '2026-05-09 13:22:08.160826+05:30', NULL, NULL, NULL, '2026-05-09 12:46:54.759776+05:30', '2026-05-09 13:22:08.160826+05:30', '9b243fa7-02ce-4d74-b98b-d7e71ddb0597') ON CONFLICT DO NOTHING;
INSERT INTO match ("match_id", "event_id", "session_id", "player_a_id", "player_b_id", "player_a_academy_id", "player_b_academy_id", "match_format", "sets_won_a", "sets_won_b", "sets_won_a_actual", "sets_won_b_actual", "is_retirement", "winner_id", "rating_eligible", "not_eligible_reason", "ratings_applied_at", "diminishing_signal_applied", "match_category", "match_date", "match_timestamp", "umpire_id", "submitted_by", "confirmed_by", "confirmation_status", "confirmation_deadline", "confirmed_at", "voided_at", "voided_by", "void_reason", "created_at", "updated_at", "fixture_slot_id") VALUES ('d35c1dcb-699b-426d-812c-60eed768691c', 'abd4d1eb-1ed2-4beb-b25d-d77374a95f75', NULL, '8d655a59-1da9-4344-b145-1a5b48a57b89', 'da113ab1-0ea2-4c3b-ae8b-4841635058e0', 'f72a6351-fd4d-401a-be57-1e6b1ad138bf', 'bfe44f09-576b-4a7e-93ac-aca91a93a03a', 'BEST_OF_3', 2, 1, NULL, NULL, False, '8d655a59-1da9-4344-b145-1a5b48a57b89', True, NULL, '2026-05-10 17:13:42.876192+05:30', False, 'COMPETITIVE', '2026-05-10', '2026-05-10 16:51:35.930364+05:30', NULL, 'a61e91b0-b1a7-4337-ac98-c15fb7bb8949', 'a61e91b0-b1a7-4337-ac98-c15fb7bb8949', 'AUTO_CONFIRMED', '2026-05-10 23:59:59+05:30', '2026-05-10 17:13:42.860638+05:30', NULL, NULL, NULL, '2026-05-10 16:51:35.915180+05:30', '2026-05-10 16:51:35.915180+05:30', '0a586aba-cfff-4774-8cb9-98a9327aad1b') ON CONFLICT DO NOTHING;
INSERT INTO match ("match_id", "event_id", "session_id", "player_a_id", "player_b_id", "player_a_academy_id", "player_b_academy_id", "match_format", "sets_won_a", "sets_won_b", "sets_won_a_actual", "sets_won_b_actual", "is_retirement", "winner_id", "rating_eligible", "not_eligible_reason", "ratings_applied_at", "diminishing_signal_applied", "match_category", "match_date", "match_timestamp", "umpire_id", "submitted_by", "confirmed_by", "confirmation_status", "confirmation_deadline", "confirmed_at", "voided_at", "voided_by", "void_reason", "created_at", "updated_at", "fixture_slot_id") VALUES ('6bb6099a-c4c8-4a5a-8481-e9d3a7e1c217', 'abd4d1eb-1ed2-4beb-b25d-d77374a95f75', NULL, '60545ecc-81a6-4dd2-b5b3-7e9e3d0d3b59', '9715b189-16e0-4e36-9a3a-e52979afbc96', 'f72a6351-fd4d-401a-be57-1e6b1ad138bf', 'bfe44f09-576b-4a7e-93ac-aca91a93a03a', 'BEST_OF_3', 1, 2, NULL, NULL, False, '9715b189-16e0-4e36-9a3a-e52979afbc96', True, NULL, '2026-05-10 17:13:42.876192+05:30', False, 'COMPETITIVE', '2026-05-10', '2026-05-10 16:51:43.569169+05:30', NULL, 'a61e91b0-b1a7-4337-ac98-c15fb7bb8949', 'a61e91b0-b1a7-4337-ac98-c15fb7bb8949', 'AUTO_CONFIRMED', '2026-05-10 23:59:59+05:30', '2026-05-10 17:13:42.860638+05:30', NULL, NULL, NULL, '2026-05-10 16:51:43.565999+05:30', '2026-05-10 16:51:43.565999+05:30', '476580c8-a639-43e8-b6b6-020a3b567443') ON CONFLICT DO NOTHING;
INSERT INTO match ("match_id", "event_id", "session_id", "player_a_id", "player_b_id", "player_a_academy_id", "player_b_academy_id", "match_format", "sets_won_a", "sets_won_b", "sets_won_a_actual", "sets_won_b_actual", "is_retirement", "winner_id", "rating_eligible", "not_eligible_reason", "ratings_applied_at", "diminishing_signal_applied", "match_category", "match_date", "match_timestamp", "umpire_id", "submitted_by", "confirmed_by", "confirmation_status", "confirmation_deadline", "confirmed_at", "voided_at", "voided_by", "void_reason", "created_at", "updated_at", "fixture_slot_id") VALUES ('70f1c567-de1b-4388-ad5d-8cdd881d12d8', 'abd4d1eb-1ed2-4beb-b25d-d77374a95f75', NULL, '0b0c2392-049b-42dc-bd25-a9d204f900df', '844eb01e-6ae7-4e02-8750-5cc56bc37517', 'f72a6351-fd4d-401a-be57-1e6b1ad138bf', 'bfe44f09-576b-4a7e-93ac-aca91a93a03a', 'BEST_OF_3', 2, 1, NULL, NULL, False, '0b0c2392-049b-42dc-bd25-a9d204f900df', True, NULL, '2026-05-10 17:13:42.876192+05:30', False, 'COMPETITIVE', '2026-05-10', '2026-05-10 16:51:54.968264+05:30', NULL, 'a61e91b0-b1a7-4337-ac98-c15fb7bb8949', 'a61e91b0-b1a7-4337-ac98-c15fb7bb8949', 'AUTO_CONFIRMED', '2026-05-10 23:59:59+05:30', '2026-05-10 17:13:42.860638+05:30', NULL, NULL, NULL, '2026-05-10 16:51:54.964637+05:30', '2026-05-10 16:51:54.964637+05:30', '0b58c9ac-010e-453a-84f6-1383a5b0bfb9') ON CONFLICT DO NOTHING;
INSERT INTO match ("match_id", "event_id", "session_id", "player_a_id", "player_b_id", "player_a_academy_id", "player_b_academy_id", "match_format", "sets_won_a", "sets_won_b", "sets_won_a_actual", "sets_won_b_actual", "is_retirement", "winner_id", "rating_eligible", "not_eligible_reason", "ratings_applied_at", "diminishing_signal_applied", "match_category", "match_date", "match_timestamp", "umpire_id", "submitted_by", "confirmed_by", "confirmation_status", "confirmation_deadline", "confirmed_at", "voided_at", "voided_by", "void_reason", "created_at", "updated_at", "fixture_slot_id") VALUES ('883fbb7b-e9ef-46ca-8c9f-1b3c09e8ab6e', 'abd4d1eb-1ed2-4beb-b25d-d77374a95f75', NULL, '73ff93cc-faa2-4075-9d33-4ce7dc03be47', 'e64dd84c-1f5e-4315-805d-aee1927f811a', 'f72a6351-fd4d-401a-be57-1e6b1ad138bf', 'bfe44f09-576b-4a7e-93ac-aca91a93a03a', 'BEST_OF_3', 2, 1, NULL, NULL, False, '73ff93cc-faa2-4075-9d33-4ce7dc03be47', True, NULL, '2026-05-10 17:13:42.876192+05:30', False, 'COMPETITIVE', '2026-05-10', '2026-05-10 16:52:04.081360+05:30', NULL, 'a61e91b0-b1a7-4337-ac98-c15fb7bb8949', 'a61e91b0-b1a7-4337-ac98-c15fb7bb8949', 'AUTO_CONFIRMED', '2026-05-10 23:59:59+05:30', '2026-05-10 17:13:42.860638+05:30', NULL, NULL, NULL, '2026-05-10 16:52:04.077872+05:30', '2026-05-10 16:52:04.077872+05:30', '32ab8524-4073-478a-882f-f509a3c52186') ON CONFLICT DO NOTHING;
INSERT INTO match ("match_id", "event_id", "session_id", "player_a_id", "player_b_id", "player_a_academy_id", "player_b_academy_id", "match_format", "sets_won_a", "sets_won_b", "sets_won_a_actual", "sets_won_b_actual", "is_retirement", "winner_id", "rating_eligible", "not_eligible_reason", "ratings_applied_at", "diminishing_signal_applied", "match_category", "match_date", "match_timestamp", "umpire_id", "submitted_by", "confirmed_by", "confirmation_status", "confirmation_deadline", "confirmed_at", "voided_at", "voided_by", "void_reason", "created_at", "updated_at", "fixture_slot_id") VALUES ('ec26c8a1-78a1-4219-b40d-8e36f710c149', 'abd4d1eb-1ed2-4beb-b25d-d77374a95f75', NULL, '96fa35f0-597e-4a23-a2fc-3988a76eac04', 'fd932c5c-788d-44a7-b5c2-7b80c6192675', 'bfe44f09-576b-4a7e-93ac-aca91a93a03a', 'f72a6351-fd4d-401a-be57-1e6b1ad138bf', 'BEST_OF_3', 1, 2, NULL, NULL, False, 'fd932c5c-788d-44a7-b5c2-7b80c6192675', True, NULL, '2026-05-10 17:13:42.876192+05:30', False, 'STRETCH', '2026-05-10', '2026-05-10 16:52:11.545312+05:30', NULL, 'a61e91b0-b1a7-4337-ac98-c15fb7bb8949', 'a61e91b0-b1a7-4337-ac98-c15fb7bb8949', 'AUTO_CONFIRMED', '2026-05-10 23:59:59+05:30', '2026-05-10 17:13:42.860638+05:30', NULL, NULL, NULL, '2026-05-10 16:52:11.541561+05:30', '2026-05-10 16:52:11.541561+05:30', '87efa0ca-38f5-4e76-a6ec-3d7a90657e2c') ON CONFLICT DO NOTHING;
INSERT INTO match ("match_id", "event_id", "session_id", "player_a_id", "player_b_id", "player_a_academy_id", "player_b_academy_id", "match_format", "sets_won_a", "sets_won_b", "sets_won_a_actual", "sets_won_b_actual", "is_retirement", "winner_id", "rating_eligible", "not_eligible_reason", "ratings_applied_at", "diminishing_signal_applied", "match_category", "match_date", "match_timestamp", "umpire_id", "submitted_by", "confirmed_by", "confirmation_status", "confirmation_deadline", "confirmed_at", "voided_at", "voided_by", "void_reason", "created_at", "updated_at", "fixture_slot_id") VALUES ('8a829b1d-90a0-4531-ae0a-2a72b42e51c8', 'abd4d1eb-1ed2-4beb-b25d-d77374a95f75', NULL, '977aff98-e9d5-496d-b8df-356cdab11f23', 'eee34108-f08d-4dfc-9cfc-9850603fd1d4', 'bfe44f09-576b-4a7e-93ac-aca91a93a03a', 'f72a6351-fd4d-401a-be57-1e6b1ad138bf', 'BEST_OF_3', 1, 2, NULL, NULL, False, 'eee34108-f08d-4dfc-9cfc-9850603fd1d4', True, NULL, '2026-05-10 17:13:42.876192+05:30', False, 'COMPETITIVE', '2026-05-10', '2026-05-10 16:52:19.001243+05:30', NULL, 'a61e91b0-b1a7-4337-ac98-c15fb7bb8949', 'a61e91b0-b1a7-4337-ac98-c15fb7bb8949', 'AUTO_CONFIRMED', '2026-05-10 23:59:59+05:30', '2026-05-10 17:13:42.860638+05:30', NULL, NULL, NULL, '2026-05-10 16:52:18.997995+05:30', '2026-05-10 16:52:18.997995+05:30', '5100e3f0-1f61-4164-ba25-90463d2aa068') ON CONFLICT DO NOTHING;
INSERT INTO match ("match_id", "event_id", "session_id", "player_a_id", "player_b_id", "player_a_academy_id", "player_b_academy_id", "match_format", "sets_won_a", "sets_won_b", "sets_won_a_actual", "sets_won_b_actual", "is_retirement", "winner_id", "rating_eligible", "not_eligible_reason", "ratings_applied_at", "diminishing_signal_applied", "match_category", "match_date", "match_timestamp", "umpire_id", "submitted_by", "confirmed_by", "confirmation_status", "confirmation_deadline", "confirmed_at", "voided_at", "voided_by", "void_reason", "created_at", "updated_at", "fixture_slot_id") VALUES ('6eadb186-32a4-4868-aea3-414c4839a0ce', '656756f0-7641-49ab-bf9c-1baca3120d91', 'c9f2d4d8-687b-4f6d-8bb7-86a17668e865', '60545ecc-81a6-4dd2-b5b3-7e9e3d0d3b59', '8d655a59-1da9-4344-b145-1a5b48a57b89', 'f72a6351-fd4d-401a-be57-1e6b1ad138bf', 'f72a6351-fd4d-401a-be57-1e6b1ad138bf', 'BEST_OF_5', 2, 3, NULL, NULL, False, '8d655a59-1da9-4344-b145-1a5b48a57b89', True, NULL, NULL, True, 'STRETCH', '2026-05-09', '2026-05-23 10:40:42.873263+05:30', NULL, '1e00ef30-55b9-4625-9562-f3e753e1a1ba', NULL, 'PENDING', '2026-05-09 23:59:59+05:30', NULL, NULL, NULL, NULL, '2026-05-23 10:40:42.867327+05:30', '2026-05-23 10:40:42.867327+05:30', '311c918a-8691-4578-abf5-dd49292f5a2b') ON CONFLICT DO NOTHING;
INSERT INTO match ("match_id", "event_id", "session_id", "player_a_id", "player_b_id", "player_a_academy_id", "player_b_academy_id", "match_format", "sets_won_a", "sets_won_b", "sets_won_a_actual", "sets_won_b_actual", "is_retirement", "winner_id", "rating_eligible", "not_eligible_reason", "ratings_applied_at", "diminishing_signal_applied", "match_category", "match_date", "match_timestamp", "umpire_id", "submitted_by", "confirmed_by", "confirmation_status", "confirmation_deadline", "confirmed_at", "voided_at", "voided_by", "void_reason", "created_at", "updated_at", "fixture_slot_id") VALUES ('dacdd7a1-5f77-4004-a4cc-55e312b8b8e5', 'e60a1e25-b146-43bf-a7b9-4c8304075486', NULL, '788aa3a5-42db-4300-8ad9-dba0657557db', 'eee34108-f08d-4dfc-9cfc-9850603fd1d4', 'bfe44f09-576b-4a7e-93ac-aca91a93a03a', 'f72a6351-fd4d-401a-be57-1e6b1ad138bf', 'BEST_OF_3', 2, 0, NULL, NULL, False, '788aa3a5-42db-4300-8ad9-dba0657557db', True, NULL, NULL, False, 'COMPETITIVE', '2026-05-23', '2026-05-23 17:20:56.983473+05:30', NULL, 'a61e91b0-b1a7-4337-ac98-c15fb7bb8949', NULL, 'PENDING', '2026-05-23 23:59:59+05:30', NULL, NULL, NULL, NULL, '2026-05-23 17:20:56.976829+05:30', '2026-05-23 17:20:56.976829+05:30', 'f76c82cd-c4ec-4406-afe3-c835dade7c31') ON CONFLICT DO NOTHING;
INSERT INTO match ("match_id", "event_id", "session_id", "player_a_id", "player_b_id", "player_a_academy_id", "player_b_academy_id", "match_format", "sets_won_a", "sets_won_b", "sets_won_a_actual", "sets_won_b_actual", "is_retirement", "winner_id", "rating_eligible", "not_eligible_reason", "ratings_applied_at", "diminishing_signal_applied", "match_category", "match_date", "match_timestamp", "umpire_id", "submitted_by", "confirmed_by", "confirmation_status", "confirmation_deadline", "confirmed_at", "voided_at", "voided_by", "void_reason", "created_at", "updated_at", "fixture_slot_id") VALUES ('dbbb68bd-7ba4-41a9-8de7-7beef6900511', 'e60a1e25-b146-43bf-a7b9-4c8304075486', NULL, '977aff98-e9d5-496d-b8df-356cdab11f23', 'fd932c5c-788d-44a7-b5c2-7b80c6192675', 'bfe44f09-576b-4a7e-93ac-aca91a93a03a', 'f72a6351-fd4d-401a-be57-1e6b1ad138bf', 'BEST_OF_3', 2, 1, NULL, NULL, False, '977aff98-e9d5-496d-b8df-356cdab11f23', True, NULL, NULL, False, 'COMPETITIVE', '2026-05-23', '2026-05-23 17:21:08.124468+05:30', NULL, 'a61e91b0-b1a7-4337-ac98-c15fb7bb8949', NULL, 'PENDING', '2026-05-23 23:59:59+05:30', NULL, NULL, NULL, NULL, '2026-05-23 17:21:08.119807+05:30', '2026-05-23 17:21:08.119807+05:30', '5a883d3c-04fb-4a8b-ab63-3f805ef69db8') ON CONFLICT DO NOTHING;
INSERT INTO match ("match_id", "event_id", "session_id", "player_a_id", "player_b_id", "player_a_academy_id", "player_b_academy_id", "match_format", "sets_won_a", "sets_won_b", "sets_won_a_actual", "sets_won_b_actual", "is_retirement", "winner_id", "rating_eligible", "not_eligible_reason", "ratings_applied_at", "diminishing_signal_applied", "match_category", "match_date", "match_timestamp", "umpire_id", "submitted_by", "confirmed_by", "confirmation_status", "confirmation_deadline", "confirmed_at", "voided_at", "voided_by", "void_reason", "created_at", "updated_at", "fixture_slot_id") VALUES ('0f446d4b-c28a-4319-a350-0411c8b4ba41', 'e60a1e25-b146-43bf-a7b9-4c8304075486', NULL, '96fa35f0-597e-4a23-a2fc-3988a76eac04', 'd451c934-9417-4802-8573-f477dbc2555d', 'bfe44f09-576b-4a7e-93ac-aca91a93a03a', 'f72a6351-fd4d-401a-be57-1e6b1ad138bf', 'BEST_OF_3', 1, 2, NULL, NULL, False, 'd451c934-9417-4802-8573-f477dbc2555d', True, NULL, NULL, False, 'COMPETITIVE', '2026-05-23', '2026-05-23 17:21:31.506256+05:30', NULL, 'a61e91b0-b1a7-4337-ac98-c15fb7bb8949', NULL, 'PENDING', '2026-05-23 23:59:59+05:30', NULL, NULL, NULL, NULL, '2026-05-23 17:21:31.503185+05:30', '2026-05-23 17:21:31.503185+05:30', '20f621e8-57f8-401d-bdf0-99569e495adc') ON CONFLICT DO NOTHING;
INSERT INTO match ("match_id", "event_id", "session_id", "player_a_id", "player_b_id", "player_a_academy_id", "player_b_academy_id", "match_format", "sets_won_a", "sets_won_b", "sets_won_a_actual", "sets_won_b_actual", "is_retirement", "winner_id", "rating_eligible", "not_eligible_reason", "ratings_applied_at", "diminishing_signal_applied", "match_category", "match_date", "match_timestamp", "umpire_id", "submitted_by", "confirmed_by", "confirmation_status", "confirmation_deadline", "confirmed_at", "voided_at", "voided_by", "void_reason", "created_at", "updated_at", "fixture_slot_id") VALUES ('6f3f7034-3944-4ce9-8480-f032ac10ba20', 'e60a1e25-b146-43bf-a7b9-4c8304075486', NULL, '844eb01e-6ae7-4e02-8750-5cc56bc37517', '95e7740e-e77e-4758-8b15-f0a75e23291e', 'bfe44f09-576b-4a7e-93ac-aca91a93a03a', 'f72a6351-fd4d-401a-be57-1e6b1ad138bf', 'BEST_OF_3', 2, 1, NULL, NULL, False, '844eb01e-6ae7-4e02-8750-5cc56bc37517', True, NULL, NULL, False, 'COMPETITIVE', '2026-05-23', '2026-05-23 17:21:39.013412+05:30', NULL, 'a61e91b0-b1a7-4337-ac98-c15fb7bb8949', NULL, 'PENDING', '2026-05-23 23:59:59+05:30', NULL, NULL, NULL, NULL, '2026-05-23 17:21:39.010050+05:30', '2026-05-23 17:21:39.010050+05:30', '66cb4a1d-d636-439b-95d7-d12dff44b387') ON CONFLICT DO NOTHING;
INSERT INTO match ("match_id", "event_id", "session_id", "player_a_id", "player_b_id", "player_a_academy_id", "player_b_academy_id", "match_format", "sets_won_a", "sets_won_b", "sets_won_a_actual", "sets_won_b_actual", "is_retirement", "winner_id", "rating_eligible", "not_eligible_reason", "ratings_applied_at", "diminishing_signal_applied", "match_category", "match_date", "match_timestamp", "umpire_id", "submitted_by", "confirmed_by", "confirmation_status", "confirmation_deadline", "confirmed_at", "voided_at", "voided_by", "void_reason", "created_at", "updated_at", "fixture_slot_id") VALUES ('a3d6cdfc-c860-41bf-92fb-b0a01ee2a3e6', 'e60a1e25-b146-43bf-a7b9-4c8304075486', NULL, '73ff93cc-faa2-4075-9d33-4ce7dc03be47', 'e64dd84c-1f5e-4315-805d-aee1927f811a', 'f72a6351-fd4d-401a-be57-1e6b1ad138bf', 'bfe44f09-576b-4a7e-93ac-aca91a93a03a', 'BEST_OF_3', 1, 2, NULL, NULL, False, 'e64dd84c-1f5e-4315-805d-aee1927f811a', True, NULL, NULL, False, 'COMPETITIVE', '2026-05-23', '2026-05-23 17:21:47.369855+05:30', NULL, 'a61e91b0-b1a7-4337-ac98-c15fb7bb8949', NULL, 'PENDING', '2026-05-23 23:59:59+05:30', NULL, NULL, NULL, NULL, '2026-05-23 17:21:47.366765+05:30', '2026-05-23 17:21:47.366765+05:30', '4944eaac-b20f-45af-b88f-e18787839a12') ON CONFLICT DO NOTHING;
INSERT INTO match ("match_id", "event_id", "session_id", "player_a_id", "player_b_id", "player_a_academy_id", "player_b_academy_id", "match_format", "sets_won_a", "sets_won_b", "sets_won_a_actual", "sets_won_b_actual", "is_retirement", "winner_id", "rating_eligible", "not_eligible_reason", "ratings_applied_at", "diminishing_signal_applied", "match_category", "match_date", "match_timestamp", "umpire_id", "submitted_by", "confirmed_by", "confirmation_status", "confirmation_deadline", "confirmed_at", "voided_at", "voided_by", "void_reason", "created_at", "updated_at", "fixture_slot_id") VALUES ('eb1859e4-163d-42bc-8c9a-3d8b4b493aaf', 'e60a1e25-b146-43bf-a7b9-4c8304075486', NULL, '0b0c2392-049b-42dc-bd25-a9d204f900df', '9715b189-16e0-4e36-9a3a-e52979afbc96', 'f72a6351-fd4d-401a-be57-1e6b1ad138bf', 'bfe44f09-576b-4a7e-93ac-aca91a93a03a', 'BEST_OF_3', 2, 1, NULL, NULL, False, '0b0c2392-049b-42dc-bd25-a9d204f900df', True, NULL, NULL, False, 'COMPETITIVE', '2026-05-23', '2026-05-23 17:21:53.066644+05:30', NULL, 'a61e91b0-b1a7-4337-ac98-c15fb7bb8949', NULL, 'PENDING', '2026-05-23 23:59:59+05:30', NULL, NULL, NULL, NULL, '2026-05-23 17:21:53.063390+05:30', '2026-05-23 17:21:53.063390+05:30', '9b5bc953-6000-4666-8c3c-935b835c2780') ON CONFLICT DO NOTHING;
INSERT INTO match ("match_id", "event_id", "session_id", "player_a_id", "player_b_id", "player_a_academy_id", "player_b_academy_id", "match_format", "sets_won_a", "sets_won_b", "sets_won_a_actual", "sets_won_b_actual", "is_retirement", "winner_id", "rating_eligible", "not_eligible_reason", "ratings_applied_at", "diminishing_signal_applied", "match_category", "match_date", "match_timestamp", "umpire_id", "submitted_by", "confirmed_by", "confirmation_status", "confirmation_deadline", "confirmed_at", "voided_at", "voided_by", "void_reason", "created_at", "updated_at", "fixture_slot_id") VALUES ('297001b0-9b0a-448c-97ca-02caa615b833', 'e60a1e25-b146-43bf-a7b9-4c8304075486', NULL, '60545ecc-81a6-4dd2-b5b3-7e9e3d0d3b59', '81fa98d1-112e-43f9-9f24-d64664b0fed5', 'f72a6351-fd4d-401a-be57-1e6b1ad138bf', 'bfe44f09-576b-4a7e-93ac-aca91a93a03a', 'BEST_OF_3', 2, 1, NULL, NULL, False, '60545ecc-81a6-4dd2-b5b3-7e9e3d0d3b59', True, NULL, NULL, False, 'COMPETITIVE', '2026-05-23', '2026-05-23 17:22:00.250996+05:30', NULL, 'a61e91b0-b1a7-4337-ac98-c15fb7bb8949', NULL, 'PENDING', '2026-05-23 23:59:59+05:30', NULL, NULL, NULL, NULL, '2026-05-23 17:22:00.247279+05:30', '2026-05-23 17:22:00.247279+05:30', 'cf465cc8-b741-4f37-aa5f-d2d6fee0da39') ON CONFLICT DO NOTHING;
INSERT INTO match ("match_id", "event_id", "session_id", "player_a_id", "player_b_id", "player_a_academy_id", "player_b_academy_id", "match_format", "sets_won_a", "sets_won_b", "sets_won_a_actual", "sets_won_b_actual", "is_retirement", "winner_id", "rating_eligible", "not_eligible_reason", "ratings_applied_at", "diminishing_signal_applied", "match_category", "match_date", "match_timestamp", "umpire_id", "submitted_by", "confirmed_by", "confirmation_status", "confirmation_deadline", "confirmed_at", "voided_at", "voided_by", "void_reason", "created_at", "updated_at", "fixture_slot_id") VALUES ('409ff187-7769-4920-babe-8cbf7bc01865', 'e60a1e25-b146-43bf-a7b9-4c8304075486', NULL, '8d655a59-1da9-4344-b145-1a5b48a57b89', 'da113ab1-0ea2-4c3b-ae8b-4841635058e0', 'f72a6351-fd4d-401a-be57-1e6b1ad138bf', 'bfe44f09-576b-4a7e-93ac-aca91a93a03a', 'BEST_OF_3', 2, 0, NULL, NULL, False, '8d655a59-1da9-4344-b145-1a5b48a57b89', True, NULL, NULL, False, 'COMPETITIVE', '2026-05-23', '2026-05-23 17:22:11.811328+05:30', NULL, 'a61e91b0-b1a7-4337-ac98-c15fb7bb8949', NULL, 'PENDING', '2026-05-23 23:59:59+05:30', NULL, NULL, NULL, NULL, '2026-05-23 17:22:11.808102+05:30', '2026-05-23 17:22:11.808102+05:30', 'd0db9e34-ce27-414c-be5c-80c0f3387848') ON CONFLICT DO NOTHING;

ALTER TABLE match_set_score DISABLE TRIGGER ALL;
-- Data for match_set_score (14 rows)
INSERT INTO match_set_score ("score_id", "match_id", "set_number", "points_a", "points_b", "created_at") VALUES ('18603e2f-4b83-4dd4-895b-d5b5b11fa4c5', 'e0806b61-f44e-4a02-9a9a-fad0df577725', 1, 6, 11, '2026-05-23 10:28:44.537257+05:30') ON CONFLICT DO NOTHING;
INSERT INTO match_set_score ("score_id", "match_id", "set_number", "points_a", "points_b", "created_at") VALUES ('5f86f988-fe7f-440c-aca1-13f5289cfd86', 'e0806b61-f44e-4a02-9a9a-fad0df577725', 2, 8, 11, '2026-05-23 10:28:44.537257+05:30') ON CONFLICT DO NOTHING;
INSERT INTO match_set_score ("score_id", "match_id", "set_number", "points_a", "points_b", "created_at") VALUES ('b6ac3784-cad0-4016-bbb9-e7c88a5247df', 'e0806b61-f44e-4a02-9a9a-fad0df577725', 3, 11, 9, '2026-05-23 10:28:44.537257+05:30') ON CONFLICT DO NOTHING;
INSERT INTO match_set_score ("score_id", "match_id", "set_number", "points_a", "points_b", "created_at") VALUES ('dcd8122c-dfac-4ae9-9873-51e5df769dab', 'e0806b61-f44e-4a02-9a9a-fad0df577725', 4, 12, 14, '2026-05-23 10:28:44.537257+05:30') ON CONFLICT DO NOTHING;
INSERT INTO match_set_score ("score_id", "match_id", "set_number", "points_a", "points_b", "created_at") VALUES ('ad4a0046-5dfe-4c9a-baad-427099d36fea', '6eadb186-32a4-4868-aea3-414c4839a0ce', 1, 6, 11, '2026-05-23 10:40:42.867327+05:30') ON CONFLICT DO NOTHING;
INSERT INTO match_set_score ("score_id", "match_id", "set_number", "points_a", "points_b", "created_at") VALUES ('6e01a90d-6419-40c1-aa4a-33254fd4ef4a', '6eadb186-32a4-4868-aea3-414c4839a0ce', 3, 11, 7, '2026-05-23 10:40:42.867327+05:30') ON CONFLICT DO NOTHING;
INSERT INTO match_set_score ("score_id", "match_id", "set_number", "points_a", "points_b", "created_at") VALUES ('e9767978-77c2-4169-b952-ab1b61881d74', '6eadb186-32a4-4868-aea3-414c4839a0ce', 4, 5, 11, '2026-05-23 10:40:42.867327+05:30') ON CONFLICT DO NOTHING;
INSERT INTO match_set_score ("score_id", "match_id", "set_number", "points_a", "points_b", "created_at") VALUES ('388477a7-cd15-4a60-a8f4-645f39406f27', '6eadb186-32a4-4868-aea3-414c4839a0ce', 5, 11, 4, '2026-05-23 10:40:42.867327+05:30') ON CONFLICT DO NOTHING;
INSERT INTO match_set_score ("score_id", "match_id", "set_number", "points_a", "points_b", "created_at") VALUES ('db4aa608-84eb-4af8-a0ef-4fa485f339d4', '6eadb186-32a4-4868-aea3-414c4839a0ce', 2, 9, 11, '2026-05-23 10:40:42.867327+05:30') ON CONFLICT DO NOTHING;
INSERT INTO match_set_score ("score_id", "match_id", "set_number", "points_a", "points_b", "created_at") VALUES ('cdc4297e-53b2-4037-88dc-2295ba66f16b', 'c1e3a928-3db3-47b7-a637-502f025d3416', 1, 11, 5, '2026-05-23 17:19:57.848089+05:30') ON CONFLICT DO NOTHING;
INSERT INTO match_set_score ("score_id", "match_id", "set_number", "points_a", "points_b", "created_at") VALUES ('e2d93991-ad57-43f6-8e5f-92bc73317116', 'c1e3a928-3db3-47b7-a637-502f025d3416', 2, 11, 4, '2026-05-23 17:19:57.848089+05:30') ON CONFLICT DO NOTHING;
INSERT INTO match_set_score ("score_id", "match_id", "set_number", "points_a", "points_b", "created_at") VALUES ('198cf007-144d-48ae-a696-8b67c382d15c', '8428f3b7-feca-40ca-b6a6-880f1bc76004', 1, 11, 5, '2026-05-26 17:17:23.243879+05:30') ON CONFLICT DO NOTHING;
INSERT INTO match_set_score ("score_id", "match_id", "set_number", "points_a", "points_b", "created_at") VALUES ('31880d44-12e8-4267-a6ba-6af84e3c6138', '8428f3b7-feca-40ca-b6a6-880f1bc76004', 2, 8, 11, '2026-05-26 17:17:23.243879+05:30') ON CONFLICT DO NOTHING;
INSERT INTO match_set_score ("score_id", "match_id", "set_number", "points_a", "points_b", "created_at") VALUES ('9dd9685f-451b-4a4a-87a7-3ba391e010fa', '8428f3b7-feca-40ca-b6a6-880f1bc76004', 3, 11, 4, '2026-05-26 17:17:23.243879+05:30') ON CONFLICT DO NOTHING;

ALTER TABLE rating_history DISABLE TRIGGER ALL;
-- Data for rating_history (74 rows)
INSERT INTO rating_history ("history_id", "player_id", "match_id", "rating_before", "rating_after", "delta", "delta_breakdown", "tier_before", "tier_after", "cr_before", "cr_after", "k_base", "k_eff", "k_shared", "expected_score", "actual_score", "age_bonus", "is_rollback", "rollback_of_history_id", "created_at") VALUES ('eb727e46-b63e-435f-9346-781ef7625395', '0b0c2392-049b-42dc-bd25-a9d204f900df', 'efb1efca-ae8a-4d6f-b334-3636e83c1d28', '1200.00', '1208.64', '8.64', '{"asi_a": 1000.0, "asi_b": 1000.0, "w_match": 0.5, "is_upset": false, "k_shared": 34.5735, "age_bonus": 0.0, "w_academy": 0.8, "r_adj_loser": 1200.0, "r_adj_winner": 1200.0, "same_academy": true, "diminishing_signal": false, "actual_score_winner": 0.75, "effective_event_type": "FRIENDLY", "expected_score_winner": 0.5}', 'ADVANCED', 'ADVANCED', '0.28', '0.31', '50.00', '34.33', '34.57', '0.50', '0.75', '0.00', False, NULL, '2026-05-05 01:29:06.241616+05:30') ON CONFLICT DO NOTHING;
INSERT INTO rating_history ("history_id", "player_id", "match_id", "rating_before", "rating_after", "delta", "delta_breakdown", "tier_before", "tier_after", "cr_before", "cr_after", "k_base", "k_eff", "k_shared", "expected_score", "actual_score", "age_bonus", "is_rollback", "rollback_of_history_id", "created_at") VALUES ('d558de50-5f9a-432f-a6eb-c7dc39d96af3', '73ff93cc-faa2-4075-9d33-4ce7dc03be47', 'efb1efca-ae8a-4d6f-b334-3636e83c1d28', '1200.00', '1191.36', '-8.64', '{"asi_a": 1000.0, "asi_b": 1000.0, "w_match": 0.5, "is_upset": false, "k_shared": 34.5735, "age_bonus": 0.0, "w_academy": 0.8, "r_adj_loser": 1200.0, "r_adj_winner": 1200.0, "same_academy": true, "diminishing_signal": false, "actual_score_winner": 0.75, "effective_event_type": "FRIENDLY", "expected_score_winner": 0.5}', 'ADVANCED', 'ADVANCED', '0.26', '0.28', '50.00', '34.82', '34.57', '0.50', '0.25', '0.00', False, NULL, '2026-05-05 01:29:06.241616+05:30') ON CONFLICT DO NOTHING;
INSERT INTO rating_history ("history_id", "player_id", "match_id", "rating_before", "rating_after", "delta", "delta_breakdown", "tier_before", "tier_after", "cr_before", "cr_after", "k_base", "k_eff", "k_shared", "expected_score", "actual_score", "age_bonus", "is_rollback", "rollback_of_history_id", "created_at") VALUES ('07a133bc-bbaf-4a09-8da8-b8a9b92d48f5', 'eee34108-f08d-4dfc-9cfc-9850603fd1d4', '42c26641-c41c-4fbd-8814-3020c55cc17c', '1000.00', '1020.00', '20.00', '{"asi_a": 1000.0, "asi_b": 1000.0, "w_match": 0.5, "is_upset": false, "k_shared": 40.0, "age_bonus": 0.0, "w_academy": 0.8, "r_adj_loser": 1000.0, "r_adj_winner": 1000.0, "same_academy": true, "diminishing_signal": false, "actual_score_winner": 1.0, "effective_event_type": "FRIENDLY", "expected_score_winner": 0.5}', 'INTERMEDIATE', 'INTERMEDIATE', '0.00', '0.03', '50.00', '40.00', '40.00', '0.50', '1.00', '0.00', False, NULL, '2026-05-05 01:29:06.241616+05:30') ON CONFLICT DO NOTHING;
INSERT INTO rating_history ("history_id", "player_id", "match_id", "rating_before", "rating_after", "delta", "delta_breakdown", "tier_before", "tier_after", "cr_before", "cr_after", "k_base", "k_eff", "k_shared", "expected_score", "actual_score", "age_bonus", "is_rollback", "rollback_of_history_id", "created_at") VALUES ('3c46f003-7217-4e95-9fe5-9975f830c4e4', 'fd932c5c-788d-44a7-b5c2-7b80c6192675', '42c26641-c41c-4fbd-8814-3020c55cc17c', '1000.00', '980.00', '-20.00', '{"asi_a": 1000.0, "asi_b": 1000.0, "w_match": 0.5, "is_upset": false, "k_shared": 40.0, "age_bonus": 0.0, "w_academy": 0.8, "r_adj_loser": 1000.0, "r_adj_winner": 1000.0, "same_academy": true, "diminishing_signal": false, "actual_score_winner": 1.0, "effective_event_type": "FRIENDLY", "expected_score_winner": 0.5}', 'INTERMEDIATE', 'INTERMEDIATE', '0.00', '0.03', '50.00', '40.00', '40.00', '0.50', '0.00', '0.00', False, NULL, '2026-05-05 01:29:06.241616+05:30') ON CONFLICT DO NOTHING;
INSERT INTO rating_history ("history_id", "player_id", "match_id", "rating_before", "rating_after", "delta", "delta_breakdown", "tier_before", "tier_after", "cr_before", "cr_after", "k_base", "k_eff", "k_shared", "expected_score", "actual_score", "age_bonus", "is_rollback", "rollback_of_history_id", "created_at") VALUES ('75c6ac32-0bf1-4e36-b6ae-910ac260544d', '8d655a59-1da9-4344-b145-1a5b48a57b89', '7eaac93e-3270-4261-9aa3-9f79cdbe523d', '1500.00', '1503.17', '3.17', '{"asi_a": 1000.0, "asi_b": 1000.0, "w_match": 0.5, "is_upset": false, "k_shared": 28.813, "age_bonus": 0.0, "w_academy": 0.8, "r_adj_loser": 1400.0, "r_adj_winner": 1500.0, "same_academy": true, "diminishing_signal": false, "actual_score_winner": 0.75, "effective_event_type": "FRIENDLY", "expected_score_winner": 0.6401}', 'NATIONAL_TRACK', 'NATIONAL_TRACK', '0.63', '0.64', '50.00', '27.36', '28.81', '0.64', '0.75', '0.00', False, NULL, '2026-05-05 01:29:06.241616+05:30') ON CONFLICT DO NOTHING;
INSERT INTO rating_history ("history_id", "player_id", "match_id", "rating_before", "rating_after", "delta", "delta_breakdown", "tier_before", "tier_after", "cr_before", "cr_after", "k_base", "k_eff", "k_shared", "expected_score", "actual_score", "age_bonus", "is_rollback", "rollback_of_history_id", "created_at") VALUES ('cce4e8c0-4597-4705-abea-1deb8c672a51', '60545ecc-81a6-4dd2-b5b3-7e9e3d0d3b59', '7eaac93e-3270-4261-9aa3-9f79cdbe523d', '1400.00', '1396.83', '-3.17', '{"asi_a": 1000.0, "asi_b": 1000.0, "w_match": 0.5, "is_upset": false, "k_shared": 28.813, "age_bonus": 0.0, "w_academy": 0.8, "r_adj_loser": 1400.0, "r_adj_winner": 1500.0, "same_academy": true, "diminishing_signal": false, "actual_score_winner": 0.75, "effective_event_type": "FRIENDLY", "expected_score_winner": 0.6401}', 'ELITE', 'ELITE', '0.49', '0.50', '50.00', '30.27', '28.81', '0.36', '0.25', '0.00', False, NULL, '2026-05-05 01:29:06.241616+05:30') ON CONFLICT DO NOTHING;
INSERT INTO rating_history ("history_id", "player_id", "match_id", "rating_before", "rating_after", "delta", "delta_breakdown", "tier_before", "tier_after", "cr_before", "cr_after", "k_base", "k_eff", "k_shared", "expected_score", "actual_score", "age_bonus", "is_rollback", "rollback_of_history_id", "created_at") VALUES ('cc539a53-e98a-42d6-bb28-dc0993ff4689', '73ff93cc-faa2-4075-9d33-4ce7dc03be47', '60463f19-6b14-4bca-912a-378355aae952', '1191.36', '1208.95', '17.59', '{"asi_a": 1000.0, "asi_b": 1000.0, "w_match": 0.5, "is_upset": true, "k_shared": 34.3306, "age_bonus": 0.0, "w_academy": 0.8, "r_adj_loser": 1200.0, "r_adj_winner": 1191.3566, "same_academy": true, "diminishing_signal": false, "actual_score_winner": 1.0, "effective_event_type": "FRIENDLY", "expected_score_winner": 0.4876}', 'ADVANCED', 'ADVANCED', '0.28', '0.31', '50.00', '34.33', '34.33', '0.49', '1.00', '0.00', False, NULL, '2026-05-05 01:29:06.241616+05:30') ON CONFLICT DO NOTHING;
INSERT INTO rating_history ("history_id", "player_id", "match_id", "rating_before", "rating_after", "delta", "delta_breakdown", "tier_before", "tier_after", "cr_before", "cr_after", "k_base", "k_eff", "k_shared", "expected_score", "actual_score", "age_bonus", "is_rollback", "rollback_of_history_id", "created_at") VALUES ('3543d9d7-c35c-4f6f-864d-f8fde0b67b2a', 'd451c934-9417-4802-8573-f477dbc2555d', '60463f19-6b14-4bca-912a-378355aae952', '1200.00', '1182.41', '-17.59', '{"asi_a": 1000.0, "asi_b": 1000.0, "w_match": 0.5, "is_upset": true, "k_shared": 34.3306, "age_bonus": 0.0, "w_academy": 0.8, "r_adj_loser": 1200.0, "r_adj_winner": 1191.3566, "same_academy": true, "diminishing_signal": false, "actual_score_winner": 1.0, "effective_event_type": "FRIENDLY", "expected_score_winner": 0.4876}', 'ADVANCED', 'ADVANCED', '0.28', '0.31', '50.00', '34.33', '34.33', '0.51', '0.00', '0.00', False, NULL, '2026-05-05 01:29:06.241616+05:30') ON CONFLICT DO NOTHING;
INSERT INTO rating_history ("history_id", "player_id", "match_id", "rating_before", "rating_after", "delta", "delta_breakdown", "tier_before", "tier_after", "cr_before", "cr_after", "k_base", "k_eff", "k_shared", "expected_score", "actual_score", "age_bonus", "is_rollback", "rollback_of_history_id", "created_at") VALUES ('cb97f0dd-350f-4243-a2f3-5ba058a3d6c7', '0b0c2392-049b-42dc-bd25-a9d204f900df', '0c4e7d6f-3e25-403b-ac06-768c379cc6de', '1208.64', '1234.50', '25.86', '{"asi_a": 1000.0, "asi_b": 1000.0, "w_match": 0.5, "is_upset": true, "k_shared": 31.8963, "age_bonus": 10.0, "w_academy": 0.8, "r_adj_loser": 1396.8324, "r_adj_winner": 1208.6434, "same_academy": true, "diminishing_signal": false, "actual_score_winner": 0.75, "effective_event_type": "FRIENDLY", "expected_score_winner": 0.2529}', 'ADVANCED', 'ADVANCED', '0.31', '0.33', '50.00', '33.86', '31.90', '0.25', '0.75', '10.00', False, NULL, '2026-05-05 01:29:06.241616+05:30') ON CONFLICT DO NOTHING;
INSERT INTO rating_history ("history_id", "player_id", "match_id", "rating_before", "rating_after", "delta", "delta_breakdown", "tier_before", "tier_after", "cr_before", "cr_after", "k_base", "k_eff", "k_shared", "expected_score", "actual_score", "age_bonus", "is_rollback", "rollback_of_history_id", "created_at") VALUES ('7696cf14-7ca3-4281-a241-a18d2d1d7191', '60545ecc-81a6-4dd2-b5b3-7e9e3d0d3b59', '0c4e7d6f-3e25-403b-ac06-768c379cc6de', '1396.83', '1370.98', '-25.86', '{"asi_a": 1000.0, "asi_b": 1000.0, "w_match": 0.5, "is_upset": true, "k_shared": 31.8963, "age_bonus": 10.0, "w_academy": 0.8, "r_adj_loser": 1396.8324, "r_adj_winner": 1208.6434, "same_academy": true, "diminishing_signal": false, "actual_score_winner": 0.75, "effective_event_type": "FRIENDLY", "expected_score_winner": 0.2529}', 'ELITE', 'ELITE', '0.50', '0.52', '50.00', '29.93', '31.90', '0.75', '0.25', '10.00', False, NULL, '2026-05-05 01:29:06.241616+05:30') ON CONFLICT DO NOTHING;
INSERT INTO rating_history ("history_id", "player_id", "match_id", "rating_before", "rating_after", "delta", "delta_breakdown", "tier_before", "tier_after", "cr_before", "cr_after", "k_base", "k_eff", "k_shared", "expected_score", "actual_score", "age_bonus", "is_rollback", "rollback_of_history_id", "created_at") VALUES ('6f290243-4ca5-412e-a2af-95d49f65d233', '73ff93cc-faa2-4075-9d33-4ce7dc03be47', 'e3f26597-f2d9-4ea0-bd7e-87d1fa9ca231', '1208.95', '1223.79', '14.84', '{"asi_a": 1000.0, "asi_b": 1000.0, "w_match": 0.5, "is_upset": true, "k_shared": 31.7335, "age_bonus": 0.0, "w_academy": 0.8, "r_adj_loser": 1370.9762, "r_adj_winner": 1208.9489, "same_academy": true, "diminishing_signal": false, "actual_score_winner": 0.75, "effective_event_type": "FRIENDLY", "expected_score_winner": 0.2824}', 'ADVANCED', 'ADVANCED', '0.31', '0.33', '50.00', '33.86', '31.73', '0.28', '0.75', '0.00', False, NULL, '2026-05-05 01:29:06.241616+05:30') ON CONFLICT DO NOTHING;
INSERT INTO rating_history ("history_id", "player_id", "match_id", "rating_before", "rating_after", "delta", "delta_breakdown", "tier_before", "tier_after", "cr_before", "cr_after", "k_base", "k_eff", "k_shared", "expected_score", "actual_score", "age_bonus", "is_rollback", "rollback_of_history_id", "created_at") VALUES ('fe10caf9-c2c4-4c1e-916e-11ab898c885b', '60545ecc-81a6-4dd2-b5b3-7e9e3d0d3b59', 'e3f26597-f2d9-4ea0-bd7e-87d1fa9ca231', '1370.98', '1356.14', '-14.84', '{"asi_a": 1000.0, "asi_b": 1000.0, "w_match": 0.5, "is_upset": true, "k_shared": 31.7335, "age_bonus": 0.0, "w_academy": 0.8, "r_adj_loser": 1370.9762, "r_adj_winner": 1208.9489, "same_academy": true, "diminishing_signal": false, "actual_score_winner": 0.75, "effective_event_type": "FRIENDLY", "expected_score_winner": 0.2824}', 'ELITE', 'ELITE', '0.52', '0.54', '50.00', '29.61', '31.73', '0.72', '0.25', '0.00', False, NULL, '2026-05-05 01:29:06.241616+05:30') ON CONFLICT DO NOTHING;
INSERT INTO rating_history ("history_id", "player_id", "match_id", "rating_before", "rating_after", "delta", "delta_breakdown", "tier_before", "tier_after", "cr_before", "cr_after", "k_base", "k_eff", "k_shared", "expected_score", "actual_score", "age_bonus", "is_rollback", "rollback_of_history_id", "created_at") VALUES ('aca3e8ab-d5a7-4371-9c79-9e058f33c111', '0b0c2392-049b-42dc-bd25-a9d204f900df', 'b91fcdc9-a091-4bf3-860c-c61846bc020d', '1234.50', '1242.70', '8.20', '{"asi_a": 1000.0, "asi_b": 1000.0, "w_match": 0.5, "is_upset": false, "k_shared": 36.3754, "age_bonus": 0.0, "w_academy": 0.8, "r_adj_loser": 1020.0, "r_adj_winner": 1234.4996, "same_academy": true, "diminishing_signal": false, "actual_score_winner": 1.0, "effective_event_type": "FRIENDLY", "expected_score_winner": 0.7747}', 'ADVANCED', 'ADVANCED', '0.33', '0.35', '50.00', '33.41', '36.38', '0.77', '1.00', '0.00', False, NULL, '2026-05-05 01:29:06.241616+05:30') ON CONFLICT DO NOTHING;
INSERT INTO rating_history ("history_id", "player_id", "match_id", "rating_before", "rating_after", "delta", "delta_breakdown", "tier_before", "tier_after", "cr_before", "cr_after", "k_base", "k_eff", "k_shared", "expected_score", "actual_score", "age_bonus", "is_rollback", "rollback_of_history_id", "created_at") VALUES ('52fe76bc-1be8-40e5-b8a0-43e05089d981', 'eee34108-f08d-4dfc-9cfc-9850603fd1d4', 'b91fcdc9-a091-4bf3-860c-c61846bc020d', '1020.00', '1011.80', '-8.20', '{"asi_a": 1000.0, "asi_b": 1000.0, "w_match": 0.5, "is_upset": false, "k_shared": 36.3754, "age_bonus": 0.0, "w_academy": 0.8, "r_adj_loser": 1020.0, "r_adj_winner": 1234.4996, "same_academy": true, "diminishing_signal": false, "actual_score_winner": 1.0, "effective_event_type": "FRIENDLY", "expected_score_winner": 0.7747}', 'INTERMEDIATE', 'INTERMEDIATE', '0.03', '0.06', '50.00', '39.34', '36.38', '0.23', '0.00', '0.00', False, NULL, '2026-05-05 01:29:06.241616+05:30') ON CONFLICT DO NOTHING;
INSERT INTO rating_history ("history_id", "player_id", "match_id", "rating_before", "rating_after", "delta", "delta_breakdown", "tier_before", "tier_after", "cr_before", "cr_after", "k_base", "k_eff", "k_shared", "expected_score", "actual_score", "age_bonus", "is_rollback", "rollback_of_history_id", "created_at") VALUES ('2adb4906-fd60-412d-a4f9-c24574b49cff', 'd451c934-9417-4802-8573-f477dbc2555d', '60334290-3cba-4198-9067-91b116be3142', '1182.41', '1181.96', '-0.45', '{"asi_a": 1000.0, "asi_b": 1000.0, "w_match": 0.5, "is_upset": false, "k_shared": 36.6026, "age_bonus": 0.0, "w_academy": 0.8, "r_adj_loser": 980.0, "r_adj_winner": 1182.4077, "same_academy": true, "diminishing_signal": false, "actual_score_winner": 0.75, "effective_event_type": "FRIENDLY", "expected_score_winner": 0.7623}', 'ADVANCED', 'ADVANCED', '0.31', '0.33', '50.00', '33.86', '36.60', '0.76', '0.75', '0.00', False, NULL, '2026-05-05 01:29:06.241616+05:30') ON CONFLICT DO NOTHING;
INSERT INTO rating_history ("history_id", "player_id", "match_id", "rating_before", "rating_after", "delta", "delta_breakdown", "tier_before", "tier_after", "cr_before", "cr_after", "k_base", "k_eff", "k_shared", "expected_score", "actual_score", "age_bonus", "is_rollback", "rollback_of_history_id", "created_at") VALUES ('dda0e7b4-03ec-4eec-8fc9-7fe26aa6b303', 'fd932c5c-788d-44a7-b5c2-7b80c6192675', '60334290-3cba-4198-9067-91b116be3142', '980.00', '980.45', '0.45', '{"asi_a": 1000.0, "asi_b": 1000.0, "w_match": 0.5, "is_upset": false, "k_shared": 36.6026, "age_bonus": 0.0, "w_academy": 0.8, "r_adj_loser": 980.0, "r_adj_winner": 1182.4077, "same_academy": true, "diminishing_signal": false, "actual_score_winner": 0.75, "effective_event_type": "FRIENDLY", "expected_score_winner": 0.7623}', 'INTERMEDIATE', 'INTERMEDIATE', '0.03', '0.06', '50.00', '39.34', '36.60', '0.24', '0.25', '0.00', False, NULL, '2026-05-05 01:29:06.241616+05:30') ON CONFLICT DO NOTHING;
INSERT INTO rating_history ("history_id", "player_id", "match_id", "rating_before", "rating_after", "delta", "delta_breakdown", "tier_before", "tier_after", "cr_before", "cr_after", "k_base", "k_eff", "k_shared", "expected_score", "actual_score", "age_bonus", "is_rollback", "rollback_of_history_id", "created_at") VALUES ('dbcfa054-f5c8-4a26-836c-f819d9e94bf2', '0b0c2392-049b-42dc-bd25-a9d204f900df', '4fe41c25-2916-4ee3-acfb-150ef955b442', '1242.70', '1256.42', '13.72', '{"asi_a": 1000.0, "asi_b": 1000.0, "w_match": 0.5, "is_upset": false, "k_shared": 33.1866, "age_bonus": 0.0, "w_academy": 0.8, "r_adj_loser": 1181.9587, "r_adj_winner": 1242.6968, "same_academy": true, "diminishing_signal": false, "actual_score_winner": 1.0, "effective_event_type": "FRIENDLY", "expected_score_winner": 0.5865}', 'ADVANCED', 'ADVANCED', '0.35', '0.37', '50.00', '32.97', '33.19', '0.59', '1.00', '0.00', False, NULL, '2026-05-05 01:29:06.241616+05:30') ON CONFLICT DO NOTHING;
INSERT INTO rating_history ("history_id", "player_id", "match_id", "rating_before", "rating_after", "delta", "delta_breakdown", "tier_before", "tier_after", "cr_before", "cr_after", "k_base", "k_eff", "k_shared", "expected_score", "actual_score", "age_bonus", "is_rollback", "rollback_of_history_id", "created_at") VALUES ('b701d5d6-0f7d-4d0b-b298-6233a61226fe', 'd451c934-9417-4802-8573-f477dbc2555d', '4fe41c25-2916-4ee3-acfb-150ef955b442', '1181.96', '1168.24', '-13.72', '{"asi_a": 1000.0, "asi_b": 1000.0, "w_match": 0.5, "is_upset": false, "k_shared": 33.1866, "age_bonus": 0.0, "w_academy": 0.8, "r_adj_loser": 1181.9587, "r_adj_winner": 1242.6968, "same_academy": true, "diminishing_signal": false, "actual_score_winner": 1.0, "effective_event_type": "FRIENDLY", "expected_score_winner": 0.5865}', 'ADVANCED', 'ADVANCED', '0.33', '0.35', '50.00', '33.41', '33.19', '0.41', '0.00', '0.00', False, NULL, '2026-05-05 01:29:06.241616+05:30') ON CONFLICT DO NOTHING;
INSERT INTO rating_history ("history_id", "player_id", "match_id", "rating_before", "rating_after", "delta", "delta_breakdown", "tier_before", "tier_after", "cr_before", "cr_after", "k_base", "k_eff", "k_shared", "expected_score", "actual_score", "age_bonus", "is_rollback", "rollback_of_history_id", "created_at") VALUES ('d5ff5656-4e95-4d84-95e7-d1f918d97868', '8d655a59-1da9-4344-b145-1a5b48a57b89', '2f76f563-f9eb-46b6-bd31-cf372fa2b413', '1503.17', '1500.65', '-2.52', '{"asi_a": 1000.0, "asi_b": 1000.0, "w_match": 0.5, "is_upset": false, "k_shared": 30.2614, "age_bonus": 0.0, "w_academy": 0.8, "r_adj_loser": 1223.7882, "r_adj_winner": 1503.1676, "same_academy": true, "diminishing_signal": false, "actual_score_winner": 0.75, "effective_event_type": "FRIENDLY", "expected_score_winner": 0.8332}', 'NATIONAL_TRACK', 'NATIONAL_TRACK', '0.64', '0.66', '50.00', '27.12', '30.26', '0.83', '0.75', '0.00', False, NULL, '2026-05-05 01:29:06.241616+05:30') ON CONFLICT DO NOTHING;
INSERT INTO rating_history ("history_id", "player_id", "match_id", "rating_before", "rating_after", "delta", "delta_breakdown", "tier_before", "tier_after", "cr_before", "cr_after", "k_base", "k_eff", "k_shared", "expected_score", "actual_score", "age_bonus", "is_rollback", "rollback_of_history_id", "created_at") VALUES ('109a959f-38f7-4c96-9eb6-914113e07e67', '73ff93cc-faa2-4075-9d33-4ce7dc03be47', '2f76f563-f9eb-46b6-bd31-cf372fa2b413', '1223.79', '1226.30', '2.52', '{"asi_a": 1000.0, "asi_b": 1000.0, "w_match": 0.5, "is_upset": false, "k_shared": 30.2614, "age_bonus": 0.0, "w_academy": 0.8, "r_adj_loser": 1223.7882, "r_adj_winner": 1503.1676, "same_academy": true, "diminishing_signal": false, "actual_score_winner": 0.75, "effective_event_type": "FRIENDLY", "expected_score_winner": 0.8332}', 'ADVANCED', 'ADVANCED', '0.33', '0.35', '50.00', '33.41', '30.26', '0.17', '0.25', '0.00', False, NULL, '2026-05-05 01:29:06.241616+05:30') ON CONFLICT DO NOTHING;
INSERT INTO rating_history ("history_id", "player_id", "match_id", "rating_before", "rating_after", "delta", "delta_breakdown", "tier_before", "tier_after", "cr_before", "cr_after", "k_base", "k_eff", "k_shared", "expected_score", "actual_score", "age_bonus", "is_rollback", "rollback_of_history_id", "created_at") VALUES ('849982cb-315d-47af-ad23-593ee8c1e4bb', 'fd932c5c-788d-44a7-b5c2-7b80c6192675', '22ebd3ad-5d66-4cb6-880b-cc48a842a07c', '980.45', '993.87', '13.42', '{"asi_a": 1000.0, "asi_b": 1000.0, "w_match": 0.5, "is_upset": true, "k_shared": 38.7101, "age_bonus": 2.0, "w_academy": 0.8, "r_adj_loser": 1011.8028, "r_adj_winner": 980.449, "same_academy": true, "diminishing_signal": false, "actual_score_winner": 0.75, "effective_event_type": "FRIENDLY", "expected_score_winner": 0.455}', 'INTERMEDIATE', 'INTERMEDIATE', '0.06', '0.10', '50.00', '38.71', '38.71', '0.46', '0.75', '2.00', False, NULL, '2026-05-05 01:29:06.241616+05:30') ON CONFLICT DO NOTHING;
INSERT INTO rating_history ("history_id", "player_id", "match_id", "rating_before", "rating_after", "delta", "delta_breakdown", "tier_before", "tier_after", "cr_before", "cr_after", "k_base", "k_eff", "k_shared", "expected_score", "actual_score", "age_bonus", "is_rollback", "rollback_of_history_id", "created_at") VALUES ('809f67a1-3a1b-4b71-ae56-95e16c5a9fdf', 'eee34108-f08d-4dfc-9cfc-9850603fd1d4', '22ebd3ad-5d66-4cb6-880b-cc48a842a07c', '1011.80', '998.38', '-13.42', '{"asi_a": 1000.0, "asi_b": 1000.0, "w_match": 0.5, "is_upset": true, "k_shared": 38.7101, "age_bonus": 2.0, "w_academy": 0.8, "r_adj_loser": 1011.8028, "r_adj_winner": 980.449, "same_academy": true, "diminishing_signal": false, "actual_score_winner": 0.75, "effective_event_type": "FRIENDLY", "expected_score_winner": 0.455}', 'INTERMEDIATE', 'INTERMEDIATE', '0.06', '0.10', '50.00', '38.71', '38.71', '0.55', '0.25', '2.00', False, NULL, '2026-05-05 01:29:06.241616+05:30') ON CONFLICT DO NOTHING;
INSERT INTO rating_history ("history_id", "player_id", "match_id", "rating_before", "rating_after", "delta", "delta_breakdown", "tier_before", "tier_after", "cr_before", "cr_after", "k_base", "k_eff", "k_shared", "expected_score", "actual_score", "age_bonus", "is_rollback", "rollback_of_history_id", "created_at") VALUES ('eff03bc8-4296-4c6a-870e-159ee2048929', 'eee34108-f08d-4dfc-9cfc-9850603fd1d4', '09d84e07-8939-4a98-a18a-532d577e9617', '998.38', '1017.18', '18.80', '{"asi_a": 1000.0, "asi_b": 1000.0, "w_match": 0.5, "is_upset": false, "k_shared": 38.0967, "age_bonus": 0.0, "w_academy": 0.8, "r_adj_loser": 993.8685, "r_adj_winner": 998.3833, "same_academy": true, "diminishing_signal": true, "actual_score_winner": 1.0, "effective_event_type": "FRIENDLY", "expected_score_winner": 0.5065}', 'INTERMEDIATE', 'INTERMEDIATE', '0.10', '0.12', '50.00', '38.10', '38.10', '0.51', '1.00', '0.00', False, NULL, '2026-05-05 01:29:06.241616+05:30') ON CONFLICT DO NOTHING;
INSERT INTO rating_history ("history_id", "player_id", "match_id", "rating_before", "rating_after", "delta", "delta_breakdown", "tier_before", "tier_after", "cr_before", "cr_after", "k_base", "k_eff", "k_shared", "expected_score", "actual_score", "age_bonus", "is_rollback", "rollback_of_history_id", "created_at") VALUES ('35babb19-2f71-492a-bb89-476a892d205e', 'fd932c5c-788d-44a7-b5c2-7b80c6192675', '09d84e07-8939-4a98-a18a-532d577e9617', '993.87', '975.07', '-18.80', '{"asi_a": 1000.0, "asi_b": 1000.0, "w_match": 0.5, "is_upset": false, "k_shared": 38.0967, "age_bonus": 0.0, "w_academy": 0.8, "r_adj_loser": 993.8685, "r_adj_winner": 998.3833, "same_academy": true, "diminishing_signal": true, "actual_score_winner": 1.0, "effective_event_type": "FRIENDLY", "expected_score_winner": 0.5065}', 'INTERMEDIATE', 'INTERMEDIATE', '0.10', '0.12', '50.00', '38.10', '38.10', '0.49', '0.00', '0.00', False, NULL, '2026-05-05 01:29:06.241616+05:30') ON CONFLICT DO NOTHING;
INSERT INTO rating_history ("history_id", "player_id", "match_id", "rating_before", "rating_after", "delta", "delta_breakdown", "tier_before", "tier_after", "cr_before", "cr_after", "k_base", "k_eff", "k_shared", "expected_score", "actual_score", "age_bonus", "is_rollback", "rollback_of_history_id", "created_at") VALUES ('d1c93106-87f8-4c3e-b0ef-e8e094327e3d', 'eee34108-f08d-4dfc-9cfc-9850603fd1d4', 'f244194f-c05d-4216-ab3f-4180be3f3258', '1017.18', '1033.67', '16.49', '{"asi_a": 1214.2857, "asi_b": 1214.2857, "w_match": 0.5, "is_upset": false, "k_shared": 37.5035, "age_bonus": 0.0, "w_academy": 0.8, "r_adj_loser": 975.07, "r_adj_winner": 1017.18, "same_academy": true, "diminishing_signal": true, "actual_score_winner": 1.0, "effective_event_type": "FRIENDLY", "expected_score_winner": 0.5603}', 'INTERMEDIATE', 'INTERMEDIATE', '0.12', '0.15', '50.00', '37.50', '37.50', '0.56', '1.00', '0.00', False, NULL, '2026-05-09 13:22:08.160826+05:30') ON CONFLICT DO NOTHING;
INSERT INTO rating_history ("history_id", "player_id", "match_id", "rating_before", "rating_after", "delta", "delta_breakdown", "tier_before", "tier_after", "cr_before", "cr_after", "k_base", "k_eff", "k_shared", "expected_score", "actual_score", "age_bonus", "is_rollback", "rollback_of_history_id", "created_at") VALUES ('1824b703-164c-444e-bcc7-ff8f7bde6c07', 'fd932c5c-788d-44a7-b5c2-7b80c6192675', 'f244194f-c05d-4216-ab3f-4180be3f3258', '975.07', '958.58', '-16.49', '{"asi_a": 1214.2857, "asi_b": 1214.2857, "w_match": 0.5, "is_upset": false, "k_shared": 37.5035, "age_bonus": 0.0, "w_academy": 0.8, "r_adj_loser": 975.07, "r_adj_winner": 1017.18, "same_academy": true, "diminishing_signal": true, "actual_score_winner": 1.0, "effective_event_type": "FRIENDLY", "expected_score_winner": 0.5603}', 'INTERMEDIATE', 'INTERMEDIATE', '0.12', '0.15', '50.00', '37.50', '37.50', '0.44', '0.00', '0.00', False, NULL, '2026-05-09 13:22:08.160826+05:30') ON CONFLICT DO NOTHING;
INSERT INTO rating_history ("history_id", "player_id", "match_id", "rating_before", "rating_after", "delta", "delta_breakdown", "tier_before", "tier_after", "cr_before", "cr_after", "k_base", "k_eff", "k_shared", "expected_score", "actual_score", "age_bonus", "is_rollback", "rollback_of_history_id", "created_at") VALUES ('b5ebd493-14a7-4d89-a80a-5d3cb307e1a9', '73ff93cc-faa2-4075-9d33-4ce7dc03be47', '48b67a6b-d0fe-4904-9c8f-ce50c18a803c', '1226.30', '1239.18', '12.88', '{"asi_a": 1214.2857, "asi_b": 1214.2857, "w_match": 0.5, "is_upset": true, "k_shared": 32.7543, "age_bonus": 0.0, "w_academy": 0.8, "r_adj_loser": 1256.42, "r_adj_winner": 1226.3, "same_academy": true, "diminishing_signal": false, "actual_score_winner": 0.85, "effective_event_type": "FRIENDLY", "expected_score_winner": 0.4568}', 'ADVANCED', 'ADVANCED', '0.35', '0.37', '50.00', '32.97', '32.75', '0.46', '0.85', '0.00', False, NULL, '2026-05-09 13:22:08.160826+05:30') ON CONFLICT DO NOTHING;
INSERT INTO rating_history ("history_id", "player_id", "match_id", "rating_before", "rating_after", "delta", "delta_breakdown", "tier_before", "tier_after", "cr_before", "cr_after", "k_base", "k_eff", "k_shared", "expected_score", "actual_score", "age_bonus", "is_rollback", "rollback_of_history_id", "created_at") VALUES ('eadb706c-daf9-416e-8a5a-c88b9511c8bd', '0b0c2392-049b-42dc-bd25-a9d204f900df', '48b67a6b-d0fe-4904-9c8f-ce50c18a803c', '1256.42', '1243.54', '-12.88', '{"asi_a": 1214.2857, "asi_b": 1214.2857, "w_match": 0.5, "is_upset": true, "k_shared": 32.7543, "age_bonus": 0.0, "w_academy": 0.8, "r_adj_loser": 1256.42, "r_adj_winner": 1226.3, "same_academy": true, "diminishing_signal": false, "actual_score_winner": 0.85, "effective_event_type": "FRIENDLY", "expected_score_winner": 0.4568}', 'ADVANCED', 'ADVANCED', '0.37', '0.39', '50.00', '32.54', '32.75', '0.54', '0.15', '0.00', False, NULL, '2026-05-09 13:22:08.160826+05:30') ON CONFLICT DO NOTHING;
INSERT INTO rating_history ("history_id", "player_id", "match_id", "rating_before", "rating_after", "delta", "delta_breakdown", "tier_before", "tier_after", "cr_before", "cr_after", "k_base", "k_eff", "k_shared", "expected_score", "actual_score", "age_bonus", "is_rollback", "rollback_of_history_id", "created_at") VALUES ('00bc661b-b760-4c5e-87c9-0f8c83a06c79', '60545ecc-81a6-4dd2-b5b3-7e9e3d0d3b59', 'd36172b0-fc60-41cf-ac2c-9b6434362b63', '1356.14', '1373.50', '17.36', '{"asi_a": 1214.2857, "asi_b": 1214.2857, "w_match": 0.5, "is_upset": true, "k_shared": 28.0871, "age_bonus": 2.0, "w_academy": 0.8, "r_adj_loser": 1500.65, "r_adj_winner": 1356.14, "same_academy": true, "diminishing_signal": false, "actual_score_winner": 0.85, "effective_event_type": "FRIENDLY", "expected_score_winner": 0.3033}', 'ELITE', 'ELITE', '0.54', '0.55', '50.00', '29.29', '28.09', '0.30', '0.85', '2.00', False, NULL, '2026-05-09 13:22:08.160826+05:30') ON CONFLICT DO NOTHING;
INSERT INTO rating_history ("history_id", "player_id", "match_id", "rating_before", "rating_after", "delta", "delta_breakdown", "tier_before", "tier_after", "cr_before", "cr_after", "k_base", "k_eff", "k_shared", "expected_score", "actual_score", "age_bonus", "is_rollback", "rollback_of_history_id", "created_at") VALUES ('8a49db32-7d7b-48e8-83d3-406fc8af8030', '8d655a59-1da9-4344-b145-1a5b48a57b89', 'd36172b0-fc60-41cf-ac2c-9b6434362b63', '1500.65', '1483.29', '-17.36', '{"asi_a": 1214.2857, "asi_b": 1214.2857, "w_match": 0.5, "is_upset": true, "k_shared": 28.0871, "age_bonus": 2.0, "w_academy": 0.8, "r_adj_loser": 1500.65, "r_adj_winner": 1356.14, "same_academy": true, "diminishing_signal": false, "actual_score_winner": 0.85, "effective_event_type": "FRIENDLY", "expected_score_winner": 0.3033}', 'NATIONAL_TRACK', 'ELITE', '0.66', '0.67', '50.00', '26.88', '28.09', '0.70', '0.15', '2.00', False, NULL, '2026-05-09 13:22:08.160826+05:30') ON CONFLICT DO NOTHING;
INSERT INTO rating_history ("history_id", "player_id", "match_id", "rating_before", "rating_after", "delta", "delta_breakdown", "tier_before", "tier_after", "cr_before", "cr_after", "k_base", "k_eff", "k_shared", "expected_score", "actual_score", "age_bonus", "is_rollback", "rollback_of_history_id", "created_at") VALUES ('bee4fc72-82e2-4e39-83e6-1ffc1edada2d', 'd451c934-9417-4802-8573-f477dbc2555d', 'd8e8450f-27c0-4a35-9fca-d4d7bbf4392f', '1168.24', '1183.00', '14.76', '{"asi_a": 1214.2857, "asi_b": 1214.2857, "w_match": 0.5, "is_upset": true, "k_shared": 32.7543, "age_bonus": 0.0, "w_academy": 0.8, "r_adj_loser": 1239.1802, "r_adj_winner": 1168.24, "same_academy": true, "diminishing_signal": false, "actual_score_winner": 0.85, "effective_event_type": "FRIENDLY", "expected_score_winner": 0.3993}', 'ADVANCED', 'ADVANCED', '0.35', '0.37', '50.00', '32.97', '32.75', '0.40', '0.85', '0.00', False, NULL, '2026-05-09 13:22:08.160826+05:30') ON CONFLICT DO NOTHING;
INSERT INTO rating_history ("history_id", "player_id", "match_id", "rating_before", "rating_after", "delta", "delta_breakdown", "tier_before", "tier_after", "cr_before", "cr_after", "k_base", "k_eff", "k_shared", "expected_score", "actual_score", "age_bonus", "is_rollback", "rollback_of_history_id", "created_at") VALUES ('c2674ce9-2daa-4310-a09f-e36cef7ccae3', '73ff93cc-faa2-4075-9d33-4ce7dc03be47', 'd8e8450f-27c0-4a35-9fca-d4d7bbf4392f', '1239.18', '1224.42', '-14.76', '{"asi_a": 1214.2857, "asi_b": 1214.2857, "w_match": 0.5, "is_upset": true, "k_shared": 32.7543, "age_bonus": 0.0, "w_academy": 0.8, "r_adj_loser": 1239.1802, "r_adj_winner": 1168.24, "same_academy": true, "diminishing_signal": false, "actual_score_winner": 0.85, "effective_event_type": "FRIENDLY", "expected_score_winner": 0.3993}', 'ADVANCED', 'ADVANCED', '0.37', '0.39', '50.00', '32.54', '32.75', '0.60', '0.15', '0.00', False, NULL, '2026-05-09 13:22:08.160826+05:30') ON CONFLICT DO NOTHING;
INSERT INTO rating_history ("history_id", "player_id", "match_id", "rating_before", "rating_after", "delta", "delta_breakdown", "tier_before", "tier_after", "cr_before", "cr_after", "k_base", "k_eff", "k_shared", "expected_score", "actual_score", "age_bonus", "is_rollback", "rollback_of_history_id", "created_at") VALUES ('99102063-6e62-4675-abb2-5cc72320f1dd', 'fd932c5c-788d-44a7-b5c2-7b80c6192675', '56e7485f-dbed-473e-bbe9-344a12fb54f9', '958.58', '982.97', '24.39', '{"asi_a": 1214.2857, "asi_b": 1214.2857, "w_match": 0.5, "is_upset": true, "k_shared": 36.9296, "age_bonus": 2.0, "w_academy": 0.8, "r_adj_loser": 1033.67, "r_adj_winner": 958.58, "same_academy": true, "diminishing_signal": true, "actual_score_winner": 1.0, "effective_event_type": "FRIENDLY", "expected_score_winner": 0.3936}', 'INTERMEDIATE', 'INTERMEDIATE', '0.15', '0.18', '50.00', '36.93', '36.93', '0.39', '1.00', '2.00', False, NULL, '2026-05-09 13:22:08.160826+05:30') ON CONFLICT DO NOTHING;
INSERT INTO rating_history ("history_id", "player_id", "match_id", "rating_before", "rating_after", "delta", "delta_breakdown", "tier_before", "tier_after", "cr_before", "cr_after", "k_base", "k_eff", "k_shared", "expected_score", "actual_score", "age_bonus", "is_rollback", "rollback_of_history_id", "created_at") VALUES ('ec5490ce-a4f4-422d-992c-4ec66e579c8d', 'eee34108-f08d-4dfc-9cfc-9850603fd1d4', '56e7485f-dbed-473e-bbe9-344a12fb54f9', '1033.67', '1009.28', '-24.39', '{"asi_a": 1214.2857, "asi_b": 1214.2857, "w_match": 0.5, "is_upset": true, "k_shared": 36.9296, "age_bonus": 2.0, "w_academy": 0.8, "r_adj_loser": 1033.67, "r_adj_winner": 958.58, "same_academy": true, "diminishing_signal": true, "actual_score_winner": 1.0, "effective_event_type": "FRIENDLY", "expected_score_winner": 0.3936}', 'INTERMEDIATE', 'INTERMEDIATE', '0.15', '0.18', '50.00', '36.93', '36.93', '0.61', '0.00', '2.00', False, NULL, '2026-05-09 13:22:08.160826+05:30') ON CONFLICT DO NOTHING;
INSERT INTO rating_history ("history_id", "player_id", "match_id", "rating_before", "rating_after", "delta", "delta_breakdown", "tier_before", "tier_after", "cr_before", "cr_after", "k_base", "k_eff", "k_shared", "expected_score", "actual_score", "age_bonus", "is_rollback", "rollback_of_history_id", "created_at") VALUES ('5b58b30a-a7e3-492d-8bb1-50f1017f2d17', '60545ecc-81a6-4dd2-b5b3-7e9e3d0d3b59', 'da5e1d7b-9d02-4331-901b-2283370c7ed7', '1373.50', '1378.73', '5.23', '{"asi_a": 1214.2857, "asi_b": 1214.2857, "w_match": 0.5, "is_upset": false, "k_shared": 30.5586, "age_bonus": 0.0, "w_academy": 0.8, "r_adj_loser": 1243.5398, "r_adj_winner": 1373.4966, "same_academy": true, "diminishing_signal": false, "actual_score_winner": 0.85, "effective_event_type": "FRIENDLY", "expected_score_winner": 0.6788}', 'ELITE', 'ELITE', '0.55', '0.57', '50.00', '28.99', '30.56', '0.68', '0.85', '0.00', False, NULL, '2026-05-09 13:22:08.160826+05:30') ON CONFLICT DO NOTHING;
INSERT INTO rating_history ("history_id", "player_id", "match_id", "rating_before", "rating_after", "delta", "delta_breakdown", "tier_before", "tier_after", "cr_before", "cr_after", "k_base", "k_eff", "k_shared", "expected_score", "actual_score", "age_bonus", "is_rollback", "rollback_of_history_id", "created_at") VALUES ('6a65a697-6537-4177-be3f-0180177de48f', '0b0c2392-049b-42dc-bd25-a9d204f900df', 'da5e1d7b-9d02-4331-901b-2283370c7ed7', '1243.54', '1238.31', '-5.23', '{"asi_a": 1214.2857, "asi_b": 1214.2857, "w_match": 0.5, "is_upset": false, "k_shared": 30.5586, "age_bonus": 0.0, "w_academy": 0.8, "r_adj_loser": 1243.5398, "r_adj_winner": 1373.4966, "same_academy": true, "diminishing_signal": false, "actual_score_winner": 0.85, "effective_event_type": "FRIENDLY", "expected_score_winner": 0.6788}', 'ADVANCED', 'ADVANCED', '0.39', '0.41', '50.00', '32.13', '30.56', '0.32', '0.15', '0.00', False, NULL, '2026-05-09 13:22:08.160826+05:30') ON CONFLICT DO NOTHING;
INSERT INTO rating_history ("history_id", "player_id", "match_id", "rating_before", "rating_after", "delta", "delta_breakdown", "tier_before", "tier_after", "cr_before", "cr_after", "k_base", "k_eff", "k_shared", "expected_score", "actual_score", "age_bonus", "is_rollback", "rollback_of_history_id", "created_at") VALUES ('67a353d6-1579-4ac3-882a-d96edc100361', '60545ecc-81a6-4dd2-b5b3-7e9e3d0d3b59', '7e524792-728c-42b5-985e-f3f6beadd599', '1378.73', '1387.59', '8.86', '{"asi_a": 1214.2857, "asi_b": 1214.2857, "w_match": 0.5, "is_upset": false, "k_shared": 30.4113, "age_bonus": 0.0, "w_academy": 0.8, "r_adj_loser": 1224.418, "r_adj_winner": 1378.7294, "same_academy": true, "diminishing_signal": false, "actual_score_winner": 1.0, "effective_event_type": "FRIENDLY", "expected_score_winner": 0.7085}', 'ELITE', 'ELITE', '0.57', '0.58', '50.00', '28.69', '30.41', '0.71', '1.00', '0.00', False, NULL, '2026-05-09 13:22:08.160826+05:30') ON CONFLICT DO NOTHING;
INSERT INTO rating_history ("history_id", "player_id", "match_id", "rating_before", "rating_after", "delta", "delta_breakdown", "tier_before", "tier_after", "cr_before", "cr_after", "k_base", "k_eff", "k_shared", "expected_score", "actual_score", "age_bonus", "is_rollback", "rollback_of_history_id", "created_at") VALUES ('a2ecbeee-10ae-4c6d-bfae-38811acc3441', '73ff93cc-faa2-4075-9d33-4ce7dc03be47', '7e524792-728c-42b5-985e-f3f6beadd599', '1224.42', '1215.55', '-8.86', '{"asi_a": 1214.2857, "asi_b": 1214.2857, "w_match": 0.5, "is_upset": false, "k_shared": 30.4113, "age_bonus": 0.0, "w_academy": 0.8, "r_adj_loser": 1224.418, "r_adj_winner": 1378.7294, "same_academy": true, "diminishing_signal": false, "actual_score_winner": 1.0, "effective_event_type": "FRIENDLY", "expected_score_winner": 0.7085}', 'ADVANCED', 'ADVANCED', '0.39', '0.41', '50.00', '32.13', '30.41', '0.29', '0.00', '0.00', False, NULL, '2026-05-09 13:22:08.160826+05:30') ON CONFLICT DO NOTHING;
INSERT INTO rating_history ("history_id", "player_id", "match_id", "rating_before", "rating_after", "delta", "delta_breakdown", "tier_before", "tier_after", "cr_before", "cr_after", "k_base", "k_eff", "k_shared", "expected_score", "actual_score", "age_bonus", "is_rollback", "rollback_of_history_id", "created_at") VALUES ('50611372-86ce-4a05-ab42-522674d93bfb', '0b0c2392-049b-42dc-bd25-a9d204f900df', '0d4b6e78-8bfd-426e-a069-9ccb791f1e3f', '1238.31', '1245.50', '7.19', '{"asi_a": 1214.2857, "asi_b": 1214.2857, "w_match": 0.5, "is_upset": false, "k_shared": 34.0538, "age_bonus": 0.0, "w_academy": 0.8, "r_adj_loser": 1009.2755, "r_adj_winner": 1238.307, "same_academy": true, "diminishing_signal": false, "actual_score_winner": 1.0, "effective_event_type": "FRIENDLY", "expected_score_winner": 0.7889}', 'ADVANCED', 'ADVANCED', '0.41', '0.43', '50.00', '31.73', '34.05', '0.79', '1.00', '0.00', False, NULL, '2026-05-09 13:22:08.160826+05:30') ON CONFLICT DO NOTHING;
INSERT INTO rating_history ("history_id", "player_id", "match_id", "rating_before", "rating_after", "delta", "delta_breakdown", "tier_before", "tier_after", "cr_before", "cr_after", "k_base", "k_eff", "k_shared", "expected_score", "actual_score", "age_bonus", "is_rollback", "rollback_of_history_id", "created_at") VALUES ('d36e12c5-ffb2-4acd-8c34-87300055828f', 'eee34108-f08d-4dfc-9cfc-9850603fd1d4', '0d4b6e78-8bfd-426e-a069-9ccb791f1e3f', '1009.28', '1002.09', '-7.19', '{"asi_a": 1214.2857, "asi_b": 1214.2857, "w_match": 0.5, "is_upset": false, "k_shared": 34.0538, "age_bonus": 0.0, "w_academy": 0.8, "r_adj_loser": 1009.2755, "r_adj_winner": 1238.307, "same_academy": true, "diminishing_signal": false, "actual_score_winner": 1.0, "effective_event_type": "FRIENDLY", "expected_score_winner": 0.7889}', 'INTERMEDIATE', 'INTERMEDIATE', '0.18', '0.21', '50.00', '36.37', '34.05', '0.21', '0.00', '0.00', False, NULL, '2026-05-09 13:22:08.160826+05:30') ON CONFLICT DO NOTHING;
INSERT INTO rating_history ("history_id", "player_id", "match_id", "rating_before", "rating_after", "delta", "delta_breakdown", "tier_before", "tier_after", "cr_before", "cr_after", "k_base", "k_eff", "k_shared", "expected_score", "actual_score", "age_bonus", "is_rollback", "rollback_of_history_id", "created_at") VALUES ('ffb48b47-5245-4d9a-b8de-cb9330394fbf', 'fd932c5c-788d-44a7-b5c2-7b80c6192675', 'e480ace5-9ef6-4ccf-befb-d8a71a9bc616', '982.97', '1001.09', '18.12', '{"asi_a": 1214.2857, "asi_b": 1214.2857, "w_match": 0.5, "is_upset": true, "k_shared": 34.4582, "age_bonus": 4.0, "w_academy": 0.8, "r_adj_loser": 1183.0022, "r_adj_winner": 982.9745, "same_academy": true, "diminishing_signal": false, "actual_score_winner": 0.65, "effective_event_type": "FRIENDLY", "expected_score_winner": 0.2402}', 'INTERMEDIATE', 'INTERMEDIATE', '0.18', '0.21', '50.00', '36.37', '34.46', '0.24', '0.65', '4.00', False, NULL, '2026-05-09 13:22:08.160826+05:30') ON CONFLICT DO NOTHING;
INSERT INTO rating_history ("history_id", "player_id", "match_id", "rating_before", "rating_after", "delta", "delta_breakdown", "tier_before", "tier_after", "cr_before", "cr_after", "k_base", "k_eff", "k_shared", "expected_score", "actual_score", "age_bonus", "is_rollback", "rollback_of_history_id", "created_at") VALUES ('cd67599a-048c-411e-b8cd-91ad2cdefca1', 'd451c934-9417-4802-8573-f477dbc2555d', 'e480ace5-9ef6-4ccf-befb-d8a71a9bc616', '1183.00', '1164.88', '-18.12', '{"asi_a": 1214.2857, "asi_b": 1214.2857, "w_match": 0.5, "is_upset": true, "k_shared": 34.4582, "age_bonus": 4.0, "w_academy": 0.8, "r_adj_loser": 1183.0022, "r_adj_winner": 982.9745, "same_academy": true, "diminishing_signal": false, "actual_score_winner": 0.65, "effective_event_type": "FRIENDLY", "expected_score_winner": 0.2402}', 'ADVANCED', 'ADVANCED', '0.37', '0.39', '50.00', '32.54', '34.46', '0.76', '0.35', '4.00', False, NULL, '2026-05-09 13:22:08.160826+05:30') ON CONFLICT DO NOTHING;
INSERT INTO rating_history ("history_id", "player_id", "match_id", "rating_before", "rating_after", "delta", "delta_breakdown", "tier_before", "tier_after", "cr_before", "cr_after", "k_base", "k_eff", "k_shared", "expected_score", "actual_score", "age_bonus", "is_rollback", "rollback_of_history_id", "created_at") VALUES ('9497db85-65d5-4ed4-b985-a67bfc5a9ab9', '0b0c2392-049b-42dc-bd25-a9d204f900df', '5fae4749-01f9-4016-ae6f-4d24f742a121', '1245.50', '1257.75', '12.25', '{"asi_a": 1214.2857, "asi_b": 1214.2857, "w_match": 0.5, "is_upset": false, "k_shared": 31.7394, "age_bonus": 0.0, "w_academy": 0.8, "r_adj_loser": 1164.8821, "r_adj_winner": 1245.4951, "same_academy": true, "diminishing_signal": false, "actual_score_winner": 1.0, "effective_event_type": "FRIENDLY", "expected_score_winner": 0.614}', 'ADVANCED', 'ADVANCED', '0.43', '0.45', '50.00', '31.35', '31.74', '0.61', '1.00', '0.00', False, NULL, '2026-05-09 13:22:08.160826+05:30') ON CONFLICT DO NOTHING;
INSERT INTO rating_history ("history_id", "player_id", "match_id", "rating_before", "rating_after", "delta", "delta_breakdown", "tier_before", "tier_after", "cr_before", "cr_after", "k_base", "k_eff", "k_shared", "expected_score", "actual_score", "age_bonus", "is_rollback", "rollback_of_history_id", "created_at") VALUES ('0ed291c3-5165-42f9-97b2-aff7a20a796c', 'd451c934-9417-4802-8573-f477dbc2555d', '5fae4749-01f9-4016-ae6f-4d24f742a121', '1164.88', '1152.63', '-12.25', '{"asi_a": 1214.2857, "asi_b": 1214.2857, "w_match": 0.5, "is_upset": false, "k_shared": 31.7394, "age_bonus": 0.0, "w_academy": 0.8, "r_adj_loser": 1164.8821, "r_adj_winner": 1245.4951, "same_academy": true, "diminishing_signal": false, "actual_score_winner": 1.0, "effective_event_type": "FRIENDLY", "expected_score_winner": 0.614}', 'ADVANCED', 'ADVANCED', '0.39', '0.41', '50.00', '32.13', '31.74', '0.39', '0.00', '0.00', False, NULL, '2026-05-09 13:22:08.160826+05:30') ON CONFLICT DO NOTHING;
INSERT INTO rating_history ("history_id", "player_id", "match_id", "rating_before", "rating_after", "delta", "delta_breakdown", "tier_before", "tier_after", "cr_before", "cr_after", "k_base", "k_eff", "k_shared", "expected_score", "actual_score", "age_bonus", "is_rollback", "rollback_of_history_id", "created_at") VALUES ('b442cd36-8858-43bd-9c7a-c3bae3b34447', 'fd932c5c-788d-44a7-b5c2-7b80c6192675', '03035999-0928-4d05-94e3-41aabef4ff84', '1001.09', '1008.52', '7.43', '{"asi_a": 1214.2857, "asi_b": 1214.2857, "w_match": 0.5, "is_upset": true, "k_shared": 35.8378, "age_bonus": 2.0, "w_academy": 0.8, "r_adj_loser": 1002.0873, "r_adj_winner": 1001.0947, "same_academy": true, "diminishing_signal": true, "actual_score_winner": 0.65, "effective_event_type": "FRIENDLY", "expected_score_winner": 0.4986}', 'INTERMEDIATE', 'INTERMEDIATE', '0.21', '0.23', '50.00', '35.84', '35.84', '0.50', '0.65', '2.00', False, NULL, '2026-05-09 13:22:08.160826+05:30') ON CONFLICT DO NOTHING;
INSERT INTO rating_history ("history_id", "player_id", "match_id", "rating_before", "rating_after", "delta", "delta_breakdown", "tier_before", "tier_after", "cr_before", "cr_after", "k_base", "k_eff", "k_shared", "expected_score", "actual_score", "age_bonus", "is_rollback", "rollback_of_history_id", "created_at") VALUES ('1aa2316e-2531-4255-ba98-31d10a5c168e', 'eee34108-f08d-4dfc-9cfc-9850603fd1d4', '03035999-0928-4d05-94e3-41aabef4ff84', '1002.09', '994.66', '-7.43', '{"asi_a": 1214.2857, "asi_b": 1214.2857, "w_match": 0.5, "is_upset": true, "k_shared": 35.8378, "age_bonus": 2.0, "w_academy": 0.8, "r_adj_loser": 1002.0873, "r_adj_winner": 1001.0947, "same_academy": true, "diminishing_signal": true, "actual_score_winner": 0.65, "effective_event_type": "FRIENDLY", "expected_score_winner": 0.4986}', 'INTERMEDIATE', 'INTERMEDIATE', '0.21', '0.23', '50.00', '35.84', '35.84', '0.50', '0.35', '2.00', False, NULL, '2026-05-09 13:22:08.160826+05:30') ON CONFLICT DO NOTHING;
INSERT INTO rating_history ("history_id", "player_id", "match_id", "rating_before", "rating_after", "delta", "delta_breakdown", "tier_before", "tier_after", "cr_before", "cr_after", "k_base", "k_eff", "k_shared", "expected_score", "actual_score", "age_bonus", "is_rollback", "rollback_of_history_id", "created_at") VALUES ('9cb62d9a-733d-4241-8a0d-813346d3b5fc', '8d655a59-1da9-4344-b145-1a5b48a57b89', '266ceb76-d085-4e07-948f-ed61a0a05e87', '1483.29', '1478.22', '-5.07', '{"asi_a": 1214.2857, "asi_b": 1214.2857, "w_match": 0.5, "is_upset": false, "k_shared": 29.1952, "age_bonus": 0.0, "w_academy": 0.8, "r_adj_loser": 1215.5542, "r_adj_winner": 1483.2934, "same_academy": true, "diminishing_signal": false, "actual_score_winner": 0.65, "effective_event_type": "FRIENDLY", "expected_score_winner": 0.8236}', 'ELITE', 'ELITE', '0.67', '0.68', '50.00', '26.66', '29.20', '0.82', '0.65', '0.00', False, NULL, '2026-05-09 13:22:08.160826+05:30') ON CONFLICT DO NOTHING;
INSERT INTO rating_history ("history_id", "player_id", "match_id", "rating_before", "rating_after", "delta", "delta_breakdown", "tier_before", "tier_after", "cr_before", "cr_after", "k_base", "k_eff", "k_shared", "expected_score", "actual_score", "age_bonus", "is_rollback", "rollback_of_history_id", "created_at") VALUES ('6191f53a-2cc3-4cf4-82cc-dda4ad8f37df', '73ff93cc-faa2-4075-9d33-4ce7dc03be47', '266ceb76-d085-4e07-948f-ed61a0a05e87', '1215.55', '1220.62', '5.07', '{"asi_a": 1214.2857, "asi_b": 1214.2857, "w_match": 0.5, "is_upset": false, "k_shared": 29.1952, "age_bonus": 0.0, "w_academy": 0.8, "r_adj_loser": 1215.5542, "r_adj_winner": 1483.2934, "same_academy": true, "diminishing_signal": false, "actual_score_winner": 0.65, "effective_event_type": "FRIENDLY", "expected_score_winner": 0.8236}', 'ADVANCED', 'ADVANCED', '0.41', '0.43', '50.00', '31.73', '29.20', '0.18', '0.35', '0.00', False, NULL, '2026-05-09 13:22:08.160826+05:30') ON CONFLICT DO NOTHING;
INSERT INTO rating_history ("history_id", "player_id", "match_id", "rating_before", "rating_after", "delta", "delta_breakdown", "tier_before", "tier_after", "cr_before", "cr_after", "k_base", "k_eff", "k_shared", "expected_score", "actual_score", "age_bonus", "is_rollback", "rollback_of_history_id", "created_at") VALUES ('539ed07b-6ca3-48d0-b23a-5fd855ee1b83', '8d655a59-1da9-4344-b145-1a5b48a57b89', 'bb6b1e1d-81b0-485a-a6b1-9920c1a6b736', '1478.22', '1495.10', '16.88', '{"asi_a": 1214.2843, "asi_b": 1214.2843, "w_match": 1.0, "is_upset": true, "k_shared": 60.0, "age_bonus": 0.0, "w_academy": 1.2, "r_adj_loser": 1500.0, "r_adj_winner": 1478.22, "same_academy": false, "diminishing_signal": false, "actual_score_winner": 0.75, "effective_event_type": "LEAGUE", "expected_score_winner": 0.4687}', 'ELITE', 'ELITE', '0.68', '0.69', '50.00', '60.00', '60.00', '0.47', '0.75', '0.00', False, NULL, '2026-05-10 17:12:19.884638+05:30') ON CONFLICT DO NOTHING;
INSERT INTO rating_history ("history_id", "player_id", "match_id", "rating_before", "rating_after", "delta", "delta_breakdown", "tier_before", "tier_after", "cr_before", "cr_after", "k_base", "k_eff", "k_shared", "expected_score", "actual_score", "age_bonus", "is_rollback", "rollback_of_history_id", "created_at") VALUES ('8b7a5dc1-ccc1-49b6-a6f3-2ce356a44bdc', 'da113ab1-0ea2-4c3b-ae8b-4841635058e0', 'bb6b1e1d-81b0-485a-a6b1-9920c1a6b736', '1500.00', '1483.12', '-16.88', '{"asi_a": 1214.2843, "asi_b": 1214.2843, "w_match": 1.0, "is_upset": true, "k_shared": 60.0, "age_bonus": 0.0, "w_academy": 1.2, "r_adj_loser": 1500.0, "r_adj_winner": 1478.22, "same_academy": false, "diminishing_signal": false, "actual_score_winner": 0.75, "effective_event_type": "LEAGUE", "expected_score_winner": 0.4687}', 'NATIONAL_TRACK', 'ELITE', '0.63', '0.64', '50.00', '60.00', '60.00', '0.53', '0.25', '0.00', False, NULL, '2026-05-10 17:12:19.884638+05:30') ON CONFLICT DO NOTHING;
INSERT INTO rating_history ("history_id", "player_id", "match_id", "rating_before", "rating_after", "delta", "delta_breakdown", "tier_before", "tier_after", "cr_before", "cr_after", "k_base", "k_eff", "k_shared", "expected_score", "actual_score", "age_bonus", "is_rollback", "rollback_of_history_id", "created_at") VALUES ('85a54d6b-1794-4d36-9006-1854ad3a577f', '60545ecc-81a6-4dd2-b5b3-7e9e3d0d3b59', 'fe2c5c6d-2417-49ae-a020-29acf90c302d', '1387.59', '1403.66', '16.07', '{"asi_a": 1214.2843, "asi_b": 1214.2843, "w_match": 1.0, "is_upset": true, "k_shared": 60.0, "age_bonus": 0.0, "w_academy": 1.2, "r_adj_loser": 1400.0, "r_adj_winner": 1387.59, "same_academy": false, "diminishing_signal": false, "actual_score_winner": 0.75, "effective_event_type": "LEAGUE", "expected_score_winner": 0.4821}', 'ELITE', 'ELITE', '0.58', '0.59', '50.00', '60.00', '60.00', '0.48', '0.75', '0.00', False, NULL, '2026-05-10 17:12:19.884638+05:30') ON CONFLICT DO NOTHING;
INSERT INTO rating_history ("history_id", "player_id", "match_id", "rating_before", "rating_after", "delta", "delta_breakdown", "tier_before", "tier_after", "cr_before", "cr_after", "k_base", "k_eff", "k_shared", "expected_score", "actual_score", "age_bonus", "is_rollback", "rollback_of_history_id", "created_at") VALUES ('6acb47b8-e452-427d-a7a5-e6313feb14de', '81fa98d1-112e-43f9-9f24-d64664b0fed5', 'fe2c5c6d-2417-49ae-a020-29acf90c302d', '1400.00', '1383.93', '-16.07', '{"asi_a": 1214.2843, "asi_b": 1214.2843, "w_match": 1.0, "is_upset": true, "k_shared": 60.0, "age_bonus": 0.0, "w_academy": 1.2, "r_adj_loser": 1400.0, "r_adj_winner": 1387.59, "same_academy": false, "diminishing_signal": false, "actual_score_winner": 0.75, "effective_event_type": "LEAGUE", "expected_score_winner": 0.4821}', 'ELITE', 'ELITE', '0.49', '0.50', '50.00', '60.00', '60.00', '0.52', '0.25', '0.00', False, NULL, '2026-05-10 17:12:19.884638+05:30') ON CONFLICT DO NOTHING;
INSERT INTO rating_history ("history_id", "player_id", "match_id", "rating_before", "rating_after", "delta", "delta_breakdown", "tier_before", "tier_after", "cr_before", "cr_after", "k_base", "k_eff", "k_shared", "expected_score", "actual_score", "age_bonus", "is_rollback", "rollback_of_history_id", "created_at") VALUES ('dffc904e-3157-4063-8ad2-0d04bd4ffe3f', '0b0c2392-049b-42dc-bd25-a9d204f900df', '237772bc-e3fa-44f1-931f-299db72d8103', '1257.75', '1303.53', '45.78', '{"asi_a": 1214.2843, "asi_b": 1214.2843, "w_match": 1.0, "is_upset": true, "k_shared": 60.0, "age_bonus": 8.0, "w_academy": 1.2, "r_adj_loser": 1350.0, "r_adj_winner": 1257.75, "same_academy": false, "diminishing_signal": false, "actual_score_winner": 1.0, "effective_event_type": "LEAGUE", "expected_score_winner": 0.3703}', 'ADVANCED', 'ELITE', '0.45', '0.47', '50.00', '60.00', '60.00', '0.37', '1.00', '8.00', False, NULL, '2026-05-10 17:12:19.884638+05:30') ON CONFLICT DO NOTHING;
INSERT INTO rating_history ("history_id", "player_id", "match_id", "rating_before", "rating_after", "delta", "delta_breakdown", "tier_before", "tier_after", "cr_before", "cr_after", "k_base", "k_eff", "k_shared", "expected_score", "actual_score", "age_bonus", "is_rollback", "rollback_of_history_id", "created_at") VALUES ('d0d866fe-0c96-41c6-8ec9-5054822a33c0', '9715b189-16e0-4e36-9a3a-e52979afbc96', '237772bc-e3fa-44f1-931f-299db72d8103', '1350.00', '1304.22', '-45.78', '{"asi_a": 1214.2843, "asi_b": 1214.2843, "w_match": 1.0, "is_upset": true, "k_shared": 60.0, "age_bonus": 8.0, "w_academy": 1.2, "r_adj_loser": 1350.0, "r_adj_winner": 1257.75, "same_academy": false, "diminishing_signal": false, "actual_score_winner": 1.0, "effective_event_type": "LEAGUE", "expected_score_winner": 0.3703}', 'ELITE', 'ELITE', '0.49', '0.50', '50.00', '60.00', '60.00', '0.63', '0.00', '8.00', False, NULL, '2026-05-10 17:12:19.884638+05:30') ON CONFLICT DO NOTHING;
INSERT INTO rating_history ("history_id", "player_id", "match_id", "rating_before", "rating_after", "delta", "delta_breakdown", "tier_before", "tier_after", "cr_before", "cr_after", "k_base", "k_eff", "k_shared", "expected_score", "actual_score", "age_bonus", "is_rollback", "rollback_of_history_id", "created_at") VALUES ('637add49-92d6-464d-9978-4f193cbd7031', '73ff93cc-faa2-4075-9d33-4ce7dc03be47', '4f8eab09-9e35-480f-b65f-54999c6b84a0', '1220.62', '1253.15', '32.53', '{"asi_a": 1214.2843, "asi_b": 1214.2843, "w_match": 1.0, "is_upset": true, "k_shared": 60.0, "age_bonus": 0.0, "w_academy": 1.2, "r_adj_loser": 1250.0, "r_adj_winner": 1220.62, "same_academy": false, "diminishing_signal": false, "actual_score_winner": 1.0, "effective_event_type": "LEAGUE", "expected_score_winner": 0.4578}', 'ADVANCED', 'ADVANCED', '0.43', '0.45', '50.00', '60.00', '60.00', '0.46', '1.00', '0.00', False, NULL, '2026-05-10 17:12:19.884638+05:30') ON CONFLICT DO NOTHING;
INSERT INTO rating_history ("history_id", "player_id", "match_id", "rating_before", "rating_after", "delta", "delta_breakdown", "tier_before", "tier_after", "cr_before", "cr_after", "k_base", "k_eff", "k_shared", "expected_score", "actual_score", "age_bonus", "is_rollback", "rollback_of_history_id", "created_at") VALUES ('fb88ff77-ab52-452e-b48f-8d644911db80', '844eb01e-6ae7-4e02-8750-5cc56bc37517', '4f8eab09-9e35-480f-b65f-54999c6b84a0', '1250.00', '1217.47', '-32.53', '{"asi_a": 1214.2843, "asi_b": 1214.2843, "w_match": 1.0, "is_upset": true, "k_shared": 60.0, "age_bonus": 0.0, "w_academy": 1.2, "r_adj_loser": 1250.0, "r_adj_winner": 1220.62, "same_academy": false, "diminishing_signal": false, "actual_score_winner": 1.0, "effective_event_type": "LEAGUE", "expected_score_winner": 0.4578}', 'ADVANCED', 'ADVANCED', '0.28', '0.31', '50.00', '60.00', '60.00', '0.54', '0.00', '0.00', False, NULL, '2026-05-10 17:12:19.884638+05:30') ON CONFLICT DO NOTHING;
INSERT INTO rating_history ("history_id", "player_id", "match_id", "rating_before", "rating_after", "delta", "delta_breakdown", "tier_before", "tier_after", "cr_before", "cr_after", "k_base", "k_eff", "k_shared", "expected_score", "actual_score", "age_bonus", "is_rollback", "rollback_of_history_id", "created_at") VALUES ('8f7d793d-11bf-4f4c-9754-e5e198cbb4aa', 'e64dd84c-1f5e-4315-805d-aee1927f811a', 'c90d97b8-ec1a-44cd-896a-256cb15951ba', '1200.00', '1225.93', '25.93', '{"asi_a": 1214.2843, "asi_b": 1214.2843, "w_match": 1.0, "is_upset": false, "k_shared": 60.0, "age_bonus": 0.0, "w_academy": 1.2, "r_adj_loser": 1152.63, "r_adj_winner": 1200.0, "same_academy": false, "diminishing_signal": false, "actual_score_winner": 1.0, "effective_event_type": "LEAGUE", "expected_score_winner": 0.5678}', 'ADVANCED', 'ADVANCED', '0.28', '0.31', '50.00', '60.00', '60.00', '0.57', '1.00', '0.00', False, NULL, '2026-05-10 17:12:19.884638+05:30') ON CONFLICT DO NOTHING;
INSERT INTO rating_history ("history_id", "player_id", "match_id", "rating_before", "rating_after", "delta", "delta_breakdown", "tier_before", "tier_after", "cr_before", "cr_after", "k_base", "k_eff", "k_shared", "expected_score", "actual_score", "age_bonus", "is_rollback", "rollback_of_history_id", "created_at") VALUES ('b2e8fafc-31f6-4601-8c4e-8d0f66d516eb', 'd451c934-9417-4802-8573-f477dbc2555d', 'c90d97b8-ec1a-44cd-896a-256cb15951ba', '1152.63', '1126.70', '-25.93', '{"asi_a": 1214.2843, "asi_b": 1214.2843, "w_match": 1.0, "is_upset": false, "k_shared": 60.0, "age_bonus": 0.0, "w_academy": 1.2, "r_adj_loser": 1152.63, "r_adj_winner": 1200.0, "same_academy": false, "diminishing_signal": false, "actual_score_winner": 1.0, "effective_event_type": "LEAGUE", "expected_score_winner": 0.5678}', 'ADVANCED', 'ADVANCED', '0.41', '0.43', '50.00', '60.00', '60.00', '0.43', '0.00', '0.00', False, NULL, '2026-05-10 17:12:19.884638+05:30') ON CONFLICT DO NOTHING;
INSERT INTO rating_history ("history_id", "player_id", "match_id", "rating_before", "rating_after", "delta", "delta_breakdown", "tier_before", "tier_after", "cr_before", "cr_after", "k_base", "k_eff", "k_shared", "expected_score", "actual_score", "age_bonus", "is_rollback", "rollback_of_history_id", "created_at") VALUES ('b14d526b-2880-4333-8150-d7a6b1fb5640', '96fa35f0-597e-4a23-a2fc-3988a76eac04', 'de618a22-1615-439b-baa1-8ab235ecf450', '1150.00', '1153.42', '3.42', '{"asi_a": 1214.2843, "asi_b": 1214.2843, "w_match": 1.0, "is_upset": false, "k_shared": 60.0, "age_bonus": 0.0, "w_academy": 1.2, "r_adj_loser": 1008.52, "r_adj_winner": 1150.0, "same_academy": false, "diminishing_signal": false, "actual_score_winner": 0.75, "effective_event_type": "LEAGUE", "expected_score_winner": 0.6931}', 'ADVANCED', 'ADVANCED', '0.28', '0.31', '50.00', '60.00', '60.00', '0.69', '0.75', '0.00', False, NULL, '2026-05-10 17:12:19.884638+05:30') ON CONFLICT DO NOTHING;
INSERT INTO rating_history ("history_id", "player_id", "match_id", "rating_before", "rating_after", "delta", "delta_breakdown", "tier_before", "tier_after", "cr_before", "cr_after", "k_base", "k_eff", "k_shared", "expected_score", "actual_score", "age_bonus", "is_rollback", "rollback_of_history_id", "created_at") VALUES ('1eebac0f-a45e-4667-8950-592715fea8ce', 'fd932c5c-788d-44a7-b5c2-7b80c6192675', 'de618a22-1615-439b-baa1-8ab235ecf450', '1008.52', '1005.10', '-3.42', '{"asi_a": 1214.2843, "asi_b": 1214.2843, "w_match": 1.0, "is_upset": false, "k_shared": 60.0, "age_bonus": 0.0, "w_academy": 1.2, "r_adj_loser": 1008.52, "r_adj_winner": 1150.0, "same_academy": false, "diminishing_signal": false, "actual_score_winner": 0.75, "effective_event_type": "LEAGUE", "expected_score_winner": 0.6931}', 'INTERMEDIATE', 'INTERMEDIATE', '0.23', '0.26', '50.00', '60.00', '60.00', '0.31', '0.25', '0.00', False, NULL, '2026-05-10 17:12:19.884638+05:30') ON CONFLICT DO NOTHING;
INSERT INTO rating_history ("history_id", "player_id", "match_id", "rating_before", "rating_after", "delta", "delta_breakdown", "tier_before", "tier_after", "cr_before", "cr_after", "k_base", "k_eff", "k_shared", "expected_score", "actual_score", "age_bonus", "is_rollback", "rollback_of_history_id", "created_at") VALUES ('9a009140-bac9-4f8d-8e96-abcd90c96eff', '977aff98-e9d5-496d-b8df-356cdab11f23', 'aaebcf4a-ebc7-488e-b82d-4f90261ab25a', '1050.00', '1075.26', '25.26', '{"asi_a": 1214.2843, "asi_b": 1214.2843, "w_match": 1.0, "is_upset": false, "k_shared": 60.0, "age_bonus": 0.0, "w_academy": 1.2, "r_adj_loser": 994.66, "r_adj_winner": 1050.0, "same_academy": false, "diminishing_signal": false, "actual_score_winner": 1.0, "effective_event_type": "LEAGUE", "expected_score_winner": 0.579}', 'INTERMEDIATE', 'INTERMEDIATE', '0.00', '0.03', '50.00', '60.00', '60.00', '0.58', '1.00', '0.00', False, NULL, '2026-05-10 17:12:19.884638+05:30') ON CONFLICT DO NOTHING;
INSERT INTO rating_history ("history_id", "player_id", "match_id", "rating_before", "rating_after", "delta", "delta_breakdown", "tier_before", "tier_after", "cr_before", "cr_after", "k_base", "k_eff", "k_shared", "expected_score", "actual_score", "age_bonus", "is_rollback", "rollback_of_history_id", "created_at") VALUES ('ec6d3d77-c712-4f60-95de-0fd18376735e', 'eee34108-f08d-4dfc-9cfc-9850603fd1d4', 'aaebcf4a-ebc7-488e-b82d-4f90261ab25a', '994.66', '969.40', '-25.26', '{"asi_a": 1214.2843, "asi_b": 1214.2843, "w_match": 1.0, "is_upset": false, "k_shared": 60.0, "age_bonus": 0.0, "w_academy": 1.2, "r_adj_loser": 994.66, "r_adj_winner": 1050.0, "same_academy": false, "diminishing_signal": false, "actual_score_winner": 1.0, "effective_event_type": "LEAGUE", "expected_score_winner": 0.579}', 'INTERMEDIATE', 'INTERMEDIATE', '0.23', '0.26', '50.00', '60.00', '60.00', '0.42', '0.00', '0.00', False, NULL, '2026-05-10 17:12:19.884638+05:30') ON CONFLICT DO NOTHING;
INSERT INTO rating_history ("history_id", "player_id", "match_id", "rating_before", "rating_after", "delta", "delta_breakdown", "tier_before", "tier_after", "cr_before", "cr_after", "k_base", "k_eff", "k_shared", "expected_score", "actual_score", "age_bonus", "is_rollback", "rollback_of_history_id", "created_at") VALUES ('07e8d8d0-3a2a-438a-8d2b-69e9a19ce928', '8d655a59-1da9-4344-b145-1a5b48a57b89', 'd35c1dcb-699b-426d-812c-60eed768691c', '1495.10', '1509.07', '13.97', '{"asi_a": 1188.2347, "asi_b": 1188.2347, "w_match": 1.0, "is_upset": false, "k_shared": 60.0, "age_bonus": 0.0, "w_academy": 1.2, "r_adj_loser": 1483.12, "r_adj_winner": 1495.1, "same_academy": false, "diminishing_signal": false, "actual_score_winner": 0.75, "effective_event_type": "LEAGUE", "expected_score_winner": 0.5172}', 'ELITE', 'NATIONAL_TRACK', '0.69', '0.70', '50.00', '60.00', '60.00', '0.52', '0.75', '0.00', False, NULL, '2026-05-10 17:13:42.860638+05:30') ON CONFLICT DO NOTHING;
INSERT INTO rating_history ("history_id", "player_id", "match_id", "rating_before", "rating_after", "delta", "delta_breakdown", "tier_before", "tier_after", "cr_before", "cr_after", "k_base", "k_eff", "k_shared", "expected_score", "actual_score", "age_bonus", "is_rollback", "rollback_of_history_id", "created_at") VALUES ('acd71520-60cc-445d-bbe0-46483a6bbd21', 'da113ab1-0ea2-4c3b-ae8b-4841635058e0', 'd35c1dcb-699b-426d-812c-60eed768691c', '1483.12', '1469.15', '-13.97', '{"asi_a": 1188.2347, "asi_b": 1188.2347, "w_match": 1.0, "is_upset": false, "k_shared": 60.0, "age_bonus": 0.0, "w_academy": 1.2, "r_adj_loser": 1483.12, "r_adj_winner": 1495.1, "same_academy": false, "diminishing_signal": false, "actual_score_winner": 0.75, "effective_event_type": "LEAGUE", "expected_score_winner": 0.5172}', 'ELITE', 'ELITE', '0.64', '0.66', '50.00', '60.00', '60.00', '0.48', '0.25', '0.00', False, NULL, '2026-05-10 17:13:42.860638+05:30') ON CONFLICT DO NOTHING;
INSERT INTO rating_history ("history_id", "player_id", "match_id", "rating_before", "rating_after", "delta", "delta_breakdown", "tier_before", "tier_after", "cr_before", "cr_after", "k_base", "k_eff", "k_shared", "expected_score", "actual_score", "age_bonus", "is_rollback", "rollback_of_history_id", "created_at") VALUES ('9a61a8d5-8569-4959-b57c-1f88f704168b', '9715b189-16e0-4e36-9a3a-e52979afbc96', '6bb6099a-c4c8-4a5a-8481-e9d3a7e1c217', '1304.22', '1329.58', '25.36', '{"asi_a": 1188.2347, "asi_b": 1188.2347, "w_match": 1.0, "is_upset": true, "k_shared": 60.0, "age_bonus": 2.0, "w_academy": 1.2, "r_adj_loser": 1403.66, "r_adj_winner": 1304.22, "same_academy": false, "diminishing_signal": false, "actual_score_winner": 0.75, "effective_event_type": "LEAGUE", "expected_score_winner": 0.3607}', 'ELITE', 'ELITE', '0.50', '0.52', '50.00', '60.00', '60.00', '0.36', '0.75', '2.00', False, NULL, '2026-05-10 17:13:42.860638+05:30') ON CONFLICT DO NOTHING;
INSERT INTO rating_history ("history_id", "player_id", "match_id", "rating_before", "rating_after", "delta", "delta_breakdown", "tier_before", "tier_after", "cr_before", "cr_after", "k_base", "k_eff", "k_shared", "expected_score", "actual_score", "age_bonus", "is_rollback", "rollback_of_history_id", "created_at") VALUES ('513e793b-9f57-4473-b788-f5f1969d7b17', '60545ecc-81a6-4dd2-b5b3-7e9e3d0d3b59', '6bb6099a-c4c8-4a5a-8481-e9d3a7e1c217', '1403.66', '1378.30', '-25.36', '{"asi_a": 1188.2347, "asi_b": 1188.2347, "w_match": 1.0, "is_upset": true, "k_shared": 60.0, "age_bonus": 2.0, "w_academy": 1.2, "r_adj_loser": 1403.66, "r_adj_winner": 1304.22, "same_academy": false, "diminishing_signal": false, "actual_score_winner": 0.75, "effective_event_type": "LEAGUE", "expected_score_winner": 0.3607}', 'ELITE', 'ELITE', '0.59', '0.61', '50.00', '60.00', '60.00', '0.64', '0.25', '2.00', False, NULL, '2026-05-10 17:13:42.860638+05:30') ON CONFLICT DO NOTHING;
INSERT INTO rating_history ("history_id", "player_id", "match_id", "rating_before", "rating_after", "delta", "delta_breakdown", "tier_before", "tier_after", "cr_before", "cr_after", "k_base", "k_eff", "k_shared", "expected_score", "actual_score", "age_bonus", "is_rollback", "rollback_of_history_id", "created_at") VALUES ('a576ace0-8473-4127-a537-444ed1a0904e', '0b0c2392-049b-42dc-bd25-a9d204f900df', '70f1c567-de1b-4388-ad5d-8cdd881d12d8', '1303.53', '1311.25', '7.72', '{"asi_a": 1188.2347, "asi_b": 1188.2347, "w_match": 1.0, "is_upset": false, "k_shared": 60.0, "age_bonus": 0.0, "w_academy": 1.2, "r_adj_loser": 1217.47, "r_adj_winner": 1303.53, "same_academy": false, "diminishing_signal": false, "actual_score_winner": 0.75, "effective_event_type": "LEAGUE", "expected_score_winner": 0.6214}', 'ELITE', 'ELITE', '0.47', '0.49', '50.00', '60.00', '60.00', '0.62', '0.75', '0.00', False, NULL, '2026-05-10 17:13:42.860638+05:30') ON CONFLICT DO NOTHING;
INSERT INTO rating_history ("history_id", "player_id", "match_id", "rating_before", "rating_after", "delta", "delta_breakdown", "tier_before", "tier_after", "cr_before", "cr_after", "k_base", "k_eff", "k_shared", "expected_score", "actual_score", "age_bonus", "is_rollback", "rollback_of_history_id", "created_at") VALUES ('812f367b-c241-4369-888a-f52cb2a0db18', '844eb01e-6ae7-4e02-8750-5cc56bc37517', '70f1c567-de1b-4388-ad5d-8cdd881d12d8', '1217.47', '1209.75', '-7.72', '{"asi_a": 1188.2347, "asi_b": 1188.2347, "w_match": 1.0, "is_upset": false, "k_shared": 60.0, "age_bonus": 0.0, "w_academy": 1.2, "r_adj_loser": 1217.47, "r_adj_winner": 1303.53, "same_academy": false, "diminishing_signal": false, "actual_score_winner": 0.75, "effective_event_type": "LEAGUE", "expected_score_winner": 0.6214}', 'ADVANCED', 'ADVANCED', '0.31', '0.33', '50.00', '60.00', '60.00', '0.38', '0.25', '0.00', False, NULL, '2026-05-10 17:13:42.860638+05:30') ON CONFLICT DO NOTHING;
INSERT INTO rating_history ("history_id", "player_id", "match_id", "rating_before", "rating_after", "delta", "delta_breakdown", "tier_before", "tier_after", "cr_before", "cr_after", "k_base", "k_eff", "k_shared", "expected_score", "actual_score", "age_bonus", "is_rollback", "rollback_of_history_id", "created_at") VALUES ('e898e786-da83-49eb-b620-8fc7989b1c21', '73ff93cc-faa2-4075-9d33-4ce7dc03be47', '883fbb7b-e9ef-46ca-8c9f-1b3c09e8ab6e', '1253.15', '1265.80', '12.65', '{"asi_a": 1188.2347, "asi_b": 1188.2347, "w_match": 1.0, "is_upset": false, "k_shared": 60.0, "age_bonus": 0.0, "w_academy": 1.2, "r_adj_loser": 1225.93, "r_adj_winner": 1253.15, "same_academy": false, "diminishing_signal": false, "actual_score_winner": 0.75, "effective_event_type": "LEAGUE", "expected_score_winner": 0.5391}', 'ADVANCED', 'ADVANCED', '0.45', '0.47', '50.00', '60.00', '60.00', '0.54', '0.75', '0.00', False, NULL, '2026-05-10 17:13:42.860638+05:30') ON CONFLICT DO NOTHING;
INSERT INTO rating_history ("history_id", "player_id", "match_id", "rating_before", "rating_after", "delta", "delta_breakdown", "tier_before", "tier_after", "cr_before", "cr_after", "k_base", "k_eff", "k_shared", "expected_score", "actual_score", "age_bonus", "is_rollback", "rollback_of_history_id", "created_at") VALUES ('12536b2c-8c51-4fa3-a2de-dc390238a31b', 'e64dd84c-1f5e-4315-805d-aee1927f811a', '883fbb7b-e9ef-46ca-8c9f-1b3c09e8ab6e', '1225.93', '1213.28', '-12.65', '{"asi_a": 1188.2347, "asi_b": 1188.2347, "w_match": 1.0, "is_upset": false, "k_shared": 60.0, "age_bonus": 0.0, "w_academy": 1.2, "r_adj_loser": 1225.93, "r_adj_winner": 1253.15, "same_academy": false, "diminishing_signal": false, "actual_score_winner": 0.75, "effective_event_type": "LEAGUE", "expected_score_winner": 0.5391}', 'ADVANCED', 'ADVANCED', '0.31', '0.33', '50.00', '60.00', '60.00', '0.46', '0.25', '0.00', False, NULL, '2026-05-10 17:13:42.860638+05:30') ON CONFLICT DO NOTHING;
INSERT INTO rating_history ("history_id", "player_id", "match_id", "rating_before", "rating_after", "delta", "delta_breakdown", "tier_before", "tier_after", "cr_before", "cr_after", "k_base", "k_eff", "k_shared", "expected_score", "actual_score", "age_bonus", "is_rollback", "rollback_of_history_id", "created_at") VALUES ('b2276a27-226c-420a-b1a4-d5ceaa794a01', 'fd932c5c-788d-44a7-b5c2-7b80c6192675', 'ec26c8a1-78a1-4219-b40d-8e36f710c149', '1005.10', '1034.18', '29.08', '{"asi_a": 1188.2347, "asi_b": 1188.2347, "w_match": 1.0, "is_upset": true, "k_shared": 60.0, "age_bonus": 2.0, "w_academy": 1.2, "r_adj_loser": 1153.42, "r_adj_winner": 1005.1, "same_academy": false, "diminishing_signal": false, "actual_score_winner": 0.75, "effective_event_type": "LEAGUE", "expected_score_winner": 0.2986}', 'INTERMEDIATE', 'INTERMEDIATE', '0.26', '0.28', '50.00', '60.00', '60.00', '0.30', '0.75', '2.00', False, NULL, '2026-05-10 17:13:42.860638+05:30') ON CONFLICT DO NOTHING;
INSERT INTO rating_history ("history_id", "player_id", "match_id", "rating_before", "rating_after", "delta", "delta_breakdown", "tier_before", "tier_after", "cr_before", "cr_after", "k_base", "k_eff", "k_shared", "expected_score", "actual_score", "age_bonus", "is_rollback", "rollback_of_history_id", "created_at") VALUES ('861b2e9f-f0cc-41fa-a4c8-290218ea4f99', '96fa35f0-597e-4a23-a2fc-3988a76eac04', 'ec26c8a1-78a1-4219-b40d-8e36f710c149', '1153.42', '1124.34', '-29.08', '{"asi_a": 1188.2347, "asi_b": 1188.2347, "w_match": 1.0, "is_upset": true, "k_shared": 60.0, "age_bonus": 2.0, "w_academy": 1.2, "r_adj_loser": 1153.42, "r_adj_winner": 1005.1, "same_academy": false, "diminishing_signal": false, "actual_score_winner": 0.75, "effective_event_type": "LEAGUE", "expected_score_winner": 0.2986}', 'ADVANCED', 'ADVANCED', '0.31', '0.33', '50.00', '60.00', '60.00', '0.70', '0.25', '2.00', False, NULL, '2026-05-10 17:13:42.860638+05:30') ON CONFLICT DO NOTHING;
INSERT INTO rating_history ("history_id", "player_id", "match_id", "rating_before", "rating_after", "delta", "delta_breakdown", "tier_before", "tier_after", "cr_before", "cr_after", "k_base", "k_eff", "k_shared", "expected_score", "actual_score", "age_bonus", "is_rollback", "rollback_of_history_id", "created_at") VALUES ('c0bb3745-d309-4e34-9d54-868559bdc9f0', 'eee34108-f08d-4dfc-9cfc-9850603fd1d4', '8a829b1d-90a0-4531-ae0a-2a72b42e51c8', '969.40', '993.27', '23.87', '{"asi_a": 1188.2347, "asi_b": 1188.2347, "w_match": 1.0, "is_upset": true, "k_shared": 60.0, "age_bonus": 0.0, "w_academy": 1.2, "r_adj_loser": 1075.26, "r_adj_winner": 969.4, "same_academy": false, "diminishing_signal": false, "actual_score_winner": 0.75, "effective_event_type": "LEAGUE", "expected_score_winner": 0.3522}', 'INTERMEDIATE', 'INTERMEDIATE', '0.26', '0.28', '50.00', '60.00', '60.00', '0.35', '0.75', '0.00', False, NULL, '2026-05-10 17:13:42.860638+05:30') ON CONFLICT DO NOTHING;
INSERT INTO rating_history ("history_id", "player_id", "match_id", "rating_before", "rating_after", "delta", "delta_breakdown", "tier_before", "tier_after", "cr_before", "cr_after", "k_base", "k_eff", "k_shared", "expected_score", "actual_score", "age_bonus", "is_rollback", "rollback_of_history_id", "created_at") VALUES ('84b41369-f650-46cc-9f74-d70bc8462b77', '977aff98-e9d5-496d-b8df-356cdab11f23', '8a829b1d-90a0-4531-ae0a-2a72b42e51c8', '1075.26', '1051.39', '-23.87', '{"asi_a": 1188.2347, "asi_b": 1188.2347, "w_match": 1.0, "is_upset": true, "k_shared": 60.0, "age_bonus": 0.0, "w_academy": 1.2, "r_adj_loser": 1075.26, "r_adj_winner": 969.4, "same_academy": false, "diminishing_signal": false, "actual_score_winner": 0.75, "effective_event_type": "LEAGUE", "expected_score_winner": 0.3522}', 'INTERMEDIATE', 'INTERMEDIATE', '0.03', '0.06', '50.00', '60.00', '60.00', '0.65', '0.25', '0.00', False, NULL, '2026-05-10 17:13:42.860638+05:30') ON CONFLICT DO NOTHING;

-- Re-enabling triggers
ALTER TABLE rating_history ENABLE TRIGGER ALL;
ALTER TABLE match_set_score ENABLE TRIGGER ALL;
ALTER TABLE match ENABLE TRIGGER ALL;
ALTER TABLE fixture_slot ENABLE TRIGGER ALL;
ALTER TABLE event_fixture_slot ENABLE TRIGGER ALL;
ALTER TABLE session ENABLE TRIGGER ALL;
ALTER TABLE event_player_registration ENABLE TRIGGER ALL;
ALTER TABLE event ENABLE TRIGGER ALL;
ALTER TABLE player_status_history ENABLE TRIGGER ALL;
ALTER TABLE player ENABLE TRIGGER ALL;
ALTER TABLE academy_asi_history ENABLE TRIGGER ALL;
ALTER TABLE academy ENABLE TRIGGER ALL;
ALTER TABLE users ENABLE TRIGGER ALL;
ALTER TABLE system_configuration ENABLE TRIGGER ALL;
COMMIT;
